/*******************************************************************************
 * Size: 14 px
 * Bpp: 1
 * Opts: --font msyh_subset.ttf --size 14 --bpp 1 --format lvgl --lv-include lvgl.h --lv-font-name lv_font_cjk_14 --symbols  !"#$%&'()*+,-./0123456789:;<=>?@ABCDEFGHIJKLMNOPQRSTUVWXYZ[\]^_`abcdefghijklmnopqrstuvwxyz{|}~—、。一上下不与专且两个中串为主么义也事于互些亮什仅仍以件优会传但位体余使供依侧便保信修值做停像充先入全六共关其兼内册再写净准出击函分切列则创到制刷刻前功加务动势匹区十半单占即压原发取受另可右各同名后向否含启和响哪唯器回图在地场址均坐域基填声备复大头好如始姿子字存完定实容宽寸对小就尺尾局屏展左已布带帧常幕干并序应底度建开异式引弹强归当录影征志忽态急性总恢息意成截户所手才执扩扫把抖护拦择指按挡换据捷接描提收改放故效数整文斥断新方无早时明是显景更最有服期未本机果某染标校样格框模次正此步段每比汇注活派测浏消深添清渲源滑激灰点热片版特状现生用由画界留略白的盖盘目直省看眼知短码硬确示离称移稳空立符第等签算索累红级纳纵线练绑结给绪维绿缓缘网置能脉自致色落蓝行表要覆规览角触认让训记设识试该读调象赖起越距跟跨路跳身转载较辑输边达过运返这进连述追退适选透通逻道避部都配里重针钮键镜长闭间阈防阻除随隔零需非顶项顺题颜驱验高黄默（），：； -o lv_font_cjk_14.c
 ******************************************************************************/

#ifdef LV_LVGL_H_INCLUDE_SIMPLE
#include "lvgl.h"
#else
#include "lvgl.h"
#endif

#ifndef LV_FONT_CJK_14
#define LV_FONT_CJK_14 1
#endif

#if LV_FONT_CJK_14

/*-----------------
 *    BITMAPS
 *----------------*/

/*Store the image of the glyphs*/
static LV_ATTRIBUTE_LARGE_CONST const uint8_t glyph_bitmap[] = {
    /* U+0020 " " */
    0x0,

    /* U+0021 "!" */
    0xff, 0x60,

    /* U+0022 "\"" */
    0xb6, 0x80,

    /* U+0023 "#" */
    0x12, 0x9, 0x4, 0x8f, 0xf1, 0x41, 0x23, 0xfc,
    0x48, 0x24, 0x14, 0x0,

    /* U+0024 "$" */
    0x20, 0x87, 0xa8, 0xa2, 0x8e, 0x1c, 0x38, 0x92,
    0x4b, 0xf0, 0x82, 0x0,

    /* U+0025 "%" */
    0x70, 0x91, 0x22, 0x24, 0x45, 0x8, 0xe0, 0xeb,
    0x82, 0x88, 0x51, 0x12, 0x26, 0x44, 0x87, 0x0,

    /* U+0026 "&" */
    0x3c, 0x8, 0x41, 0x9, 0x23, 0x23, 0xc4, 0xf8,
    0xb1, 0xa4, 0x1c, 0x81, 0x98, 0xd1, 0xf3, 0x80,

    /* U+0027 "'" */
    0xe0,

    /* U+0028 "(" */
    0x29, 0x69, 0x24, 0x91, 0x26, 0x40,

    /* U+0029 ")" */
    0x89, 0x32, 0x49, 0x25, 0x2d, 0x0,

    /* U+002A "*" */
    0x21, 0x3e, 0xcd, 0x0,

    /* U+002B "+" */
    0x10, 0x20, 0x47, 0xf1, 0x2, 0x4, 0x0,

    /* U+002C "," */
    0x56,

    /* U+002D "-" */
    0xf0,

    /* U+002E "." */
    0xf0,

    /* U+002F "/" */
    0x4, 0x30, 0x86, 0x10, 0x43, 0x8, 0x21, 0x4,
    0x30, 0x80,

    /* U+0030 "0" */
    0x38, 0x8a, 0xc, 0x18, 0x30, 0x60, 0xc1, 0x82,
    0x88, 0xe0,

    /* U+0031 "1" */
    0x3e, 0x92, 0x49, 0x24, 0x80,

    /* U+0032 "2" */
    0x7a, 0x30, 0x41, 0xc, 0x23, 0x18, 0xc2, 0xf,
    0xc0,

    /* U+0033 "3" */
    0x78, 0x8, 0x10, 0x20, 0xc7, 0x1, 0x81, 0x3,
    0xf, 0xe0,

    /* U+0034 "4" */
    0x4, 0xc, 0x1c, 0x14, 0x24, 0x64, 0xc4, 0xff,
    0x4, 0x4, 0x4,

    /* U+0035 "5" */
    0x7d, 0x4, 0x10, 0x78, 0x30, 0x41, 0x6, 0x2f,
    0x0,

    /* U+0036 "6" */
    0x1e, 0xc1, 0x4, 0xb, 0xd8, 0xe0, 0xc1, 0x82,
    0x88, 0xe0,

    /* U+0037 "7" */
    0xfe, 0xc, 0x10, 0x60, 0x83, 0x4, 0x18, 0x30,
    0x40, 0x80,

    /* U+0038 "8" */
    0x38, 0x89, 0x12, 0x23, 0x88, 0xa0, 0xc1, 0x82,
    0x88, 0xe0,

    /* U+0039 "9" */
    0x38, 0x8a, 0xc, 0x18, 0x38, 0xde, 0x81, 0x4,
    0x1b, 0xe0,

    /* U+003A ":" */
    0xf0, 0xf,

    /* U+003B ";" */
    0x6c, 0x0, 0x1a, 0x48,

    /* U+003C "<" */
    0x6, 0x31, 0x86, 0x7, 0x3, 0x81, 0x80,

    /* U+003D "=" */
    0xfe, 0x0, 0x7, 0xf0,

    /* U+003E ">" */
    0xc0, 0xc0, 0x60, 0x31, 0x8c, 0x20, 0x0,

    /* U+003F "?" */
    0x7a, 0x10, 0x43, 0x18, 0xc2, 0x8, 0x0, 0xc3,
    0x0,

    /* U+0040 "@" */
    0xf, 0x83, 0xc, 0x60, 0x24, 0xf1, 0x89, 0x19,
    0x11, 0x91, 0x19, 0x11, 0x93, 0x2c, 0xdc, 0x40,
    0x3, 0x0, 0x1f, 0x80,

    /* U+0041 "A" */
    0xc, 0x3, 0x1, 0xe0, 0x58, 0x12, 0xc, 0xc2,
    0x31, 0xfc, 0x61, 0x90, 0x2c, 0xc,

    /* U+0042 "B" */
    0xfa, 0x38, 0x61, 0x8b, 0xe8, 0xe1, 0x86, 0x3f,
    0x80,

    /* U+0043 "C" */
    0x1f, 0x20, 0x40, 0x80, 0x80, 0x80, 0x80, 0x80,
    0x40, 0x61, 0x1f,

    /* U+0044 "D" */
    0xf8, 0x86, 0x82, 0x81, 0x81, 0x81, 0x81, 0x81,
    0x82, 0x84, 0xf8,

    /* U+0045 "E" */
    0xfc, 0x21, 0x8, 0x7e, 0x10, 0x84, 0x3e,

    /* U+0046 "F" */
    0xfc, 0x21, 0x8, 0x7e, 0x10, 0x84, 0x20,

    /* U+0047 "G" */
    0x1f, 0x90, 0x50, 0x10, 0x8, 0x4, 0x3e, 0x3,
    0x1, 0x40, 0xb0, 0x47, 0xc0,

    /* U+0048 "H" */
    0x81, 0x81, 0x81, 0x81, 0x81, 0xff, 0x81, 0x81,
    0x81, 0x81, 0x81,

    /* U+0049 "I" */
    0xff, 0xe0,

    /* U+004A "J" */
    0x11, 0x11, 0x11, 0x11, 0x13, 0xe0,

    /* U+004B "K" */
    0x85, 0x1a, 0x65, 0x8a, 0x1c, 0x28, 0x58, 0x99,
    0x1a, 0x18,

    /* U+004C "L" */
    0x84, 0x21, 0x8, 0x42, 0x10, 0x84, 0x3e,

    /* U+004D "M" */
    0xc0, 0x78, 0xf, 0x83, 0xd0, 0x5b, 0x1b, 0x22,
    0x66, 0x4c, 0x59, 0x8a, 0x31, 0xc6, 0x10, 0x80,

    /* U+004E "N" */
    0xc1, 0xc1, 0xe1, 0xb1, 0x91, 0x99, 0x89, 0x85,
    0x87, 0x83, 0x83,

    /* U+004F "O" */
    0x1e, 0x18, 0x64, 0xa, 0x1, 0x80, 0x60, 0x18,
    0x6, 0x1, 0x40, 0x98, 0x61, 0xe0,

    /* U+0050 "P" */
    0xfa, 0x38, 0x61, 0x86, 0x2f, 0x20, 0x82, 0x8,
    0x0,

    /* U+0051 "Q" */
    0x1e, 0xc, 0x31, 0x2, 0x40, 0x28, 0x5, 0x0,
    0xa0, 0x14, 0x2, 0x40, 0x8c, 0x30, 0x7e, 0x0,
    0x60, 0x6,

    /* U+0052 "R" */
    0xf9, 0x1a, 0x14, 0x28, 0xde, 0x26, 0x44, 0x8d,
    0xa, 0x18,

    /* U+0053 "S" */
    0x7f, 0x18, 0x20, 0xe0, 0xc1, 0x81, 0x6, 0x1f,
    0x80,

    /* U+0054 "T" */
    0xfe, 0x20, 0x40, 0x81, 0x2, 0x4, 0x8, 0x10,
    0x20, 0x40,

    /* U+0055 "U" */
    0x81, 0x81, 0x81, 0x81, 0x81, 0x81, 0x81, 0x81,
    0x81, 0x42, 0x3c,

    /* U+0056 "V" */
    0xc0, 0xa0, 0xd0, 0x4c, 0x22, 0x31, 0x10, 0xc8,
    0x2c, 0x14, 0xe, 0x3, 0x0,

    /* U+0057 "W" */
    0xc3, 0xd, 0xc, 0x34, 0x38, 0x98, 0xe2, 0x66,
    0x98, 0x92, 0x62, 0x4d, 0xd, 0x14, 0x1c, 0x70,
    0x61, 0xc1, 0x86, 0x0,

    /* U+0058 "X" */
    0x41, 0x31, 0x88, 0x82, 0xc1, 0xc0, 0x60, 0x50,
    0x6c, 0x22, 0x31, 0xb0, 0x60,

    /* U+0059 "Y" */
    0x83, 0x8d, 0x13, 0x62, 0x85, 0x4, 0x8, 0x10,
    0x20, 0x40,

    /* U+005A "Z" */
    0x7f, 0x2, 0x6, 0x4, 0xc, 0x18, 0x10, 0x30,
    0x60, 0x60, 0xff,

    /* U+005B "[" */
    0xf2, 0x49, 0x24, 0x92, 0x4e,

    /* U+005C "\\" */
    0x83, 0x4, 0x10, 0x20, 0x83, 0x4, 0x10, 0x60,
    0x82, 0x4,

    /* U+005D "]" */
    0xe4, 0x92, 0x49, 0x24, 0x9e,

    /* U+005E "^" */
    0x0, 0x60, 0xc3, 0x44, 0x98, 0xa1, 0x0,

    /* U+005F "_" */
    0xfc,

    /* U+0060 "`" */
    0x99, 0x0,

    /* U+0061 "a" */
    0x78, 0x10, 0x4f, 0xc6, 0x18, 0xdd,

    /* U+0062 "b" */
    0x81, 0x2, 0x4, 0xb, 0xd8, 0xa0, 0xc1, 0x83,
    0x7, 0x15, 0xc0,

    /* U+0063 "c" */
    0x3d, 0x18, 0x20, 0x82, 0x4, 0x4f,

    /* U+0064 "d" */
    0x2, 0x4, 0x8, 0x13, 0xa8, 0xe0, 0xc1, 0x83,
    0x5, 0x1b, 0xd0,

    /* U+0065 "e" */
    0x3c, 0x8e, 0xf, 0xf8, 0x10, 0x10, 0x9e,

    /* U+0066 "f" */
    0x3a, 0x10, 0x8f, 0x21, 0x8, 0x42, 0x10, 0x80,

    /* U+0067 "g" */
    0x3a, 0x8e, 0xc, 0x18, 0x30, 0x51, 0xbd, 0x2,
    0x6, 0x17, 0xc0,

    /* U+0068 "h" */
    0x82, 0x8, 0x20, 0xbb, 0x38, 0x61, 0x86, 0x18,
    0x61,

    /* U+0069 "i" */
    0x8f, 0xf0,

    /* U+006A "j" */
    0x10, 0x0, 0x11, 0x11, 0x11, 0x11, 0x11, 0x3e,

    /* U+006B "k" */
    0x82, 0x8, 0x20, 0x8a, 0x6b, 0x38, 0xe2, 0xc9,
    0xa3,

    /* U+006C "l" */
    0xff, 0xf0,

    /* U+006D "m" */
    0xb9, 0xd9, 0xce, 0x10, 0xc2, 0x18, 0x43, 0x8,
    0x61, 0xc, 0x21,

    /* U+006E "n" */
    0xbb, 0x38, 0x61, 0x86, 0x18, 0x61,

    /* U+006F "o" */
    0x38, 0x8a, 0xc, 0x18, 0x30, 0x51, 0x1c,

    /* U+0070 "p" */
    0xbd, 0x8a, 0xc, 0x18, 0x30, 0x71, 0x5c, 0x81,
    0x2, 0x4, 0x0,

    /* U+0071 "q" */
    0x3a, 0x8e, 0xc, 0x18, 0x30, 0x51, 0xbd, 0x2,
    0x4, 0x8, 0x10,

    /* U+0072 "r" */
    0xbc, 0x88, 0x88, 0x88,

    /* U+0073 "s" */
    0x7c, 0x21, 0xc3, 0x84, 0x3e,

    /* U+0074 "t" */
    0x42, 0x3e, 0x84, 0x21, 0x8, 0x41, 0xc0,

    /* U+0075 "u" */
    0x86, 0x18, 0x61, 0x86, 0x1c, 0xdd,

    /* U+0076 "v" */
    0xc2, 0x8d, 0x13, 0x22, 0xc5, 0xe, 0x8,

    /* U+0077 "w" */
    0xc4, 0x68, 0xc9, 0x29, 0x25, 0x26, 0xac, 0x73,
    0xc, 0x61, 0x8c,

    /* U+0078 "x" */
    0x46, 0xc8, 0xa1, 0xc3, 0x85, 0x1b, 0x63,

    /* U+0079 "y" */
    0x87, 0x89, 0x12, 0x66, 0x85, 0xe, 0x18, 0x10,
    0x60, 0x86, 0x0,

    /* U+007A "z" */
    0xfc, 0x21, 0x84, 0x21, 0x84, 0x3f,

    /* U+007B "{" */
    0x29, 0x24, 0xa2, 0x49, 0x22,

    /* U+007C "|" */
    0xff, 0xff,

    /* U+007D "}" */
    0x89, 0x24, 0x8a, 0x49, 0x28,

    /* U+007E "~" */
    0x72, 0x8e,

    /* U+2014 "—" */
    0xff, 0xfe,

    /* U+3001 "、" */
    0xcc, 0x80,

    /* U+3002 "。" */
    0x56, 0xb0,

    /* U+4E00 "一" */
    0xff, 0xfc,

    /* U+4E0A "上" */
    0x2, 0x0, 0x10, 0x0, 0x80, 0x4, 0x0, 0x20,
    0x1, 0xfc, 0x8, 0x0, 0x40, 0x2, 0x0, 0x10,
    0x0, 0x80, 0x4, 0xf, 0xff, 0x80,

    /* U+4E0B "下" */
    0xff, 0xf8, 0x30, 0x1, 0x80, 0xe, 0x0, 0x78,
    0x3, 0x30, 0x18, 0xc0, 0xc0, 0x6, 0x0, 0x30,
    0x1, 0x80, 0xc, 0x0,

    /* U+4E0D "不" */
    0xff, 0xf8, 0x18, 0x0, 0x80, 0xc, 0x0, 0xe8,
    0xd, 0x60, 0xc8, 0xdc, 0x43, 0x82, 0x0, 0x10,
    0x0, 0x80, 0x4, 0x0,

    /* U+4E0E "与" */
    0x10, 0x1, 0x80, 0xc, 0x0, 0x7f, 0xf2, 0x0,
    0x10, 0x0, 0xff, 0xc0, 0x2, 0x0, 0x17, 0xfe,
    0x80, 0x4, 0x0, 0x20, 0x3, 0x1, 0xf0,

    /* U+4E13 "专" */
    0x4, 0x0, 0x20, 0x1f, 0xfc, 0x10, 0x0, 0x80,
    0x7f, 0xfc, 0x40, 0x2, 0x0, 0x1f, 0xe0, 0x3,
    0x6, 0x30, 0x1f, 0x0, 0x38, 0x0, 0x40,

    /* U+4E14 "且" */
    0x3f, 0xf0, 0x80, 0x42, 0x1, 0x8, 0x4, 0x3f,
    0xf0, 0x80, 0x42, 0x1, 0xf, 0xfc, 0x20, 0x10,
    0x80, 0x42, 0x1, 0x3f, 0xff,

    /* U+4E24 "两" */
    0xff, 0xf8, 0x44, 0x2, 0x20, 0xff, 0xe4, 0x89,
    0x24, 0x49, 0x22, 0x4b, 0xba, 0x51, 0x53, 0x91,
    0x98, 0x84, 0x80, 0x24, 0x7, 0x0,

    /* U+4E2A "个" */
    0x2, 0x0, 0x38, 0x3, 0x40, 0x31, 0x3, 0x6,
    0x31, 0x1e, 0x8, 0x20, 0x40, 0x2, 0x0, 0x10,
    0x0, 0x80, 0x4, 0x0, 0x20, 0x0,

    /* U+4E2D "中" */
    0x4, 0x0, 0x40, 0x4, 0xf, 0xff, 0x84, 0x18,
    0x41, 0x84, 0x18, 0x41, 0xff, 0xf0, 0x40, 0x4,
    0x0, 0x40, 0x4, 0x0, 0x40,

    /* U+4E32 "串" */
    0x4, 0x0, 0x40, 0x7f, 0xe4, 0x42, 0x44, 0x27,
    0xfe, 0x4, 0xf, 0xff, 0x84, 0x18, 0x41, 0xff,
    0xf8, 0x41, 0x4, 0x0, 0x40,

    /* U+4E3A "为" */
    0x44, 0x6, 0x40, 0x34, 0x0, 0x40, 0xff, 0xf0,
    0x41, 0x8, 0x10, 0xa1, 0x9, 0x91, 0x8d, 0x10,
    0x12, 0x1, 0x60, 0x3c, 0x3e, 0x0, 0x0,

    /* U+4E3B "主" */
    0x0, 0x0, 0x10, 0x0, 0x80, 0xff, 0xe0, 0x20,
    0x1, 0x0, 0x8, 0xf, 0xfe, 0x2, 0x0, 0x10,
    0x0, 0x80, 0x4, 0xf, 0xff, 0x80,

    /* U+4E48 "么" */
    0x2, 0x0, 0x18, 0x0, 0x44, 0x2, 0x10, 0x18,
    0x80, 0xc6, 0x6, 0x30, 0x10, 0x88, 0x4, 0x20,
    0x20, 0xc1, 0x1, 0x8f, 0xfe, 0x0, 0x8,

    /* U+4E49 "义" */
    0x2, 0x0, 0x8, 0x42, 0x33, 0x4, 0x48, 0x10,
    0x20, 0x61, 0x80, 0x84, 0x3, 0x30, 0x4, 0x80,
    0xc, 0x0, 0x78, 0x3, 0x38, 0x70, 0x3d, 0x0,
    0x20,

    /* U+4E5F "也" */
    0x2, 0x0, 0x8, 0x2, 0x20, 0x8, 0xfc, 0x7e,
    0x13, 0x88, 0x42, 0x21, 0x8, 0x84, 0x22, 0xf0,
    0x88, 0x32, 0x0, 0x88, 0x2, 0x3f, 0xf8,

    /* U+4E8B "事" */
    0x2, 0x7, 0xff, 0xc0, 0x80, 0x7f, 0xc2, 0x22,
    0x1f, 0xf0, 0x8, 0xf, 0xfe, 0x2, 0x17, 0xff,
    0xdf, 0xfc, 0x4, 0x20, 0x20, 0x7, 0x0,

    /* U+4E8E "于" */
    0x7f, 0xf0, 0x10, 0x0, 0x80, 0x4, 0x0, 0x20,
    0x7f, 0xfc, 0x8, 0x0, 0x40, 0x2, 0x0, 0x10,
    0x0, 0x80, 0x4, 0x1, 0xe0, 0x0,

    /* U+4E92 "互" */
    0xff, 0xf1, 0x80, 0xc, 0x0, 0x7f, 0xc2, 0x2,
    0x10, 0x10, 0xff, 0x80, 0xc, 0x0, 0x60, 0x2,
    0x3f, 0xfe,

    /* U+4E9B "些" */
    0x11, 0x2, 0x88, 0x14, 0x4c, 0xbe, 0xc5, 0x18,
    0x28, 0x85, 0x7c, 0x3c, 0x1e, 0x0, 0x3, 0xff,
    0x0, 0x0, 0x0, 0xf, 0xff, 0x80,

    /* U+4EAE "亮" */
    0x2, 0x7, 0xff, 0xc0, 0x0, 0x7f, 0xc3, 0xfe,
    0x10, 0x13, 0xff, 0xf0, 0x1, 0x1f, 0x80, 0x84,
    0x44, 0x22, 0x61, 0x1e, 0x7, 0x80,

    /* U+4EC0 "什" */
    0x10, 0x80, 0x84, 0x8, 0x20, 0x41, 0x6, 0x8,
    0x37, 0xfe, 0x82, 0x14, 0x10, 0x20, 0x81, 0x4,
    0x8, 0x20, 0x41, 0x2, 0x8, 0x10, 0x40,

    /* U+4EC5 "仅" */
    0x18, 0x0, 0x5f, 0xe3, 0x20, 0x88, 0x82, 0x62,
    0x19, 0x88, 0x4e, 0x11, 0x28, 0x48, 0x21, 0xe0,
    0x83, 0x2, 0xc, 0x8, 0xec, 0x26, 0x18, 0xb0,
    0x20,

    /* U+4ECD "仍" */
    0x10, 0x0, 0xbf, 0x8c, 0x84, 0x46, 0x42, 0x22,
    0x31, 0x11, 0x89, 0xf4, 0x41, 0xa2, 0x9, 0x10,
    0x48, 0x82, 0x48, 0x12, 0xc0, 0x94, 0x38,

    /* U+4EE5 "以" */
    0x0, 0x2, 0x21, 0x11, 0x88, 0x84, 0x44, 0x2,
    0x20, 0x11, 0x0, 0x88, 0xc, 0x40, 0x42, 0x62,
    0x1e, 0x28, 0xc3, 0x24, 0x60, 0x82, 0x0,

    /* U+4EF6 "件" */
    0x10, 0x40, 0x49, 0x3, 0x24, 0x9, 0x90, 0x67,
    0xfd, 0x91, 0xe, 0x84, 0x28, 0x10, 0x2f, 0xfc,
    0x81, 0x2, 0x4, 0x8, 0x10, 0x20, 0x40, 0x81,
    0x0,

    /* U+4F18 "优" */
    0x19, 0x20, 0x44, 0xc3, 0x10, 0x88, 0x40, 0x2f,
    0xfd, 0x85, 0xe, 0x14, 0x28, 0x50, 0x23, 0x40,
    0x89, 0x12, 0x64, 0x49, 0x11, 0x3c, 0x78, 0xa0,
    0x0,

    /* U+4F1A "会" */
    0x1, 0x0, 0x5, 0x0, 0x13, 0x0, 0x43, 0x3,
    0x1, 0x9d, 0xfd, 0x80, 0x0, 0x0, 0x0, 0x7f,
    0xfc, 0xc, 0x0, 0x11, 0x0, 0x41, 0x83, 0xff,
    0x0, 0x1, 0x0,

    /* U+4F20 "传" */
    0x10, 0x80, 0x46, 0x2, 0x7f, 0x88, 0x40, 0x61,
    0x1, 0xbf, 0xfe, 0x20, 0x28, 0x80, 0x23, 0xf8,
    0x80, 0x62, 0x63, 0x8, 0x78, 0x20, 0xc0, 0x80,
    0x80,

    /* U+4F46 "但" */
    0x10, 0x0, 0x5f, 0xe1, 0x40, 0x89, 0x2, 0x24,
    0x9, 0x9f, 0xee, 0x40, 0xa9, 0x2, 0x24, 0x8,
    0x9f, 0xe2, 0x0, 0x8, 0x0, 0x2f, 0xfc, 0x80,
    0x0,

    /* U+4F4D "位" */
    0x0, 0x0, 0x84, 0xc, 0x20, 0x5f, 0xf2, 0x0,
    0x32, 0xb, 0x90, 0x54, 0x44, 0x22, 0x21, 0x11,
    0x8, 0xd0, 0x40, 0x82, 0xff, 0x90, 0x0,

    /* U+4F53 "体" */
    0x10, 0x80, 0x42, 0x2, 0x8, 0xb, 0xfe, 0x21,
    0xc1, 0x8f, 0xe, 0x2a, 0x28, 0xa8, 0x24, 0x90,
    0xb2, 0x63, 0xbe, 0xc8, 0x20, 0x20, 0x80, 0x82,
    0x0,

    /* U+4F59 "余" */
    0x1, 0x0, 0x7, 0x0, 0x1b, 0x0, 0x63, 0x3,
    0x83, 0x8d, 0xfd, 0xd0, 0x40, 0x0, 0x80, 0x7f,
    0xfc, 0x2, 0x0, 0x64, 0xc1, 0x88, 0xc6, 0x10,
    0xc1, 0xe0, 0x0,

    /* U+4F7F "使" */
    0x10, 0x80, 0x42, 0x3, 0xff, 0xc8, 0x20, 0x20,
    0x81, 0x9f, 0xee, 0x48, 0x89, 0xfe, 0x20, 0x88,
    0x92, 0x2, 0x30, 0x8, 0x40, 0x22, 0xe0, 0xb0,
    0x60,

    /* U+4F9B "供" */
    0x12, 0x20, 0x91, 0x8, 0x88, 0x5f, 0xf6, 0x22,
    0x31, 0x13, 0x88, 0x94, 0x44, 0x2f, 0xf9, 0x0,
    0x8, 0x88, 0x4c, 0x62, 0xc1, 0x94, 0x4,

    /* U+4F9D "依" */
    0x10, 0x80, 0x42, 0x2, 0xff, 0xc8, 0x20, 0x61,
    0x81, 0x8e, 0x6a, 0x67, 0xb, 0x98, 0x3a, 0x20,
    0x88, 0xc2, 0x2d, 0x88, 0xe3, 0x22, 0x0,

    /* U+4FA7 "侧" */
    0x10, 0x4, 0x7e, 0x12, 0x8a, 0x4a, 0xa9, 0x2a,
    0xa5, 0xaa, 0x96, 0xaa, 0x4a, 0xa9, 0x2a, 0xa4,
    0xaa, 0x92, 0x32, 0x49, 0x41, 0x28, 0x84, 0xa0,
    0xf0,

    /* U+4FBF "便" */
    0x10, 0x0, 0x5f, 0xf1, 0x4, 0x9, 0xfe, 0x24,
    0x49, 0x9f, 0xe6, 0x44, 0xa9, 0x12, 0x27, 0xf8,
    0x99, 0x2, 0x38, 0x8, 0x60, 0x27, 0x7c, 0xb0,
    0x30,

    /* U+4FDD "保" */
    0x10, 0x0, 0x5f, 0xe3, 0x40, 0x89, 0x2, 0x24,
    0x9, 0x9f, 0xee, 0x8, 0xb, 0xff, 0x21, 0xc0,
    0x8a, 0x82, 0x69, 0xb, 0x23, 0x28, 0x84, 0x82,
    0x0,

    /* U+4FE1 "信" */
    0x10, 0x80, 0x43, 0x2, 0xff, 0xc8, 0x0, 0x27,
    0xf9, 0x80, 0x6, 0x0, 0x29, 0xfe, 0x20, 0x0,
    0x9f, 0xe2, 0x40, 0x89, 0x2, 0x27, 0xf8, 0x90,
    0x20,

    /* U+4FEE "修" */
    0x11, 0x80, 0x87, 0xe2, 0xb1, 0xb, 0xa8, 0x68,
    0x61, 0xae, 0xfa, 0x86, 0xa, 0x64, 0x2a, 0x60,
    0xa7, 0x22, 0x23, 0x8, 0x30, 0x27, 0x0,

    /* U+503C "值" */
    0x18, 0x40, 0x41, 0x3, 0x7f, 0xc8, 0x10, 0x23,
    0xf9, 0x88, 0x26, 0x3f, 0xa8, 0x82, 0x23, 0xf8,
    0x88, 0x22, 0x3f, 0x88, 0x82, 0x22, 0x8, 0xbf,
    0xf0,

    /* U+505A "做" */
    0x14, 0x20, 0x50, 0x82, 0x46, 0xf, 0xff, 0x64,
    0x49, 0x93, 0x26, 0x4c, 0xab, 0xf2, 0x29, 0x30,
    0xa4, 0xc2, 0x93, 0xb, 0xcc, 0x28, 0x48, 0x82,
    0x0,

    /* U+505C "停" */
    0x10, 0x80, 0xff, 0xc8, 0x0, 0x4f, 0xe6, 0x41,
    0x33, 0xfb, 0x80, 0x15, 0xff, 0x28, 0x9, 0x3f,
    0x88, 0x20, 0x41, 0x2, 0x8, 0x11, 0xc0,

    /* U+50CF "像" */
    0x11, 0x0, 0x4f, 0x83, 0x44, 0xb, 0xfe, 0x24,
    0x89, 0x92, 0x2e, 0x3f, 0x88, 0xa6, 0x2d, 0xb0,
    0x89, 0x42, 0xdd, 0x8, 0xd2, 0x2c, 0x4c, 0xa6,
    0x0,

    /* U+5145 "充" */
    0x2, 0x0, 0x10, 0x3f, 0xfe, 0x18, 0x1, 0x8c,
    0x18, 0x31, 0xff, 0xc9, 0x12, 0x8, 0x80, 0x44,
    0x6, 0x22, 0x21, 0x16, 0x8, 0xe0, 0x78,

    /* U+5148 "先" */
    0x2, 0x1, 0x90, 0x8, 0x80, 0x7f, 0xe4, 0x20,
    0x21, 0x0, 0x8, 0x1f, 0xff, 0x9, 0x80, 0x4c,
    0x6, 0x62, 0x23, 0x16, 0x8, 0xe0, 0x7c,

    /* U+5165 "入" */
    0xc, 0x0, 0x18, 0x0, 0x20, 0x0, 0xc0, 0x3,
    0x0, 0x12, 0x0, 0x48, 0x2, 0x10, 0x18, 0x60,
    0x40, 0x86, 0x1, 0xb0, 0x3,

    /* U+5168 "全" */
    0x3, 0x0, 0x1c, 0x0, 0x48, 0x2, 0x10, 0x30,
    0x31, 0x80, 0x65, 0xfe, 0x80, 0xc0, 0x3, 0x0,
    0xff, 0xc0, 0x30, 0x0, 0xc0, 0x7f, 0xf8,

    /* U+516D "六" */
    0x6, 0x0, 0x10, 0x0, 0x81, 0xff, 0xf0, 0x0,
    0x0, 0x0, 0x22, 0x2, 0x18, 0x30, 0x61, 0x1,
    0x10, 0xd, 0x80, 0x30, 0x0, 0x0,

    /* U+5171 "共" */
    0x10, 0xc0, 0x86, 0x4, 0x30, 0xff, 0xe1, 0xc,
    0x8, 0x60, 0x43, 0x2, 0x18, 0xff, 0xf8, 0x0,
    0x6, 0x20, 0x60, 0xcc, 0x3, 0x0, 0x0,

    /* U+5173 "关" */
    0x0, 0x40, 0x86, 0x2, 0x20, 0xff, 0xe0, 0x20,
    0x1, 0x0, 0x8, 0x1f, 0xff, 0x6, 0x0, 0x28,
    0x3, 0x60, 0x31, 0x87, 0x3, 0xe0, 0xc,

    /* U+5176 "其" */
    0x20, 0x21, 0x1, 0x3f, 0xfe, 0x40, 0x42, 0x2,
    0x1f, 0xf0, 0x80, 0x87, 0xfc, 0x20, 0x27, 0xff,
    0xc2, 0x20, 0x70, 0xce, 0x1, 0x80,

    /* U+517C "兼" */
    0x0, 0x80, 0x84, 0x3f, 0xfe, 0x12, 0xf, 0xfe,
    0x4, 0x93, 0xff, 0xe1, 0x24, 0xff, 0xe0, 0xcd,
    0xa, 0x70, 0x92, 0xc8, 0x91, 0x84, 0x80,

    /* U+5185 "内" */
    0x4, 0x0, 0x80, 0x10, 0x7f, 0xf8, 0x43, 0x8,
    0x61, 0xc, 0x51, 0x99, 0x36, 0x17, 0x80, 0xc0,
    0x18, 0x3, 0x3, 0xc0,

    /* U+518C "册" */
    0x7d, 0xf2, 0x28, 0x91, 0x44, 0x8a, 0x24, 0x51,
    0x7f, 0xfd, 0x14, 0x48, 0xa2, 0x45, 0x12, 0x28,
    0x91, 0x45, 0xb6, 0x28, 0x26, 0x0,

    /* U+518D "再" */
    0xff, 0xf8, 0x10, 0x0, 0x80, 0x7f, 0xc2, 0x22,
    0x1f, 0xf0, 0x88, 0x84, 0x44, 0xff, 0xf9, 0x1,
    0x8, 0x8, 0x40, 0x42, 0xe, 0x0,

    /* U+5199 "写" */
    0x7f, 0xfa, 0x80, 0x54, 0x2, 0x3f, 0xe3, 0x0,
    0x10, 0x0, 0xff, 0xc0, 0x2, 0x0, 0x17, 0xfe,
    0x80, 0x4, 0x0, 0x20, 0x1e, 0x0,

    /* U+51C0 "净" */
    0x6, 0x4, 0x7e, 0x16, 0x30, 0x3f, 0xe0, 0x11,
    0x0, 0x89, 0x7f, 0xe8, 0x22, 0x5f, 0xf4, 0x8,
    0x20, 0x41, 0x2, 0x0, 0xf0, 0x0,

    /* U+51C6 "准" */
    0x2, 0x42, 0x32, 0x19, 0xfe, 0x58, 0x80, 0xc4,
    0xb, 0xfc, 0x91, 0x4, 0x88, 0x27, 0xfa, 0x22,
    0x11, 0x11, 0x8f, 0xf0, 0x40, 0x0,

    /* U+51FA "出" */
    0x4, 0x0, 0x82, 0x10, 0xc2, 0x18, 0x43, 0x8,
    0x7f, 0xf8, 0x20, 0x4, 0x10, 0x86, 0x10, 0xc2,
    0x1f, 0xfe, 0x0, 0x40,

    /* U+51FB "击" */
    0x2, 0x0, 0x10, 0x0, 0x80, 0xff, 0xe0, 0x20,
    0x1, 0x3, 0xff, 0xe0, 0x40, 0x2, 0x2, 0x10,
    0x90, 0x84, 0x84, 0x27, 0xff, 0x0, 0x8,

    /* U+51FD "函" */
    0x7f, 0xe0, 0xc, 0x1, 0x8a, 0x25, 0x9a, 0xd8,
    0x21, 0x8f, 0x9b, 0x2d, 0x82, 0x19, 0xe1, 0x80,
    0x1f, 0xff, 0x0, 0x10,

    /* U+5206 "分" */
    0x4, 0x80, 0x23, 0x1, 0x84, 0x4, 0x8, 0x60,
    0x1b, 0x0, 0x33, 0xfe, 0x1, 0x8, 0x4, 0x20,
    0x20, 0x80, 0x82, 0x6, 0x8, 0x30, 0x61, 0x8f,
    0x0,

    /* U+5207 "切" */
    0x20, 0x1, 0x3f, 0xc8, 0x42, 0x42, 0x1f, 0xd0,
    0xd0, 0x84, 0x84, 0x24, 0x21, 0x21, 0x9, 0x78,
    0x4e, 0xc2, 0x64, 0x12, 0x61, 0x86, 0x78,

    /* U+5217 "列" */
    0x0, 0x1f, 0xf1, 0x10, 0x93, 0x9, 0x3e, 0x96,
    0x29, 0x42, 0x9b, 0x69, 0x9c, 0x90, 0xc9, 0x18,
    0x13, 0x1, 0x60, 0x1c, 0x7,

    /* U+5219 "则" */
    0x0, 0xb, 0xf0, 0x50, 0x92, 0x94, 0x94, 0xa4,
    0xa5, 0x25, 0x29, 0x29, 0x49, 0x4a, 0x4a, 0x52,
    0x47, 0x2, 0x2c, 0x16, 0x20, 0xe0, 0x3c,

    /* U+521B "创" */
    0xc, 0x8, 0x70, 0x46, 0x92, 0x62, 0x96, 0x4,
    0xbf, 0xa4, 0x85, 0x24, 0x29, 0x21, 0x49, 0x72,
    0x48, 0x22, 0x42, 0x12, 0x10, 0x9f, 0xbc,

    /* U+5230 "到" */
    0x0, 0xf, 0xf8, 0x4c, 0x12, 0x48, 0x94, 0x24,
    0xff, 0xa4, 0x41, 0x22, 0x9, 0xff, 0x48, 0x82,
    0x44, 0x2, 0x2e, 0x1f, 0xe0, 0xc0, 0x3c,

    /* U+5236 "制" */
    0x8, 0x9, 0x40, 0x52, 0x1a, 0xfe, 0xdc, 0x86,
    0xff, 0xf4, 0x21, 0xa1, 0xd, 0x7f, 0x6a, 0x4b,
    0x52, 0x42, 0x92, 0x14, 0xb0, 0x84, 0x1c,

    /* U+5237 "刷" */
    0x0, 0xb, 0xf8, 0x50, 0x52, 0x82, 0x97, 0xf4,
    0xa0, 0x25, 0x7d, 0x2a, 0xa9, 0x55, 0x4a, 0xaa,
    0x55, 0x43, 0x2e, 0x18, 0x40, 0xc2, 0x3c,

    /* U+523B "刻" */
    0x10, 0x10, 0x81, 0xff, 0x52, 0x5, 0x24, 0x54,
    0x45, 0x7b, 0x51, 0x25, 0x34, 0x5c, 0x45, 0x8c,
    0x11, 0x21, 0x23, 0x1c, 0x17,

    /* U+524D "前" */
    0x18, 0x40, 0x44, 0x3f, 0xfe, 0x0, 0x0, 0x0,
    0x3f, 0x49, 0xa, 0x4f, 0xd2, 0x42, 0x93, 0xf4,
    0x90, 0xa4, 0x84, 0x24, 0x21, 0x26, 0x38,

    /* U+529F "功" */
    0x1, 0x0, 0x10, 0xf9, 0x2, 0x7f, 0x21, 0x12,
    0x11, 0x21, 0x12, 0x11, 0x21, 0x13, 0xa1, 0xf2,
    0x18, 0x61, 0xc, 0x11, 0x8f,

    /* U+52A0 "加" */
    0x20, 0x1, 0x0, 0x8, 0x3f, 0xf9, 0x12, 0x48,
    0x92, 0x44, 0x92, 0x24, 0x91, 0x24, 0x89, 0x24,
    0x51, 0x22, 0x89, 0xfc, 0x48, 0xcc, 0x44,

    /* U+52A1 "务" */
    0x8, 0x0, 0x7f, 0xc3, 0x83, 0x19, 0x18, 0x43,
    0x81, 0xfb, 0xc0, 0x20, 0x8f, 0xfc, 0x4, 0x10,
    0x10, 0x40, 0x81, 0x6, 0x4, 0x61, 0xe0,

    /* U+52A8 "动" */
    0x0, 0x80, 0x4, 0x1f, 0x20, 0x7, 0xf0, 0x8,
    0xff, 0x44, 0x82, 0x24, 0x11, 0x28, 0x8a, 0x64,
    0x51, 0x43, 0xfa, 0x18, 0x30, 0x83, 0x38,

    /* U+52BF "势" */
    0x21, 0x1, 0x8, 0x3e, 0xf8, 0x42, 0x43, 0xf2,
    0x71, 0x94, 0x9a, 0xbd, 0x87, 0x4, 0x7, 0xff,
    0x81, 0xc, 0x10, 0x41, 0x2, 0x71, 0xf0,

    /* U+5339 "匹" */
    0xff, 0xf8, 0x90, 0x89, 0x8, 0x90, 0x89, 0x8,
    0x91, 0x99, 0x19, 0x13, 0xa1, 0xe8, 0x0, 0x80,
    0xf, 0xff,

    /* U+533A "区" */
    0xff, 0xf8, 0x0, 0xb0, 0xc9, 0x88, 0x8d, 0x8,
    0x70, 0x87, 0x8, 0xd8, 0x98, 0xcb, 0x6, 0x80,
    0xf, 0xff,

    /* U+5341 "十" */
    0x2, 0x0, 0x10, 0x0, 0x80, 0x4, 0x0, 0x20,
    0x1, 0x3, 0xff, 0xe0, 0x40, 0x2, 0x0, 0x10,
    0x0, 0x80, 0x4, 0x0, 0x20, 0x1, 0x0,

    /* U+534A "半" */
    0x2, 0x2, 0x11, 0x88, 0x88, 0x24, 0x80, 0x20,
    0x3f, 0xf8, 0x8, 0x0, 0x40, 0x2, 0x7, 0xff,
    0xc0, 0x80, 0x4, 0x0, 0x20, 0x1, 0x0,

    /* U+5355 "单" */
    0x10, 0x40, 0x44, 0x1f, 0xfc, 0x84, 0x24, 0x21,
    0x3f, 0xf9, 0x8, 0x4f, 0xfe, 0x42, 0x10, 0x10,
    0x3f, 0xfe, 0x4, 0x0, 0x20, 0x1, 0x0,

    /* U+5360 "占" */
    0x8, 0x1, 0x0, 0x20, 0x7, 0xf0, 0x80, 0x10,
    0x2, 0x7, 0xfe, 0x80, 0x50, 0xa, 0x1, 0x40,
    0x2f, 0xfd, 0x0, 0x80,

    /* U+5373 "即" */
    0xf9, 0xf8, 0x91, 0x89, 0x1f, 0x91, 0x89, 0x18,
    0x91, 0xf9, 0x19, 0x11, 0x99, 0x1b, 0x9f, 0xe5,
    0x8, 0x10, 0x1, 0x0,

    /* U+538B "压" */
    0x3f, 0xfc, 0x80, 0x2, 0x8, 0x8, 0x20, 0x20,
    0x80, 0xbf, 0xe2, 0x8, 0x8, 0x28, 0x20, 0x90,
    0x82, 0x24, 0x8, 0x17, 0xff, 0x0, 0x0,

    /* U+539F "原" */
    0x3f, 0xfc, 0x84, 0x2, 0x10, 0x9, 0xfe, 0x24,
    0x8, 0x9f, 0xe2, 0x40, 0x89, 0xfe, 0x24, 0x88,
    0x9a, 0xc4, 0x49, 0x92, 0x23, 0x53, 0x84,

    /* U+53D1 "发" */
    0x22, 0x40, 0x98, 0xc4, 0x41, 0x1f, 0xff, 0x4,
    0x0, 0x30, 0x0, 0xff, 0x3, 0x4, 0x12, 0x30,
    0xcd, 0x82, 0x1c, 0x18, 0xf8, 0x5e, 0x3c, 0x40,
    0x0,

    /* U+53D6 "取" */
    0xff, 0xf9, 0x16, 0x24, 0x48, 0x9f, 0x22, 0x44,
    0x91, 0x12, 0x47, 0xcd, 0x11, 0x18, 0x44, 0x61,
    0xfd, 0x8c, 0x4d, 0x1, 0x62, 0x6, 0x0,

    /* U+53D7 "受" */
    0x7f, 0xe0, 0x22, 0x9, 0x10, 0x41, 0xf, 0xff,
    0x40, 0xa, 0xff, 0x42, 0x18, 0x19, 0x80, 0x78,
    0x3, 0xc1, 0xe3, 0xe8, 0x0, 0x0,

    /* U+53E6 "另" */
    0x3f, 0xf1, 0x0, 0x88, 0x4, 0x40, 0x23, 0xff,
    0x2, 0x0, 0x10, 0xf, 0xff, 0x4, 0x8, 0x60,
    0xc2, 0x6, 0x60, 0x2e, 0x1f, 0x0,

    /* U+53EF "可" */
    0xff, 0xfc, 0x0, 0xc0, 0x3, 0x0, 0xc, 0x3f,
    0x30, 0x84, 0xc2, 0x13, 0x8, 0x4c, 0x3f, 0x30,
    0x80, 0xc0, 0x3, 0x0, 0xc, 0x1, 0xe0,

    /* U+53F3 "右" */
    0x6, 0x0, 0x20, 0x3f, 0xfe, 0x10, 0x1, 0x80,
    0x8, 0x0, 0xff, 0xc6, 0x2, 0x50, 0x16, 0x80,
    0xa4, 0x4, 0x20, 0x21, 0xff, 0x8, 0x8,

    /* U+5404 "各" */
    0x10, 0x1, 0xff, 0x1c, 0x19, 0x99, 0x80, 0x70,
    0xe, 0xfb, 0x80, 0xe7, 0xfc, 0x20, 0x21, 0x1,
    0x8, 0x8, 0x7f, 0xc2, 0x2, 0x0,

    /* U+540C "同" */
    0xff, 0xf8, 0x1, 0x80, 0x1b, 0xfd, 0x80, 0x19,
    0xf9, 0x90, 0x99, 0x9, 0x90, 0x99, 0xf9, 0x80,
    0x18, 0x1, 0x80, 0xf0,

    /* U+540D "名" */
    0x0, 0x0, 0xc0, 0x1f, 0xf1, 0x3, 0x68, 0x6c,
    0xcc, 0x7, 0x0, 0xe0, 0x7f, 0xf5, 0x1, 0x10,
    0x11, 0x1, 0x1f, 0xf1, 0x1,

    /* U+540E "后" */
    0x0, 0x18, 0xff, 0xc2, 0x0, 0xf, 0xff, 0x20,
    0x0, 0x80, 0x2, 0x0, 0xb, 0xfe, 0x28, 0x8,
    0xa0, 0x24, 0x80, 0x93, 0xfe, 0x88, 0x8,

    /* U+5411 "向" */
    0x4, 0x0, 0xc0, 0xff, 0xf8, 0x1, 0x80, 0x19,
    0xf9, 0x90, 0x99, 0x9, 0x90, 0x99, 0xf9, 0x90,
    0x18, 0x1, 0x80, 0x18, 0xf,

    /* U+5426 "否" */
    0x7f, 0xf8, 0xc, 0x0, 0x78, 0x3, 0x58, 0x31,
    0x33, 0x84, 0x70, 0x10, 0xf, 0xfc, 0x20, 0x10,
    0x80, 0x42, 0x1, 0xf, 0xfc, 0x20, 0x10,

    /* U+542B "含" */
    0x3, 0x0, 0x1e, 0x0, 0xcc, 0xc, 0x9c, 0x61,
    0x1e, 0xff, 0x80, 0x6, 0x0, 0x30, 0x0, 0x80,
    0xff, 0xc2, 0x1, 0x8, 0x4, 0x3f, 0xf0, 0x80,
    0x40,

    /* U+542F "启" */
    0x0, 0x0, 0x8, 0xf, 0xfe, 0x40, 0x12, 0x0,
    0x9f, 0xfc, 0x80, 0x24, 0x0, 0x2f, 0xf9, 0x40,
    0x4a, 0x2, 0x90, 0x14, 0xff, 0xa4, 0x4,

    /* U+548C "和" */
    0xc, 0x7, 0xc0, 0x4, 0x7e, 0x22, 0x1f, 0xd0,
    0x98, 0x84, 0xc4, 0x2b, 0x21, 0x55, 0xc, 0x88,
    0x64, 0x42, 0x23, 0xf1, 0x10, 0x88, 0x84,

    /* U+54CD "响" */
    0x1, 0x0, 0x10, 0xef, 0xfa, 0x81, 0xa8, 0x1a,
    0xbd, 0xaa, 0x5a, 0xa5, 0xaa, 0x5a, 0xa5, 0xeb,
    0xd8, 0x81, 0x8, 0x10, 0x87,

    /* U+54EA "哪" */
    0xf, 0x77, 0x4a, 0xaa, 0x55, 0x5e, 0xaa, 0x96,
    0x54, 0xaa, 0xa5, 0x35, 0xe9, 0xa9, 0x4f, 0x4a,
    0x44, 0x5c, 0x22, 0x82, 0xe4, 0x0,

    /* U+552F "唯" */
    0x0, 0x0, 0x14, 0x39, 0x11, 0x5f, 0xfa, 0xc8,
    0x5e, 0x42, 0x9f, 0xf4, 0x90, 0xa4, 0x85, 0x3f,
    0xf9, 0x21, 0x49, 0x0, 0x7f, 0x82, 0x0,

    /* U+5668 "器" */
    0x3e, 0xf8, 0x8a, 0x22, 0x28, 0x8f, 0xbe, 0x1,
    0x21, 0xff, 0xf0, 0x6c, 0x1e, 0xf, 0x3e, 0xf8,
    0x8a, 0x22, 0x28, 0x8f, 0xbe, 0x22, 0x88,

    /* U+56DE "回" */
    0xff, 0xf8, 0x1, 0x80, 0x19, 0xf9, 0x90, 0x99,
    0x9, 0x90, 0x99, 0x9, 0x9f, 0x98, 0x1, 0x80,
    0x1f, 0xff, 0x80, 0x10,

    /* U+56FE "图" */
    0xff, 0xf8, 0x81, 0x9f, 0xdb, 0x89, 0xaf, 0x18,
    0xf9, 0xf0, 0x58, 0xf1, 0x80, 0x19, 0xf9, 0x80,
    0x1f, 0xff, 0x80, 0x10,

    /* U+5728 "在" */
    0x8, 0x0, 0x40, 0x3f, 0xfe, 0x30, 0x1, 0x8,
    0x18, 0x40, 0x82, 0xd, 0xfe, 0xe0, 0x85, 0x4,
    0x8, 0x20, 0x41, 0x3, 0xff, 0x90, 0x0,

    /* U+5730 "地" */
    0x20, 0x81, 0x4, 0x9, 0x20, 0x49, 0xef, 0x7d,
    0x17, 0x48, 0x92, 0x44, 0x92, 0x24, 0xf1, 0xa4,
    0x79, 0x3, 0x8, 0x30, 0x7f, 0x0,

    /* U+573A "场" */
    0x20, 0x1, 0x3f, 0x88, 0xc, 0x41, 0x8f, 0x98,
    0x11, 0x80, 0x9f, 0xe4, 0x25, 0x23, 0x49, 0x52,
    0x5d, 0x13, 0x19, 0x10, 0x10, 0x81, 0xb8,

    /* U+5740 "址" */
    0x20, 0x40, 0x81, 0x2, 0x4, 0x8, 0x90, 0xfa,
    0x40, 0x89, 0xe2, 0x24, 0x8, 0x90, 0x22, 0x40,
    0xa9, 0x7, 0x24, 0x20, 0x90, 0xf, 0xfc,

    /* U+5747 "均" */
    0x21, 0x1, 0x8, 0x8, 0xfe, 0x47, 0xff, 0xa0,
    0x92, 0x84, 0x82, 0x24, 0x19, 0x20, 0x29, 0x7,
    0x4e, 0xc3, 0xc0, 0x18, 0x0, 0x80, 0x78,

    /* U+5750 "坐" */
    0x2, 0x1, 0x91, 0x8, 0x88, 0x44, 0x83, 0x26,
    0x25, 0x4b, 0x2e, 0x70, 0x40, 0x7f, 0xe0, 0x10,
    0x0, 0x80, 0x4, 0xf, 0xff, 0x80,

    /* U+57DF "域" */
    0x20, 0x40, 0x81, 0x42, 0x4, 0xb, 0xfe, 0xf0,
    0x40, 0xbd, 0x22, 0x95, 0x8a, 0x54, 0x2f, 0x70,
    0x81, 0x83, 0xe, 0x77, 0xda, 0x0, 0xb8, 0x4,
    0x60,

    /* U+57FA "基" */
    0x10, 0x40, 0x82, 0x3f, 0xfe, 0x20, 0x81, 0xfc,
    0x8, 0x20, 0x7f, 0x1f, 0xff, 0x12, 0x41, 0x11,
    0x17, 0xf7, 0x4, 0x7, 0xff, 0x0,

    /* U+586B "填" */
    0x20, 0x81, 0x4, 0xb, 0xfe, 0x41, 0xf, 0x77,
    0x13, 0xf8, 0x90, 0x44, 0xfe, 0x24, 0x11, 0xbf,
    0xb3, 0xfe, 0x4, 0xc0, 0xe3, 0x84, 0x4,

    /* U+58F0 "声" */
    0x2, 0x0, 0x10, 0x3f, 0xfe, 0x4, 0x7, 0xff,
    0x0, 0x0, 0xff, 0x84, 0x44, 0x22, 0x23, 0xff,
    0x10, 0x8, 0x80, 0xc, 0x0, 0x40, 0x0,

    /* U+5907 "备" */
    0x10, 0x1, 0xff, 0x1e, 0x11, 0x8b, 0x0, 0xfe,
    0x78, 0x18, 0xff, 0x84, 0x44, 0x22, 0x21, 0xff,
    0x8, 0x88, 0x7f, 0xc2, 0x2, 0x0,

    /* U+590D "复" */
    0x10, 0x0, 0xff, 0xe6, 0x0, 0x1f, 0xfc, 0xa0,
    0x10, 0xff, 0xc2, 0x1, 0xf, 0xfc, 0x8, 0x0,
    0x7f, 0xc2, 0x82, 0x31, 0xb0, 0xf, 0xe1, 0xc0,
    0xe0,

    /* U+5927 "大" */
    0x2, 0x0, 0x10, 0x0, 0x80, 0x4, 0xf, 0xff,
    0x81, 0x0, 0x18, 0x0, 0xa0, 0x5, 0x0, 0x44,
    0x6, 0x30, 0x60, 0xec, 0x1, 0x80, 0x0,

    /* U+5934 "头" */
    0x1, 0x1, 0x88, 0x3, 0x40, 0xa, 0x6, 0x10,
    0x18, 0x80, 0x64, 0x0, 0x20, 0xff, 0xf8, 0x10,
    0x1, 0xc0, 0x19, 0x83, 0x83, 0x60, 0x8,

    /* U+597D "好" */
    0x20, 0x1, 0x1f, 0xc8, 0x5, 0xf0, 0x44, 0x84,
    0x24, 0x21, 0x21, 0x9, 0xff, 0x50, 0x43, 0x82,
    0x4, 0x10, 0x50, 0x84, 0x4, 0x41, 0xe0,

    /* U+5982 "如" */
    0x20, 0x1, 0x0, 0x8, 0x7f, 0xfa, 0x12, 0x50,
    0xa2, 0x85, 0x14, 0x29, 0x21, 0x69, 0x9, 0xc8,
    0x46, 0x42, 0x4b, 0xfc, 0x10, 0xc0, 0x0,

    /* U+59CB "始" */
    0x0, 0x1, 0x4, 0x8, 0x49, 0xf2, 0x44, 0xa1,
    0x27, 0xf9, 0x20, 0x29, 0x0, 0x53, 0xf3, 0x90,
    0x8c, 0x84, 0x74, 0x24, 0xbf, 0x41, 0x8,

    /* U+59FF "姿" */
    0x2, 0x2, 0x20, 0x9, 0xfe, 0x19, 0x21, 0x99,
    0x31, 0xb3, 0x30, 0xe0, 0x80, 0xff, 0xf8, 0x82,
    0xe, 0x30, 0xe, 0x1, 0xee, 0x70, 0x8,

    /* U+5B50 "子" */
    0x7f, 0xf8, 0x0, 0xc0, 0x6, 0x0, 0x30, 0x1,
    0x0, 0x4, 0xf, 0xff, 0xc0, 0x40, 0x1, 0x0,
    0x4, 0x0, 0x10, 0x0, 0xc0, 0x1e, 0x0,

    /* U+5B57 "字" */
    0x2, 0x0, 0x4, 0x7, 0xff, 0xd0, 0x3, 0x40,
    0xc, 0x7f, 0x80, 0xc, 0x0, 0x40, 0xff, 0xfc,
    0x4, 0x0, 0x10, 0x0, 0x40, 0x3, 0x0, 0x38,
    0x0,

    /* U+5B58 "存" */
    0x8, 0x0, 0x40, 0x3f, 0xfe, 0x20, 0x1, 0xff,
    0x10, 0x19, 0x81, 0x8c, 0x10, 0xaf, 0xf9, 0x4,
    0x8, 0x20, 0x41, 0x2, 0x8, 0x11, 0xc0,

    /* U+5B8C "完" */
    0x2, 0x0, 0x10, 0x3f, 0xff, 0x0, 0x18, 0x0,
    0x9f, 0xf0, 0x0, 0x0, 0x0, 0xff, 0xf8, 0x4c,
    0x2, 0x60, 0x23, 0x13, 0x18, 0xe0, 0x7c,

    /* U+5B9A "定" */
    0x2, 0x0, 0x18, 0x1f, 0xfe, 0x80, 0x14, 0x0,
    0xff, 0xfc, 0xc, 0x6, 0x60, 0x23, 0xf9, 0x18,
    0xc, 0xc0, 0xa6, 0xc, 0xb0, 0x43, 0xfc, 0x0,
    0x0,

    /* U+5B9E "实" */
    0x2, 0x0, 0x18, 0x3f, 0xff, 0x0, 0x11, 0x90,
    0x6, 0x80, 0x84, 0x3, 0x20, 0x1, 0x7, 0xff,
    0xc0, 0x80, 0x1b, 0x83, 0x87, 0x60, 0xc,

    /* U+5BB9 "容" */
    0x1, 0x0, 0x4, 0x7, 0xff, 0xd0, 0x1, 0xc,
    0x60, 0xc4, 0x64, 0x68, 0x83, 0x18, 0x30, 0x3b,
    0xff, 0xf1, 0x1, 0x4, 0x4, 0x1f, 0xf0, 0x40,
    0x40,

    /* U+5BBD "宽" */
    0x0, 0x0, 0x10, 0x3f, 0xff, 0x11, 0x1f, 0xff,
    0x84, 0x40, 0x0, 0xf, 0xfc, 0x42, 0x22, 0x11,
    0x11, 0xc8, 0x8e, 0x51, 0x90, 0xf0, 0xf8,

    /* U+5BF8 "寸" */
    0x0, 0x40, 0x2, 0x0, 0x11, 0xff, 0xf0, 0x4,
    0x10, 0x20, 0xc1, 0x2, 0x8, 0x8, 0x40, 0x42,
    0x0, 0x10, 0x0, 0x80, 0xc, 0x7, 0xc0,

    /* U+5BF9 "对" */
    0x0, 0x27, 0xc1, 0x3e, 0x8, 0x17, 0xf8, 0x82,
    0x2d, 0x11, 0xc8, 0x86, 0x24, 0x11, 0x21, 0x81,
    0x1a, 0x8, 0x90, 0x48, 0x2, 0x40, 0xe0,

    /* U+5C0F "小" */
    0x2, 0x0, 0x10, 0x0, 0x80, 0x4, 0x83, 0x24,
    0x11, 0x30, 0x88, 0x8c, 0x46, 0x42, 0x16, 0x10,
    0xe0, 0x82, 0x4, 0x0, 0x20, 0xf, 0x0,

    /* U+5C31 "就" */
    0x10, 0x80, 0x85, 0x3f, 0xa4, 0x1, 0x7, 0xdf,
    0xa2, 0x61, 0x13, 0xf, 0x98, 0x10, 0xc2, 0xaa,
    0x15, 0x53, 0x22, 0x99, 0x24, 0xbb, 0x1c,

    /* U+5C3A "尺" */
    0x3f, 0xf0, 0x80, 0x42, 0x1, 0x8, 0x4, 0x3f,
    0xf0, 0x88, 0x42, 0x30, 0x8, 0x40, 0x61, 0x81,
    0x3, 0x4, 0x3, 0x20, 0x6,

    /* U+5C3E "尾" */
    0x7f, 0xf2, 0x0, 0x90, 0x4, 0xff, 0xe4, 0x6,
    0x2f, 0xc1, 0x8, 0xf, 0xfe, 0x42, 0x2, 0x3f,
    0xfe, 0x83, 0x4, 0x18, 0x1f, 0x0,

    /* U+5C40 "局" */
    0x3f, 0xf8, 0x80, 0x22, 0x0, 0x8f, 0xfe, 0x20,
    0x0, 0xff, 0xf2, 0x0, 0xcb, 0xf3, 0x28, 0x4c,
    0xbf, 0x34, 0x80, 0x90, 0x2, 0x40, 0xf8,

    /* U+5C4F "屏" */
    0x3f, 0xf8, 0x80, 0x23, 0xff, 0x89, 0x8a, 0x22,
    0x20, 0xbf, 0xe2, 0x22, 0x8, 0x88, 0x3f, 0xfc,
    0x88, 0x84, 0x42, 0x13, 0x8, 0x88, 0x20,

    /* U+5C55 "展" */
    0x7f, 0xf2, 0x0, 0x9f, 0xfc, 0x88, 0xa4, 0x44,
    0x2f, 0xf9, 0x11, 0xf, 0xff, 0x49, 0x12, 0x4f,
    0xb2, 0x31, 0x1e, 0x78, 0x80, 0x80,

    /* U+5DE6 "左" */
    0x4, 0x0, 0x10, 0x7, 0xff, 0xc1, 0x0, 0xc,
    0x0, 0x20, 0x1, 0x80, 0x7, 0xfe, 0x10, 0x80,
    0xc2, 0x6, 0x8, 0x10, 0x20, 0x1f, 0xfc,

    /* U+5DF2 "已" */
    0xff, 0xe0, 0x1, 0x0, 0x8, 0x80, 0x44, 0x2,
    0x3f, 0xf1, 0x0, 0x8, 0x0, 0x40, 0x1a, 0x0,
    0x90, 0x4, 0x7f, 0xe0,

    /* U+5E03 "布" */
    0x4, 0x0, 0x20, 0x3f, 0xfe, 0x10, 0x1, 0x10,
    0x18, 0x80, 0xff, 0xce, 0x22, 0xb1, 0x11, 0x88,
    0x8c, 0x44, 0x63, 0xe3, 0x10, 0x0, 0x80,

    /* U+5E26 "带" */
    0x12, 0x40, 0x92, 0x3f, 0xfe, 0x24, 0x80, 0x0,
    0x7f, 0xfe, 0x0, 0x30, 0x41, 0x3f, 0xe1, 0x11,
    0x8, 0x88, 0x44, 0x42, 0x2e, 0x1, 0x0,

    /* U+5E27 "帧" */
    0x20, 0x81, 0x4, 0x8, 0x3f, 0xf1, 0xa, 0xbf,
    0x55, 0xa, 0xaa, 0x55, 0x52, 0xaa, 0x95, 0x54,
    0xac, 0xa4, 0x42, 0x82, 0x23, 0x12, 0x8,

    /* U+5E38 "常" */
    0x2, 0x3, 0x26, 0x12, 0xcf, 0xff, 0x80, 0x1b,
    0xfd, 0x20, 0x43, 0xfc, 0x22, 0x47, 0xfe, 0x42,
    0x24, 0x22, 0x42, 0xe0, 0x20,

    /* U+5E55 "幕" */
    0x4, 0x41, 0xff, 0xf0, 0x44, 0x7, 0xfc, 0x10,
    0x10, 0x7f, 0xc1, 0xff, 0x1, 0x0, 0x7f, 0xfc,
    0x44, 0xc7, 0xff, 0xc4, 0x44, 0x11, 0x70, 0x4,
    0x0,

    /* U+5E72 "干" */
    0x7f, 0xf8, 0xc, 0x0, 0x30, 0x0, 0xc0, 0x3,
    0x3, 0xff, 0xf0, 0x30, 0x0, 0xc0, 0x3, 0x0,
    0xc, 0x0, 0x30, 0x0, 0xc0, 0x3, 0x0,

    /* U+5E76 "并" */
    0x10, 0x40, 0xc2, 0x2, 0x20, 0xff, 0xe1, 0x4,
    0x8, 0x20, 0x41, 0x1f, 0xff, 0x10, 0x40, 0x82,
    0x4, 0x10, 0x60, 0x86, 0x4, 0x20, 0x20,

    /* U+5E8F "序" */
    0x1, 0x0, 0x4, 0x3, 0xff, 0xc8, 0x0, 0x2f,
    0xf8, 0x88, 0xc2, 0x3c, 0x8, 0x60, 0x3f, 0xfc,
    0x82, 0x22, 0x8, 0x98, 0x20, 0x40, 0x81, 0x1e,
    0x0,

    /* U+5E94 "应" */
    0x1, 0x0, 0x6, 0x3, 0xff, 0xc8, 0x0, 0x21,
    0x10, 0xa4, 0x42, 0x99, 0xb, 0x24, 0x24, 0xb0,
    0x92, 0x82, 0x42, 0x10, 0x18, 0x5f, 0xfc, 0x0,
    0x0,

    /* U+5E95 "底" */
    0x0, 0x0, 0x4, 0x7, 0xff, 0x90, 0x0, 0x4f,
    0xf9, 0x22, 0x4, 0x88, 0x12, 0x20, 0x4f, 0xf9,
    0x22, 0x4, 0x84, 0x32, 0xd2, 0x8d, 0x2a, 0x22,
    0x60,

    /* U+5EA6 "度" */
    0x1, 0x0, 0x4, 0x3, 0xff, 0x89, 0x8, 0x3f,
    0xf8, 0x90, 0x82, 0x7e, 0x8, 0x0, 0x2f, 0xf0,
    0x90, 0xc2, 0x24, 0x10, 0xf0, 0x5e, 0x7c, 0x0,
    0x0,

    /* U+5EFA "建" */
    0x1, 0x0, 0x8, 0x3f, 0xfc, 0x62, 0x26, 0xff,
    0xa0, 0x8b, 0xff, 0xc2, 0x20, 0x9f, 0xf3, 0x8,
    0x1b, 0xfe, 0xa0, 0x8, 0xff, 0x80, 0x0,

    /* U+5F00 "开" */
    0x7f, 0xf0, 0xc2, 0x6, 0x10, 0x30, 0x81, 0x84,
    0x7f, 0xfc, 0x41, 0x2, 0x8, 0x10, 0x40, 0x82,
    0xc, 0x10, 0xc0, 0x8c, 0x4, 0x0,

    /* U+5F02 "异" */
    0x7f, 0xe2, 0x1, 0x10, 0x8, 0xff, 0xc6, 0x0,
    0x9f, 0xf8, 0x0, 0x2, 0x8, 0xff, 0xf8, 0x82,
    0x4, 0x10, 0xc0, 0x84, 0x4, 0x0,

    /* U+5F0F "式" */
    0x0, 0xa0, 0x5, 0x80, 0x25, 0xff, 0xf0, 0x8,
    0x0, 0x41, 0xfa, 0x2, 0x10, 0x10, 0x80, 0x84,
    0x4, 0x12, 0xfe, 0x9e, 0x7, 0x80, 0x18,

    /* U+5F15 "引" */
    0x0, 0x1f, 0xe1, 0x2, 0x10, 0x21, 0x7e, 0x14,
    0x21, 0x40, 0x1f, 0xe1, 0x2, 0x10, 0x21, 0x2,
    0x10, 0x21, 0x2, 0x13, 0xc1,

    /* U+5F39 "弹" */
    0x0, 0x13, 0xcc, 0x41, 0x12, 0x5, 0xfe, 0x74,
    0x4a, 0x5f, 0xe8, 0x44, 0xa1, 0x12, 0xf7, 0xf8,
    0x51, 0x21, 0xff, 0xc4, 0x10, 0x10, 0x43, 0xc1,
    0x0,

    /* U+5F3A "强" */
    0x73, 0xf0, 0xa0, 0x85, 0x4, 0x27, 0xe7, 0x8,
    0x23, 0xfd, 0xd2, 0x22, 0x91, 0x17, 0xf8, 0x84,
    0x4, 0x24, 0x3f, 0xf6, 0x0, 0x80,

    /* U+5F52 "归" */
    0x10, 0x9, 0x7f, 0x90, 0x19, 0x1, 0x90, 0x19,
    0x1, 0x97, 0xf9, 0x1, 0x90, 0x19, 0x1, 0x20,
    0x12, 0xff, 0x40, 0x10,

    /* U+5F53 "当" */
    0x2, 0x6, 0x23, 0x32, 0x61, 0xac, 0x2, 0x7,
    0xff, 0x0, 0x10, 0x1, 0x0, 0x17, 0xff, 0x0,
    0x10, 0x1, 0xff, 0xf0, 0x1,

    /* U+5F55 "录" */
    0x7f, 0xe0, 0x1, 0x1f, 0xf8, 0x0, 0x40, 0x2,
    0x7f, 0xfc, 0x8, 0xc, 0x46, 0x33, 0xc0, 0xd4,
    0x1c, 0x99, 0x4, 0x71, 0xc0, 0x0,

    /* U+5F71 "影" */
    0x7e, 0x13, 0xf1, 0x10, 0xb0, 0xfd, 0x25, 0x23,
    0x7f, 0xb0, 0x3, 0xf, 0xc1, 0x7e, 0x10, 0x81,
    0x95, 0x99, 0xa5, 0x8b, 0x18, 0x0,

    /* U+5F81 "征" */
    0x0, 0x1, 0xbf, 0xd8, 0x11, 0x80, 0x81, 0x4,
    0x1b, 0x20, 0x99, 0xec, 0xc8, 0xa6, 0x41, 0x32,
    0x9, 0x90, 0x4c, 0x82, 0xff, 0x90, 0x0,

    /* U+5FD7 "志" */
    0x2, 0x0, 0x10, 0x3f, 0xfe, 0x4, 0x0, 0x20,
    0x1, 0x1, 0xff, 0xc0, 0x0, 0x6, 0x2, 0x91,
    0x94, 0x45, 0x20, 0x99, 0x4, 0xf, 0xc0,

    /* U+5FFD "忽" */
    0x10, 0x1, 0x80, 0xf, 0xfc, 0xc9, 0x24, 0x99,
    0x8, 0x89, 0x98, 0x41, 0x9c, 0x4, 0x2, 0x11,
    0x94, 0xc5, 0xa0, 0xb9, 0x4, 0x8f, 0xe0,

    /* U+6001 "态" */
    0x2, 0x0, 0x8, 0xf, 0xff, 0x81, 0xc0, 0x5,
    0x0, 0x22, 0x3, 0x46, 0x38, 0x8e, 0x80, 0x8,
    0x58, 0x5, 0x35, 0x34, 0x12, 0x90, 0x48, 0x3e,
    0x0,

    /* U+6025 "急" */
    0x18, 0x0, 0x7f, 0x2, 0x8, 0x18, 0x60, 0xff,
    0xf0, 0x0, 0x43, 0xff, 0x0, 0x4, 0x7f, 0xf0,
    0x18, 0x45, 0x21, 0x14, 0x1a, 0x90, 0x4c, 0x7f,
    0x0,

    /* U+6027 "性" */
    0x20, 0xc0, 0x8b, 0x3, 0x2c, 0x1d, 0xfe, 0xac,
    0xc2, 0x93, 0xa, 0x8c, 0x8, 0x30, 0x27, 0xf8,
    0x83, 0x2, 0xc, 0x8, 0x30, 0x2f, 0xfc, 0x80,
    0x0,

    /* U+603B "总" */
    0x8, 0x40, 0x33, 0x3, 0xff, 0x8, 0x4, 0x20,
    0x10, 0x80, 0x43, 0xff, 0x8, 0x84, 0x3, 0x11,
    0x24, 0x64, 0x82, 0xb2, 0x18, 0xf, 0xc0,

    /* U+6062 "恢" */
    0x22, 0x1, 0x10, 0xb, 0xfe, 0x6c, 0x7, 0x4c,
    0x52, 0x22, 0x9b, 0x25, 0xda, 0x29, 0xe1, 0x46,
    0xc, 0x48, 0x42, 0x62, 0x21, 0x92, 0x4,

    /* U+606F "息" */
    0x2, 0x0, 0xff, 0xc2, 0x1, 0xf, 0xfc, 0x20,
    0x10, 0xff, 0xc2, 0x1, 0xf, 0xfc, 0x22, 0x11,
    0x4c, 0x65, 0x12, 0xf6, 0x9, 0xf, 0xc0,

    /* U+610F "意" */
    0x2, 0x3, 0xff, 0x84, 0x11, 0xff, 0xf0, 0x0,
    0x1f, 0xf0, 0xff, 0x84, 0x4, 0x3f, 0xe0, 0x10,
    0x14, 0xd5, 0x20, 0x90, 0xf8, 0x0,

    /* U+6210 "成" */
    0x0, 0xb0, 0x2, 0x60, 0x8, 0xf, 0xff, 0x20,
    0x80, 0x82, 0x3, 0xe8, 0x88, 0xa4, 0x22, 0x70,
    0x89, 0x82, 0x24, 0x57, 0x39, 0x41, 0xb5, 0x4,
    0x60,

    /* U+622A "截" */
    0x8, 0x40, 0x43, 0x1f, 0xd4, 0x10, 0x8f, 0xff,
    0x96, 0x21, 0xfd, 0x48, 0x8a, 0xff, 0x52, 0x23,
    0x1f, 0xd2, 0x89, 0x57, 0xfa, 0xa0, 0xc,

    /* U+6237 "户" */
    0x3, 0x0, 0xc, 0xf, 0xfe, 0x40, 0x12, 0x0,
    0x90, 0x4, 0x80, 0x27, 0xff, 0x20, 0x9, 0x0,
    0x8, 0x0, 0xc0, 0x4, 0x0, 0x60, 0x0,

    /* U+6240 "所" */
    0x0, 0x1, 0xf7, 0xe4, 0x10, 0x10, 0x40, 0x7d,
    0x1, 0x17, 0xf4, 0x52, 0x11, 0x48, 0x7d, 0x21,
    0x4, 0x84, 0x32, 0x30, 0x88, 0x82, 0x22, 0x10,
    0x80,

    /* U+624B "手" */
    0x7f, 0xf0, 0x10, 0x0, 0x80, 0x4, 0x7, 0xff,
    0x1, 0x0, 0x8, 0x1f, 0xff, 0x2, 0x0, 0x10,
    0x0, 0x80, 0x4, 0x1, 0xe0, 0x0,

    /* U+624D "才" */
    0x0, 0x80, 0x4, 0x0, 0x21, 0xff, 0xf0, 0x18,
    0x0, 0xc0, 0xa, 0x0, 0xd0, 0xc, 0x80, 0xc4,
    0xc, 0x21, 0xc1, 0x8, 0x8, 0x3, 0xc0,

    /* U+6267 "执" */
    0x22, 0x1, 0x10, 0x8, 0x81, 0xef, 0xc2, 0x22,
    0x11, 0x10, 0x88, 0x87, 0xc4, 0xe3, 0x21, 0x2d,
    0x9, 0xa, 0x48, 0x52, 0x82, 0xe8, 0xc,

    /* U+6269 "扩" */
    0x20, 0x40, 0x81, 0x82, 0x3f, 0xfe, 0xff, 0x22,
    0x0, 0x88, 0x2, 0x20, 0x1e, 0x80, 0xe2, 0x0,
    0x88, 0x2, 0x40, 0x9, 0x0, 0x2c, 0x3, 0xa0,
    0x0,

    /* U+626B "扫" */
    0x20, 0x1, 0x1f, 0xc8, 0x3, 0xf0, 0x12, 0x0,
    0x90, 0x4, 0x80, 0x27, 0x7f, 0xe0, 0x9, 0x0,
    0x48, 0x2, 0x40, 0x12, 0x7f, 0xf0, 0x4,

    /* U+628A "把" */
    0x20, 0x1, 0x3f, 0x89, 0x25, 0xe9, 0x22, 0x49,
    0x12, 0x48, 0xdf, 0xdc, 0x82, 0xa4, 0x1, 0x20,
    0x9, 0x2, 0x48, 0x12, 0x40, 0xe3, 0xf8,

    /* U+6296 "抖" */
    0x20, 0x21, 0x11, 0x8, 0xc9, 0xf1, 0x42, 0x2,
    0x11, 0x10, 0xac, 0x8f, 0x4, 0xe0, 0x29, 0x3f,
    0xc8, 0x8, 0x40, 0x42, 0x2, 0x70, 0x10,

    /* U+62A4 "护" */
    0x20, 0x81, 0x2, 0x8, 0xff, 0xf7, 0xf2, 0x20,
    0x91, 0x4, 0xa8, 0x2f, 0x7f, 0xa2, 0x9, 0x30,
    0x9, 0x0, 0x48, 0x2, 0x40, 0x74, 0x0,

    /* U+62E6 "拦" */
    0x22, 0x18, 0x84, 0x42, 0x2, 0x3f, 0xff, 0x20,
    0x0, 0x80, 0x3, 0x80, 0x3c, 0xfe, 0x20, 0x0,
    0x80, 0x2, 0x0, 0x8, 0x0, 0x27, 0xff, 0x80,
    0x0,

    /* U+62E9 "择" */
    0x20, 0x0, 0x9f, 0xe2, 0x20, 0xbe, 0x44, 0x20,
    0xe0, 0x87, 0xc2, 0x71, 0xce, 0x10, 0xe7, 0xfc,
    0x81, 0x2, 0xff, 0xc8, 0x10, 0x20, 0x43, 0x81,
    0x0,

    /* U+6307 "指" */
    0x22, 0x0, 0x88, 0xf2, 0x3e, 0x3e, 0x81, 0x22,
    0xc, 0x8f, 0xe2, 0x0, 0x1e, 0xfe, 0xa2, 0x8,
    0x8f, 0xe2, 0x20, 0x88, 0x82, 0x23, 0xfb, 0x88,
    0x20,

    /* U+6309 "按" */
    0x20, 0x81, 0x6, 0x9, 0xff, 0xe8, 0x12, 0x58,
    0x90, 0x80, 0xff, 0xfc, 0x46, 0xa2, 0x21, 0x31,
    0x8, 0x70, 0x41, 0xc2, 0x33, 0x76, 0x4,

    /* U+6321 "挡" */
    0x40, 0x84, 0x89, 0x4c, 0xbf, 0x6a, 0x40, 0x84,
    0xff, 0x50, 0x1e, 0x1, 0x4f, 0xf4, 0x1, 0x40,
    0x14, 0x1, 0x4f, 0xfc, 0x1,

    /* U+6362 "换" */
    0x21, 0x1, 0x10, 0x8, 0xfd, 0xe8, 0x42, 0xc4,
    0x13, 0xf8, 0x92, 0x4e, 0x92, 0xe4, 0x91, 0x7f,
    0xc8, 0x60, 0x42, 0x86, 0x63, 0x6e, 0xc,

    /* U+636E "据" */
    0x20, 0x1, 0x7f, 0xca, 0x3, 0xf0, 0x12, 0xff,
    0x94, 0x20, 0xff, 0xfd, 0x8, 0xa8, 0x41, 0x5f,
    0xca, 0x82, 0x54, 0x13, 0x3f, 0xf9, 0x4,

    /* U+6377 "捷" */
    0x20, 0x80, 0x82, 0x2, 0xff, 0xbc, 0x20, 0x27,
    0xf0, 0x82, 0x42, 0xff, 0xdc, 0x24, 0xa7, 0xf0,
    0x82, 0x2, 0x4f, 0x89, 0x20, 0x6e, 0x83, 0x47,
    0xe0,

    /* U+63A5 "接" */
    0x40, 0x82, 0x4, 0x13, 0xff, 0xe4, 0x44, 0x26,
    0x2f, 0xfd, 0x4, 0xe, 0x20, 0xdf, 0xfa, 0x11,
    0x11, 0x90, 0x83, 0x84, 0x3e, 0x6e, 0xc,

    /* U+63CF "描" */
    0x21, 0x10, 0x84, 0x42, 0x7f, 0xfc, 0x44, 0x20,
    0x0, 0x9f, 0xe3, 0x44, 0x9d, 0x12, 0xe4, 0x48,
    0x9f, 0xe2, 0x44, 0x89, 0x12, 0x27, 0xfb, 0x90,
    0x20,

    /* U+63D0 "提" */
    0x40, 0x2, 0x3f, 0x91, 0x5, 0xef, 0xe4, 0x41,
    0x23, 0xf9, 0xd0, 0x59, 0xff, 0xc0, 0x82, 0x24,
    0x11, 0x3c, 0x99, 0x4, 0xb8, 0x68, 0xfc,

    /* U+6536 "收" */
    0x11, 0x0, 0x90, 0x24, 0x81, 0x2f, 0xf9, 0x62,
    0x4b, 0x12, 0x68, 0x92, 0x4c, 0x91, 0x47, 0x8a,
    0x34, 0x20, 0x23, 0x81, 0x63, 0xe, 0xc,

    /* U+6539 "改" */
    0x1, 0x7, 0xc8, 0x2, 0xfe, 0x14, 0x60, 0xe2,
    0x3e, 0x91, 0x24, 0x88, 0x2c, 0x40, 0xc2, 0xc6,
    0x1c, 0x79, 0x8c, 0x70, 0xc0, 0x80,

    /* U+653E "放" */
    0x10, 0x40, 0x42, 0x0, 0x8, 0x3f, 0xbf, 0x21,
    0x90, 0x86, 0x43, 0xc9, 0x9, 0x24, 0x24, 0xa1,
    0x91, 0x84, 0x46, 0x11, 0x2c, 0x9f, 0x1e, 0x0,
    0x0,

    /* U+6545 "故" */
    0x10, 0x40, 0x42, 0x1, 0x8, 0x3f, 0xbf, 0x11,
    0x98, 0x4e, 0x41, 0x9, 0x1f, 0x24, 0x44, 0x71,
    0x11, 0x84, 0x46, 0x1f, 0x34, 0x41, 0x8c, 0x8,
    0x0,

    /* U+6548 "效" */
    0x10, 0x40, 0x43, 0x0, 0x8, 0x3f, 0xbe, 0x29,
    0x91, 0x16, 0x4c, 0x29, 0x21, 0x24, 0x28, 0x70,
    0x61, 0x81, 0x86, 0x9, 0x3c, 0xc5, 0x9a, 0xc,
    0x20,

    /* U+6570 "数" */
    0x8, 0x41, 0x29, 0x6, 0xe4, 0x2, 0x3f, 0xfe,
    0x89, 0xb6, 0x29, 0x29, 0x8c, 0x14, 0xfe, 0x51,
    0x89, 0xc6, 0x42, 0x7, 0x14, 0x77, 0x8e, 0x4,
    0x0,

    /* U+6574 "整" */
    0x10, 0x47, 0xf2, 0x4, 0x3e, 0xfd, 0x25, 0x35,
    0x3f, 0x28, 0xe1, 0xda, 0xf1, 0x7f, 0xf3, 0xff,
    0x80, 0xfc, 0x24, 0x1, 0x20, 0x7f, 0xfc,

    /* U+6587 "文" */
    0x2, 0x0, 0x18, 0x3f, 0xfe, 0x20, 0x81, 0x4,
    0x8, 0x20, 0x22, 0x1, 0xb0, 0x5, 0x0, 0x38,
    0x3, 0x70, 0xe0, 0xfc, 0x1, 0x0,

    /* U+65A5 "斥" */
    0x0, 0x1, 0xff, 0x88, 0x0, 0x40, 0x2, 0x0,
    0x1f, 0xfc, 0x82, 0x4, 0x10, 0x2e, 0x81, 0x1e,
    0x18, 0x3e, 0x81, 0x14, 0x8, 0x40, 0x40,

    /* U+65AD "断" */
    0x8, 0x6, 0x5f, 0xab, 0x41, 0x7a, 0x8, 0x90,
    0x7e, 0xfe, 0x64, 0x93, 0xa4, 0xad, 0x26, 0x49,
    0x22, 0x49, 0x6, 0x4f, 0xe2, 0x1, 0x10,

    /* U+65B0 "新" */
    0x10, 0x0, 0x41, 0xef, 0xe8, 0x11, 0x20, 0x2c,
    0x83, 0xfa, 0x0, 0xf, 0xc4, 0x24, 0xff, 0x90,
    0x46, 0x45, 0x51, 0x35, 0x44, 0x93, 0x11, 0xc8,
    0x40,

    /* U+65B9 "方" */
    0x6, 0x0, 0x10, 0x3f, 0xfe, 0x20, 0x1, 0x0,
    0xf, 0xf0, 0x40, 0x82, 0x4, 0x30, 0x21, 0x1,
    0x8, 0x8, 0x80, 0xc8, 0x7c, 0x0,

    /* U+65E0 "无" */
    0x7f, 0xf0, 0x10, 0x0, 0x80, 0xc, 0x0, 0x40,
    0x7f, 0xfc, 0x10, 0x1, 0xa0, 0x9, 0x0, 0xc8,
    0x44, 0x42, 0xc2, 0x1c, 0x1f, 0x0, 0x0,

    /* U+65E9 "早" */
    0x3f, 0xe1, 0x1, 0x8, 0x8, 0x7f, 0xc2, 0x2,
    0x10, 0x10, 0xff, 0x80, 0x40, 0x2, 0x7, 0xff,
    0xc0, 0x80, 0x4, 0x0, 0x20, 0x0,

    /* U+65F6 "时" */
    0x0, 0x27, 0xc1, 0x22, 0x9, 0x1f, 0xf8, 0x82,
    0x44, 0x13, 0xe8, 0x91, 0x24, 0x89, 0x24, 0x49,
    0x22, 0x9, 0xf0, 0x48, 0x82, 0x0, 0xf0,

    /* U+660E "明" */
    0xf3, 0xf9, 0x21, 0x92, 0x19, 0x21, 0x93, 0xff,
    0x21, 0x92, 0x19, 0x21, 0x93, 0xff, 0x61, 0x4,
    0x10, 0x81, 0x18, 0xf0,

    /* U+662F "是" */
    0x3f, 0xe1, 0x1, 0xf, 0xf8, 0x40, 0x43, 0xfe,
    0x10, 0x13, 0xff, 0xe0, 0x40, 0x22, 0x1, 0x1f,
    0x98, 0x80, 0xb4, 0x8, 0xff, 0x80, 0x0,

    /* U+663E "显" */
    0x3f, 0xe1, 0x1, 0xf, 0xf8, 0x40, 0x42, 0x2,
    0x1f, 0xf0, 0x24, 0x9, 0x22, 0x29, 0x21, 0xcb,
    0x2, 0x41, 0xff, 0xf0,

    /* U+666F "景" */
    0x7f, 0xf2, 0x0, 0x9f, 0xfc, 0xff, 0xe4, 0x21,
    0x7f, 0xfc, 0x0, 0x7, 0xfe, 0x3f, 0xf1, 0x10,
    0x84, 0x90, 0xe4, 0x68, 0xe0, 0x80,

    /* U+66F4 "更" */
    0xff, 0xf8, 0x8, 0x7, 0xff, 0x10, 0x84, 0x42,
    0x11, 0xff, 0xc4, 0x21, 0x1f, 0xfc, 0x22, 0x0,
    0xd0, 0x1, 0xc0, 0x7, 0xc0, 0xe1, 0xf8,

    /* U+6700 "最" */
    0x3f, 0xf0, 0xff, 0xc2, 0x1, 0xf, 0xfc, 0x20,
    0x13, 0xff, 0xf2, 0x20, 0xf, 0xfe, 0x22, 0x88,
    0xf9, 0x42, 0x26, 0x3f, 0xbc, 0x3, 0x8c,

    /* U+6709 "有" */
    0x4, 0x0, 0x60, 0x3f, 0xfe, 0x30, 0x1, 0x0,
    0x1f, 0xf1, 0xc0, 0x9f, 0xfc, 0xb0, 0x21, 0x81,
    0xf, 0xf8, 0x60, 0x43, 0x2, 0x18, 0xf0,

    /* U+670D "服" */
    0x7b, 0xf9, 0x28, 0x24, 0xa0, 0x92, 0x9c, 0x7a,
    0x1, 0x2f, 0xe4, 0xa8, 0x9e, 0xa2, 0x4a, 0xd1,
    0x29, 0xc4, 0xa6, 0x32, 0xb6, 0xbb, 0xc,

    /* U+671F "期" */
    0x44, 0x2, 0x27, 0xff, 0xa2, 0x89, 0x17, 0xcf,
    0xa2, 0x45, 0x12, 0x2f, 0x91, 0x44, 0xff, 0xf4,
    0x42, 0x22, 0xdb, 0x14, 0x50, 0xc1, 0x9c,

    /* U+672A "未" */
    0x2, 0x0, 0x10, 0x0, 0x80, 0xff, 0xe0, 0x20,
    0x1, 0x3, 0xff, 0xe0, 0xe0, 0xf, 0x80, 0xd6,
    0xc, 0x98, 0xc4, 0x78, 0x20, 0x81, 0x0,

    /* U+672C "本" */
    0x2, 0x0, 0x10, 0x0, 0x81, 0xff, 0xf0, 0x70,
    0x3, 0x80, 0x2a, 0x2, 0x48, 0x22, 0x63, 0x11,
    0xb7, 0xf6, 0x4, 0x0, 0x20, 0x1, 0x0,

    /* U+673A "机" */
    0x20, 0x0, 0x8f, 0x82, 0x22, 0x3e, 0x88, 0x22,
    0x20, 0x88, 0x87, 0xa2, 0x1a, 0x88, 0xa2, 0x22,
    0x88, 0xb2, 0x62, 0x89, 0xa, 0x2c, 0x38, 0xa0,
    0x0,

    /* U+679C "果" */
    0x7f, 0xf2, 0x10, 0x9f, 0xfc, 0x84, 0x24, 0x21,
    0x3f, 0xf8, 0x8, 0x1f, 0xff, 0xf, 0x0, 0xd6,
    0xc, 0x99, 0x84, 0x30, 0x20, 0x0,

    /* U+67D0 "某" */
    0x20, 0x41, 0x2, 0x3f, 0xfe, 0x40, 0x83, 0xfc,
    0x10, 0x20, 0xff, 0x0, 0x40, 0x2, 0x7, 0xff,
    0xc3, 0xc0, 0x25, 0x86, 0x23, 0xc1, 0x0,

    /* U+67D3 "染" */
    0x42, 0x1, 0x90, 0x3, 0xf1, 0x84, 0x80, 0x64,
    0x9a, 0x27, 0x20, 0xf0, 0xc0, 0xff, 0xf8, 0x78,
    0x5, 0xa0, 0xcc, 0xcc, 0x61, 0x83, 0x0,

    /* U+6807 "标" */
    0x20, 0x0, 0x8f, 0xe2, 0x0, 0x3e, 0x0, 0x20,
    0x0, 0x9f, 0xf7, 0x84, 0x1a, 0x10, 0xa2, 0x52,
    0x99, 0x22, 0x44, 0x8b, 0x13, 0x20, 0x40, 0x8f,
    0x0,

    /* U+6821 "校" */
    0x20, 0xc0, 0x81, 0x2, 0x7f, 0xfe, 0x0, 0x21,
    0x30, 0xcc, 0x66, 0xa0, 0x99, 0x44, 0xa1, 0x22,
    0x82, 0x82, 0xc, 0x8, 0x38, 0x23, 0x1c, 0x90,
    0x0,

    /* U+6837 "样" */
    0x23, 0x10, 0x84, 0x42, 0x2, 0x3f, 0xff, 0x20,
    0x40, 0x81, 0x7, 0xbf, 0x9b, 0x10, 0xa0, 0x42,
    0x9f, 0xf2, 0x4, 0x8, 0x10, 0x20, 0x40, 0x81,
    0x0,

    /* U+683C "格" */
    0x21, 0x80, 0x84, 0x2, 0x3f, 0xbe, 0xc6, 0x25,
    0x90, 0xd3, 0x87, 0x8f, 0x1a, 0xc7, 0xa4, 0x2,
    0x8f, 0xe2, 0x20, 0x88, 0x82, 0x23, 0xf8, 0x88,
    0x20,

    /* U+6846 "框" */
    0x20, 0x0, 0x9f, 0xf2, 0x60, 0x3f, 0x80, 0x27,
    0xfc, 0x98, 0x87, 0x62, 0x1b, 0xbe, 0xe6, 0x22,
    0x98, 0x82, 0x7f, 0xc9, 0x80, 0x27, 0xfc, 0x80,
    0x0,

    /* U+6A21 "模" */
    0x21, 0x20, 0x9f, 0xe2, 0x12, 0x3e, 0x0, 0x23,
    0xf9, 0x88, 0x27, 0x3f, 0x9a, 0x82, 0xa3, 0xfa,
    0x82, 0x2, 0x7f, 0x88, 0x30, 0x23, 0x30, 0xb0,
    0x20,

    /* U+6B21 "次" */
    0x43, 0x1, 0x88, 0x2, 0x3f, 0x85, 0x2, 0x4,
    0x98, 0x2, 0x41, 0x8, 0xc, 0x50, 0x21, 0x41,
    0xc, 0x8c, 0x63, 0x3, 0x6, 0x18, 0x8,

    /* U+6B63 "正" */
    0x7f, 0xf8, 0x4, 0x0, 0x10, 0x8, 0x40, 0x21,
    0xf8, 0x84, 0x2, 0x10, 0x8, 0x40, 0x21, 0x0,
    0x84, 0xf, 0xff, 0xc0,

    /* U+6B64 "此" */
    0x8, 0x80, 0x44, 0x2, 0x20, 0x91, 0x34, 0x8b,
    0x27, 0x71, 0x22, 0x9, 0x10, 0x48, 0x82, 0x44,
    0x52, 0x22, 0xfd, 0x1c, 0xf, 0x80,

    /* U+6B65 "步" */
    0x2, 0x0, 0x10, 0x8, 0xfc, 0x44, 0x2, 0x20,
    0x7f, 0xff, 0xff, 0xe0, 0x40, 0x32, 0x3, 0x13,
    0x30, 0xb0, 0x7, 0x1, 0xe0, 0x78, 0x0,

    /* U+6BB5 "段" */
    0x7d, 0xe2, 0x9, 0x10, 0x48, 0xf2, 0x44, 0x21,
    0xa0, 0x1, 0xef, 0xc8, 0x22, 0x41, 0x27, 0xe6,
    0x30, 0x30, 0x86, 0x64, 0x60, 0x80,

    /* U+6BCF "每" */
    0x10, 0x0, 0x7f, 0xe2, 0x0, 0x10, 0x0, 0xdf,
    0xf0, 0x48, 0x43, 0x11, 0x3f, 0xff, 0x22, 0x10,
    0x8c, 0x42, 0x11, 0xf, 0xfe, 0x0, 0x20, 0x7,
    0x80,

    /* U+6BD4 "比" */
    0x2, 0x4, 0x10, 0x20, 0x85, 0x4, 0x68, 0x26,
    0x7d, 0x62, 0xe, 0x10, 0x40, 0x82, 0x4, 0x10,
    0x20, 0x87, 0x34, 0x2e, 0x21, 0x41, 0xf8,

    /* U+6C47 "汇" */
    0x0, 0x1, 0x9f, 0xf1, 0x40, 0x1, 0x0, 0x44,
    0x1, 0x90, 0x0, 0x40, 0x1, 0x0, 0x34, 0x0,
    0x90, 0x2, 0x40, 0x19, 0x0, 0x47, 0xfc,

    /* U+6CE8 "注" */
    0xc1, 0x3, 0x4, 0xb, 0xff, 0x1, 0xc, 0x8,
    0x0, 0x40, 0x3f, 0xcc, 0x10, 0x40, 0x82, 0x4,
    0x30, 0x21, 0x3f, 0xf8, 0x0, 0x0,

    /* U+6D3B "活" */
    0x40, 0x1, 0x9f, 0xf3, 0x8, 0x0, 0x20, 0x0,
    0x83, 0x3f, 0xf2, 0x8, 0x0, 0x20, 0x27, 0xf8,
    0x90, 0x22, 0x40, 0x99, 0x2, 0x47, 0xf9, 0x10,
    0x20,

    /* U+6D3E "派" */
    0x40, 0x16, 0xff, 0x28, 0x0, 0x87, 0xcb, 0x86,
    0xa8, 0xa, 0xb0, 0xae, 0x4a, 0xc4, 0xa4, 0x5a,
    0x6d, 0x3b, 0xb2, 0x10,

    /* U+6D4B "测" */
    0x0, 0xa, 0x7c, 0x4e, 0x2a, 0x15, 0x54, 0xaa,
    0xb5, 0x54, 0xaa, 0xa1, 0x55, 0x2a, 0xa9, 0x55,
    0x48, 0x8a, 0xce, 0x14, 0xc8, 0xa8, 0x1c,

    /* U+6D4F "浏" */
    0x4, 0xa, 0x10, 0x48, 0xa, 0x3f, 0x58, 0x12,
    0xa4, 0x94, 0x34, 0xa0, 0xc5, 0x42, 0x2a, 0x31,
    0x51, 0x42, 0x92, 0x15, 0x8, 0xc8, 0x1c,

    /* U+6D88 "消" */
    0x8, 0x8a, 0x64, 0x49, 0xa4, 0x1, 0x8, 0xff,
    0xa4, 0x4, 0x20, 0x21, 0xff, 0x48, 0xa, 0x40,
    0x53, 0xfe, 0x90, 0x1c, 0x80, 0xc4, 0x3c,

    /* U+6DF1 "深" */
    0x40, 0x3, 0x7f, 0xce, 0x2, 0x2, 0x80, 0x22,
    0x22, 0x8, 0x82, 0x1, 0xff, 0x21, 0xc1, 0x16,
    0x19, 0xa8, 0x99, 0x34, 0x88, 0xa0, 0x40,

    /* U+6DFB "添" */
    0x40, 0x1, 0x9f, 0xe3, 0x8, 0x0, 0x20, 0xcf,
    0xfd, 0x84, 0x82, 0x23, 0x1, 0x26, 0x18, 0x8c,
    0x9b, 0xe6, 0x4a, 0x93, 0x29, 0x40, 0xa1, 0xe,
    0x0,

    /* U+6E05 "清" */
    0x40, 0xc0, 0xbf, 0xf1, 0xc, 0x1, 0xfe, 0x40,
    0xc1, 0xbf, 0xf2, 0x0, 0x1, 0xfe, 0x24, 0x8,
    0x9f, 0xe2, 0x7f, 0x99, 0x2, 0x44, 0x9, 0x11,
    0xe0,

    /* U+6E32 "渲" */
    0x0, 0x6, 0x4, 0xb, 0xfc, 0x10, 0x28, 0xff,
    0x30, 0x0, 0xbf, 0xc1, 0x2, 0x2f, 0xf3, 0x40,
    0x93, 0xfc, 0x90, 0x2d, 0xff, 0x80,

    /* U+6E90 "源" */
    0x0, 0x3, 0x7f, 0xca, 0x30, 0x11, 0x8, 0xbf,
    0x65, 0x8, 0xaf, 0xc1, 0x42, 0x4b, 0xf2, 0x52,
    0x96, 0x58, 0xa4, 0xad, 0x44, 0xd0, 0xe0,

    /* U+6ED1 "滑" */
    0x67, 0xf8, 0xd0, 0x20, 0x7c, 0x91, 0x12, 0x6f,
    0xfc, 0xa0, 0x10, 0x7f, 0x89, 0x2, 0x27, 0xf8,
    0x9f, 0xe6, 0x40, 0x91, 0x2, 0x44, 0x70,

    /* U+6FC0 "激" */
    0x0, 0x1, 0x10, 0x82, 0xf2, 0x2, 0x4f, 0xf,
    0x49, 0x25, 0x22, 0xfe, 0x81, 0xa, 0x3b, 0xb0,
    0xbc, 0x44, 0x93, 0x12, 0x4e, 0x49, 0x49, 0x5f,
    0x10, 0x0, 0x0,

    /* U+7070 "灰" */
    0x8, 0x0, 0x20, 0x7, 0xff, 0xc2, 0x20, 0x8,
    0x80, 0x32, 0x21, 0x48, 0x84, 0xb4, 0x12, 0xc0,
    0x87, 0x82, 0x12, 0x10, 0x86, 0x4c, 0xc, 0x0,
    0x0,

    /* U+70B9 "点" */
    0x2, 0x0, 0x10, 0x0, 0xfe, 0x4, 0x0, 0x20,
    0x1f, 0xf8, 0x80, 0x44, 0x2, 0x3f, 0xf1, 0x0,
    0x80, 0x0, 0x53, 0x24, 0x48, 0xe2, 0x44,

    /* U+70ED "热" */
    0x21, 0x1, 0x8, 0x3f, 0xf8, 0x42, 0x42, 0x52,
    0x3f, 0x93, 0x8c, 0xa4, 0x55, 0x26, 0x2f, 0x60,
    0xc0, 0x0, 0x93, 0x2c, 0x49, 0xc0, 0x0,

    /* U+7247 "片" */
    0x0, 0x81, 0x4, 0x8, 0x20, 0x41, 0x3, 0xff,
    0x90, 0x0, 0x80, 0x4, 0x0, 0x3f, 0xc1, 0x6,
    0x8, 0x30, 0x81, 0x8c, 0xc, 0x40, 0x60,

    /* U+7248 "版" */
    0x10, 0x1, 0x4f, 0xe5, 0x20, 0x14, 0x80, 0x52,
    0x1, 0xff, 0xe4, 0x28, 0x90, 0xa4, 0x72, 0x91,
    0x4b, 0x45, 0x26, 0x15, 0x98, 0xd4, 0x9a, 0x5c,
    0x20,

    /* U+7279 "特" */
    0x10, 0x41, 0x41, 0x5, 0x7f, 0x9e, 0x10, 0x50,
    0x41, 0x5f, 0xf9, 0x0, 0x6, 0x4, 0x77, 0xfc,
    0x48, 0x41, 0x31, 0x4, 0x44, 0x10, 0x10, 0x43,
    0x80,

    /* U+72B6 "状" */
    0x10, 0x80, 0x85, 0xa4, 0x24, 0xa1, 0x5, 0xff,
    0xa8, 0x40, 0x42, 0x6, 0x38, 0x71, 0x46, 0x8b,
    0x4, 0x88, 0x2c, 0x61, 0x41, 0x8c, 0x4,

    /* U+73B0 "现" */
    0xff, 0xf1, 0x20, 0x89, 0x24, 0x49, 0x22, 0x49,
    0x7e, 0x48, 0x92, 0x44, 0x92, 0x21, 0x41, 0xca,
    0x78, 0xd3, 0xc, 0x90, 0xc7, 0x80,

    /* U+751F "生" */
    0x2, 0x0, 0x90, 0x8, 0x80, 0x7f, 0xe4, 0x20,
    0x61, 0x2, 0x8, 0xf, 0xfe, 0x2, 0x0, 0x10,
    0x0, 0x80, 0x4, 0xf, 0xff, 0x80,

    /* U+7528 "用" */
    0x3f, 0xf9, 0x8, 0x48, 0x42, 0x42, 0x13, 0xff,
    0x90, 0x84, 0x84, 0x27, 0xff, 0x21, 0x9, 0x8,
    0x50, 0x42, 0x82, 0x14, 0x17, 0x80,

    /* U+7531 "由" */
    0x4, 0x0, 0x80, 0x10, 0x7f, 0xf8, 0x43, 0x8,
    0x61, 0xf, 0xff, 0x84, 0x30, 0x86, 0x10, 0xc2,
    0x1f, 0xff, 0x0, 0x40,

    /* U+753B "画" */
    0xff, 0xf8, 0x0, 0x7, 0xf0, 0xa4, 0x95, 0x24,
    0xaf, 0xe5, 0x49, 0x2a, 0x49, 0x5f, 0xca, 0x82,
    0x50, 0x2, 0xff, 0xf0, 0x0, 0x80,

    /* U+754C "界" */
    0x7f, 0xf2, 0x10, 0x90, 0x84, 0xff, 0xe4, 0x21,
    0x3f, 0xf9, 0x36, 0x46, 0x18, 0xf0, 0xfc, 0x86,
    0x44, 0x30, 0x41, 0x84, 0xc, 0x0,

    /* U+7559 "留" */
    0x8, 0xf, 0x3f, 0x91, 0x19, 0x11, 0xbb, 0x1c,
    0xee, 0x84, 0x7, 0xfe, 0x44, 0x24, 0x42, 0x7f,
    0xe4, 0x42, 0x7f, 0xe4, 0x2,

    /* U+7565 "略" */
    0x1, 0x7, 0xdf, 0xaa, 0x85, 0x5a, 0x4a, 0x8c,
    0x7c, 0xf2, 0xac, 0xf5, 0xc1, 0xab, 0xf5, 0x50,
    0xbe, 0x85, 0x17, 0xe0, 0x21, 0x0,

    /* U+767D "白" */
    0x8, 0x1, 0x3, 0xff, 0xc0, 0x18, 0x3, 0x0,
    0x60, 0xf, 0xff, 0x80, 0x30, 0x6, 0x0, 0xc0,
    0x1f, 0xff, 0x0, 0x40,

    /* U+7684 "的" */
    0x21, 0x6, 0x10, 0xfb, 0xf8, 0xa1, 0x8e, 0x18,
    0xb1, 0xf9, 0x98, 0x89, 0x88, 0x18, 0x81, 0xf8,
    0x18, 0x91, 0x89, 0xe0,

    /* U+76D6 "盖" */
    0x10, 0xc0, 0x44, 0x3f, 0xfe, 0x4, 0x7, 0xff,
    0x1, 0x3, 0xff, 0xe0, 0x0, 0x7f, 0xf2, 0x48,
    0x92, 0x44, 0x92, 0x2f, 0xff, 0x80,

    /* U+76D8 "盘" */
    0x6, 0x1, 0xff, 0x9, 0x88, 0x42, 0x4f, 0xff,
    0x92, 0x11, 0x8a, 0x98, 0x8, 0x3f, 0xe1, 0x29,
    0x9, 0x49, 0xff, 0xf0,

    /* U+76EE "目" */
    0xff, 0xe0, 0x18, 0x6, 0x1, 0xff, 0xe0, 0x18,
    0x7, 0xff, 0x80, 0x60, 0x18, 0x7, 0xff, 0x80,
    0x40,

    /* U+76F4 "直" */
    0x2, 0x0, 0x8, 0xf, 0xff, 0xc0, 0x80, 0x3f,
    0xf0, 0x80, 0x43, 0xff, 0x8, 0x4, 0x3f, 0xf0,
    0x80, 0x43, 0xff, 0x8, 0x4, 0xff, 0xfc,

    /* U+7701 "省" */
    0x2, 0x0, 0xc9, 0x86, 0x21, 0xe0, 0x70, 0xe,
    0x3, 0xc0, 0x3, 0xff, 0x8, 0x4, 0x3f, 0xf0,
    0x80, 0x43, 0xff, 0x8, 0x4, 0x3f, 0xf0, 0x80,
    0x40,

    /* U+770B "看" */
    0x7f, 0xf0, 0x20, 0x1f, 0xfc, 0x18, 0xf, 0xff,
    0x88, 0x0, 0xff, 0x8e, 0x4, 0xdf, 0xe4, 0x81,
    0x7, 0xf8, 0x3f, 0xc1, 0x2, 0x0,

    /* U+773C "眼" */
    0xf7, 0xf4, 0xa0, 0xa5, 0xfd, 0xe8, 0x29, 0x41,
    0x4b, 0xfa, 0x54, 0x5e, 0x91, 0x94, 0xb4, 0xa2,
    0x3d, 0x79, 0x2e, 0x78, 0x60, 0x0,

    /* U+77E5 "知" */
    0x60, 0x2, 0x0, 0x1f, 0xbf, 0xa1, 0x19, 0x8,
    0x88, 0x47, 0xfa, 0x22, 0x11, 0x18, 0x89, 0xe4,
    0x49, 0x22, 0xc5, 0xfc, 0x8, 0xc0, 0x44,

    /* U+77ED "短" */
    0x40, 0x1, 0x1f, 0xf4, 0x0, 0x1e, 0x0, 0xa3,
    0xf8, 0x88, 0x2f, 0xa0, 0x88, 0xfe, 0x22, 0x8,
    0xc0, 0x42, 0x91, 0x12, 0x48, 0xc7, 0xfc, 0x0,
    0x0,

    /* U+7801 "码" */
    0x3, 0xef, 0x82, 0x22, 0x26, 0x22, 0x42, 0x27,
    0xa2, 0xcb, 0xfc, 0x81, 0x4f, 0xf4, 0x81, 0x78,
    0x14, 0x89, 0x0, 0xf0,

    /* U+786C "硬" */
    0x7, 0xff, 0xe1, 0x2, 0x3f, 0x98, 0x92, 0x42,
    0x4b, 0xef, 0xec, 0xa4, 0xb2, 0xfe, 0x4a, 0x41,
    0x2f, 0x7, 0x98, 0x10, 0xde, 0xc, 0x8,

    /* U+786E "确" */
    0x1, 0x7, 0xdf, 0x9, 0x88, 0x9f, 0xf4, 0x24,
    0xb9, 0x27, 0x4f, 0xfa, 0x49, 0x52, 0x4a, 0x9f,
    0xdd, 0x92, 0x88, 0x90, 0xc7, 0x80,

    /* U+793A "示" */
    0x7f, 0xf8, 0x0, 0x0, 0x0, 0x0, 0x0, 0xff,
    0xfc, 0x4, 0x1, 0x12, 0xc, 0x4c, 0x21, 0x11,
    0x84, 0x64, 0x10, 0xe0, 0x41, 0xf, 0x0,

    /* U+79BB "离" */
    0x2, 0x7, 0xff, 0xd6, 0x34, 0x8e, 0x25, 0x8d,
    0x3f, 0xf8, 0x8, 0xf, 0xfe, 0x44, 0x12, 0x44,
    0x97, 0xf4, 0x80, 0x24, 0x7, 0x0,

    /* U+79F0 "称" */
    0x1, 0x83, 0xec, 0x2, 0x3f, 0xbf, 0x92, 0x20,
    0x40, 0xc5, 0x46, 0xa5, 0x1a, 0x92, 0xe6, 0x4a,
    0x91, 0x32, 0x44, 0x48, 0x10, 0x21, 0xc0,

    /* U+79FB "移" */
    0x1, 0x83, 0xe7, 0xe2, 0x20, 0x89, 0x6c, 0xf8,
    0xe0, 0x8e, 0x7, 0xcf, 0xda, 0x42, 0xa2, 0x1a,
    0x92, 0xc2, 0x6, 0x8, 0x60, 0x26, 0x0,

    /* U+7A33 "稳" */
    0x3, 0x3, 0xe8, 0xf, 0x7f, 0x9, 0x8, 0xfb,
    0xf8, 0x80, 0x22, 0x3f, 0x9e, 0x2, 0x6f, 0xfa,
    0x82, 0x2a, 0x68, 0x8b, 0x96, 0x2a, 0x34, 0x8f,
    0x80,

    /* U+7A7A "空" */
    0x1, 0x0, 0x4, 0x7, 0xff, 0xd0, 0x1, 0x4c,
    0x64, 0x60, 0xe6, 0x0, 0xcf, 0xfe, 0x1, 0x0,
    0x4, 0x0, 0x10, 0x0, 0x40, 0x7f, 0xfc,

    /* U+7ACB "立" */
    0x0, 0x0, 0x30, 0x0, 0x81, 0xff, 0xf0, 0x0,
    0x10, 0x10, 0xc1, 0x82, 0x8, 0x18, 0x40, 0x44,
    0x2, 0x20, 0x3, 0xf, 0xff, 0x80,

    /* U+7B26 "符" */
    0x30, 0x81, 0x4, 0x1f, 0xfe, 0xb2, 0x88, 0xa2,
    0x8, 0x10, 0xbf, 0xec, 0x4, 0xe4, 0x25, 0x11,
    0x8, 0x88, 0x40, 0x42, 0x2, 0x10, 0xe0,

    /* U+7B2C "第" */
    0x30, 0x81, 0x4, 0x1f, 0xfe, 0xa6, 0xc7, 0xff,
    0x1, 0x8, 0xff, 0xc8, 0x42, 0x42, 0x3, 0xff,
    0xc3, 0x82, 0x34, 0x36, 0x27, 0x1, 0x0,

    /* U+7B49 "等" */
    0x20, 0x81, 0xc, 0x1f, 0xff, 0xa6, 0x88, 0x20,
    0x3f, 0xf8, 0x8, 0x1f, 0xff, 0x0, 0x7, 0xff,
    0xc4, 0x10, 0x30, 0x80, 0x84, 0x1, 0xc0,

    /* U+7B7E "签" */
    0x10, 0x40, 0x60, 0x80, 0xff, 0xf3, 0x5, 0x4,
    0xb9, 0x0, 0xd8, 0x6, 0xc, 0x3f, 0xff, 0x40,
    0x0, 0x22, 0x20, 0x44, 0xc0, 0x1, 0x7, 0xff,
    0xc0,

    /* U+7B97 "算" */
    0x20, 0x81, 0xff, 0xd4, 0x51, 0x10, 0x43, 0xfe,
    0x10, 0x10, 0xff, 0x87, 0xfc, 0x20, 0x21, 0xff,
    0x2, 0x11, 0xff, 0xf1, 0x4, 0x30, 0x20,

    /* U+7D22 "索" */
    0x1, 0x0, 0x4, 0x7, 0xff, 0xc0, 0x40, 0x7f,
    0xfd, 0x8, 0x14, 0xc4, 0x47, 0xe0, 0x4, 0x30,
    0xff, 0xe0, 0x10, 0x6, 0x4c, 0x71, 0x1d, 0x1c,
    0x10,

    /* U+7D2F "累" */
    0x7f, 0xf2, 0x10, 0x9f, 0xfc, 0x84, 0x27, 0xff,
    0xc, 0x20, 0xfe, 0x1, 0xc, 0x7f, 0xf0, 0x10,
    0x8c, 0x99, 0xc4, 0x79, 0xe0, 0x80,

    /* U+7EA2 "红" */
    0x10, 0x0, 0x8f, 0xf2, 0x4, 0x12, 0x10, 0x78,
    0x40, 0x41, 0x2, 0x4, 0x1f, 0x10, 0x40, 0x40,
    0x11, 0xf, 0x84, 0x1, 0xff,

    /* U+7EA7 "级" */
    0x30, 0x1, 0x3f, 0x98, 0x8c, 0x94, 0x49, 0x26,
    0x71, 0xb8, 0x8c, 0x48, 0x62, 0x72, 0xa0, 0x37,
    0xd, 0x19, 0x99, 0x40, 0xb1, 0x81, 0x0,

    /* U+7EB3 "纳" */
    0x20, 0x81, 0x4, 0x10, 0x20, 0x8f, 0xf9, 0x48,
    0xfa, 0x44, 0x92, 0x28, 0xb9, 0xd5, 0x6f, 0xb9,
    0xc1, 0x82, 0x28, 0x1e, 0x40, 0x82, 0x3c,

    /* U+7EB5 "纵" */
    0x32, 0x20, 0x88, 0x82, 0x22, 0x12, 0x88, 0x52,
    0x23, 0xc8, 0x82, 0x22, 0x8, 0xc8, 0x77, 0x71,
    0x13, 0x40, 0x45, 0x3f, 0x36, 0x8, 0x88, 0x44,
    0x0,

    /* U+7EBF "线" */
    0x21, 0x43, 0x9, 0x90, 0x41, 0xa3, 0xf9, 0xf0,
    0x70, 0x80, 0x85, 0xe9, 0xf0, 0x91, 0x97, 0x5,
    0x0, 0x32, 0x63, 0x9c, 0x66, 0x84, 0x18,

    /* U+7EC3 "练" */
    0x0, 0x80, 0xc2, 0x2, 0x7f, 0x9a, 0x40, 0x49,
    0x3, 0xdf, 0x3, 0x24, 0x8, 0x90, 0x47, 0xf9,
    0xe1, 0x0, 0x15, 0x2, 0x92, 0xf6, 0x4c, 0x7,
    0x0,

    /* U+7ED1 "绑" */
    0x22, 0x0, 0x89, 0xe4, 0x24, 0x93, 0xf2, 0xd2,
    0x4b, 0x89, 0x62, 0xfd, 0x90, 0x92, 0x52, 0x47,
    0xbf, 0x10, 0x24, 0x7d, 0x96, 0x4, 0x40, 0x21,
    0x0,

    /* U+7ED3 "结" */
    0x10, 0x40, 0x81, 0x2, 0x4, 0x11, 0xff, 0x48,
    0x43, 0xc1, 0x2, 0x7f, 0xc8, 0x0, 0x7b, 0xf9,
    0x8, 0x20, 0x20, 0x9e, 0x82, 0xc3, 0xf8, 0x8,
    0x20,

    /* U+7ED9 "给" */
    0x20, 0x81, 0xe, 0x10, 0xd9, 0xac, 0x6b, 0xc1,
    0xb7, 0xfd, 0x80, 0x8, 0x0, 0xf7, 0xf4, 0x20,
    0x81, 0x4, 0xe8, 0x28, 0x7f, 0x2, 0x8,

    /* U+7EEA "绪" */
    0x10, 0x80, 0x82, 0x22, 0x3e, 0x92, 0x24, 0x48,
    0xb3, 0xdf, 0xf2, 0x8, 0x8, 0x7e, 0x7f, 0x9,
    0x14, 0x20, 0x1f, 0x8e, 0x42, 0x41, 0xf8, 0x4,
    0x20,

    /* U+7EF4 "维" */
    0x1, 0x0, 0xc4, 0x82, 0x10, 0x1a, 0xff, 0x5e,
    0x21, 0xd8, 0x82, 0x3f, 0xc8, 0x88, 0x5a, 0x21,
    0x8f, 0xf0, 0x22, 0x6, 0x88, 0x63, 0xfc, 0x8,
    0x0,

    /* U+7EFF "绿" */
    0x20, 0x3, 0x3f, 0x90, 0x5, 0xaf, 0xcb, 0x2,
    0x77, 0xfd, 0x2, 0x8, 0x93, 0xf6, 0xf4, 0x7,
    0x1, 0xa8, 0x79, 0x6c, 0x89, 0x83, 0xc0,

    /* U+7F13 "缓" */
    0x20, 0x2, 0x7f, 0xd1, 0x25, 0x29, 0x69, 0x2,
    0x77, 0xfd, 0x8, 0x9, 0xff, 0xf7, 0xf0, 0x31,
    0x7, 0x59, 0xd1, 0x81, 0x37, 0x82, 0x4,

    /* U+7F18 "缘" */
    0x22, 0x2, 0x1f, 0x11, 0x9, 0x2f, 0xc9, 0x2,
    0x77, 0xfd, 0x4, 0x9, 0xd6, 0xf1, 0xe4, 0x37,
    0x2, 0x54, 0xe4, 0xbc, 0xc4, 0x81, 0xc0,

    /* U+7F51 "网" */
    0xff, 0xf8, 0x1, 0x80, 0x1e, 0xe5, 0xab, 0x59,
    0x99, 0x90, 0x99, 0x99, 0xad, 0x5e, 0x25, 0x82,
    0x18, 0x1, 0x80, 0xf0,

    /* U+7F6E "置" */
    0x7f, 0xf9, 0x12, 0x27, 0xff, 0x80, 0x80, 0xff,
    0xfc, 0x8, 0x3, 0xdf, 0xf, 0xfc, 0x20, 0x10,
    0xff, 0xc3, 0xff, 0x8, 0x4, 0xff, 0xfc,

    /* U+80FD "能" */
    0x30, 0x80, 0x82, 0x64, 0xcf, 0x11, 0xb0, 0xfe,
    0x84, 0x2, 0x27, 0xcf, 0x91, 0x20, 0x7c, 0x8d,
    0x13, 0xc7, 0xc8, 0x11, 0x21, 0x44, 0x8d, 0x73,
    0xe0,

    /* U+8109 "脉" */
    0x0, 0x81, 0xe3, 0x84, 0x82, 0x12, 0xf0, 0x48,
    0x4d, 0xfd, 0x64, 0x97, 0x12, 0x58, 0x79, 0x51,
    0x29, 0x44, 0xa5, 0x93, 0x93, 0xc8, 0x42, 0xe7,
    0x0,

    /* U+81EA "自" */
    0xc, 0x1, 0x3, 0xff, 0xc0, 0x18, 0x3, 0xff,
    0xe0, 0xc, 0x1, 0x80, 0x3f, 0xfe, 0x0, 0xc0,
    0x1f, 0xff, 0x0, 0x40,

    /* U+81F4 "致" */
    0x0, 0x83, 0xf6, 0x2, 0x10, 0x10, 0xfe, 0x4b,
    0x13, 0xf4, 0x42, 0x51, 0x8, 0x44, 0xfd, 0x20,
    0x82, 0x82, 0xe, 0x1f, 0x6c, 0x87, 0x1c, 0x0,
    0x0,

    /* U+8272 "色" */
    0x8, 0x0, 0x7f, 0x2, 0xc, 0x3f, 0xfc, 0x21,
    0x10, 0x84, 0x42, 0x11, 0xf, 0xfc, 0x20, 0x8,
    0x80, 0x22, 0x0, 0x8f, 0xfe,

    /* U+843D "落" */
    0x8, 0x80, 0x44, 0x3f, 0xfe, 0x11, 0x6, 0x7f,
    0x7, 0x13, 0x6f, 0x0, 0x7c, 0x1c, 0x19, 0x3f,
    0x91, 0xc, 0x88, 0x6c, 0x7f, 0x42, 0x18,

    /* U+84DD "蓝" */
    0x8, 0x87, 0xff, 0xc2, 0x20, 0x12, 0x4, 0x90,
    0x24, 0xf9, 0x28, 0x9, 0x4c, 0x0, 0x21, 0xff,
    0xa, 0x48, 0x52, 0x42, 0x92, 0x7f, 0xfc,

    /* U+884C "行" */
    0x10, 0x0, 0xcf, 0xe6, 0x0, 0x30, 0x0, 0x90,
    0x0, 0x9f, 0xf2, 0x2, 0x18, 0x8, 0xa0, 0x22,
    0x80, 0x82, 0x2, 0x8, 0x8, 0x20, 0x20, 0x87,
    0x80,

    /* U+8868 "表" */
    0x3, 0x0, 0x18, 0x3f, 0xfe, 0x6, 0x7, 0xff,
    0x1, 0x83, 0xff, 0xe0, 0xe0, 0xd, 0x30, 0xc6,
    0x1a, 0x11, 0x16, 0x60, 0xe1, 0x80, 0x0,

    /* U+8981 "要" */
    0xff, 0xfc, 0x12, 0x7, 0xff, 0x91, 0x22, 0x44,
    0x89, 0xff, 0xe0, 0x40, 0x3f, 0xff, 0x10, 0x40,
    0x73, 0x0, 0x38, 0xf, 0x1e, 0x60, 0x8,

    /* U+8986 "覆" */
    0xff, 0xfb, 0xff, 0x92, 0x24, 0xee, 0xe2, 0x7f,
    0xa4, 0x3, 0x1f, 0xd4, 0xfe, 0x67, 0xf6, 0x3f,
    0x92, 0x88, 0x83, 0x85, 0xe7, 0x80,

    /* U+89C4 "规" */
    0x20, 0x1, 0x1f, 0x88, 0x85, 0xf5, 0x22, 0x29,
    0x11, 0x4b, 0xea, 0x44, 0x52, 0x22, 0x91, 0x8e,
    0x12, 0x52, 0x9e, 0x9c, 0x64, 0xc6, 0x3c,

    /* U+89C8 "览" */
    0x9, 0x81, 0x24, 0x4, 0x9f, 0x92, 0x80, 0x4a,
    0xc1, 0x0, 0xc3, 0xfe, 0x8, 0x8, 0x22, 0x20,
    0x88, 0x82, 0x72, 0xc1, 0x42, 0x19, 0xb, 0x87,
    0xe0,

    /* U+89D2 "角" */
    0x8, 0x0, 0xff, 0x4, 0x10, 0x41, 0x87, 0xff,
    0x90, 0x84, 0x84, 0x27, 0xff, 0x21, 0x9, 0xff,
    0xc8, 0x42, 0x42, 0x14, 0x10, 0xe0, 0xbc,

    /* U+89E6 "触" */
    0x20, 0x20, 0x80, 0x87, 0x82, 0x12, 0x7e, 0xfd,
    0x29, 0x54, 0xa7, 0xd2, 0x95, 0x7e, 0x55, 0x21,
    0xf0, 0x85, 0x43, 0x15, 0xa, 0x57, 0xfa, 0x70,
    0x30,

    /* U+8BA4 "认" */
    0x0, 0x81, 0x4, 0x4, 0x20, 0x21, 0x0, 0x8,
    0x70, 0x40, 0x82, 0x4, 0x38, 0x21, 0x41, 0x6b,
    0xe, 0x88, 0x4c, 0x60, 0xc1, 0x84, 0x4,

    /* U+8BA9 "让" */
    0x20, 0x80, 0xc2, 0x1, 0x88, 0x0, 0x20, 0x0,
    0xfb, 0x82, 0x2, 0x8, 0x8, 0x20, 0x20, 0x80,
    0x92, 0x2, 0xc8, 0xe, 0x20, 0x27, 0xfc,

    /* U+8BAD "训" */
    0x0, 0x1, 0x12, 0x4c, 0x92, 0x4, 0x90, 0x24,
    0xf1, 0x24, 0x89, 0x24, 0x49, 0x22, 0x49, 0x52,
    0x4d, 0x92, 0x8, 0x90, 0xc0, 0x84, 0x4,

    /* U+8BB0 "记" */
    0x67, 0xf8, 0xc0, 0x20, 0x0, 0x80, 0x2, 0xe0,
    0x8, 0x9f, 0xe2, 0x40, 0x9, 0x0, 0x24, 0x4,
    0xb0, 0x13, 0xc0, 0xc9, 0xfe,

    /* U+8BBE "设" */
    0x63, 0xe0, 0xc8, 0x80, 0x22, 0x1, 0xe, 0xe0,
    0x0, 0x9f, 0xc2, 0x21, 0x8, 0x88, 0x21, 0x60,
    0xe3, 0x3, 0x36, 0x7, 0x8e, 0x0, 0x0,

    /* U+8BC6 "识" */
    0x0, 0x0, 0x9f, 0xe1, 0x40, 0x81, 0x2, 0x4,
    0xb, 0x90, 0x22, 0x40, 0x89, 0xfe, 0x20, 0x0,
    0xa4, 0x83, 0x21, 0x9, 0x2, 0x8, 0xc,

    /* U+8BD5 "试" */
    0x0, 0x51, 0x81, 0x62, 0x4, 0x83, 0xff, 0x0,
    0x43, 0x81, 0x2, 0xfc, 0x8, 0x90, 0x22, 0x40,
    0xa8, 0x83, 0xa2, 0x4c, 0xe9, 0x2f, 0x34, 0x0,
    0x60,

    /* U+8BE5 "该" */
    0x0, 0xc0, 0x81, 0x3, 0x7f, 0xc0, 0x60, 0x1,
    0x13, 0x88, 0xc2, 0x7e, 0x8, 0x12, 0x20, 0x98,
    0x8c, 0xc2, 0x66, 0xe, 0x36, 0x33, 0xc, 0x18,
    0x0,

    /* U+8BFB "读" */
    0x0, 0xc1, 0x83, 0x2, 0x7f, 0xc0, 0x30, 0xf,
    0xff, 0x89, 0x12, 0x1c, 0x49, 0x90, 0x20, 0x40,
    0xbf, 0xf2, 0x84, 0xe, 0x6c, 0x27, 0x1c, 0x30,
    0x0,

    /* U+8C03 "调" */
    0x0, 0x4, 0xff, 0x68, 0x12, 0x89, 0xb, 0xdc,
    0x89, 0x4f, 0xf4, 0x81, 0x4b, 0xd5, 0xa5, 0x6b,
    0xd5, 0x21, 0x10, 0x12, 0x7,

    /* U+8C61 "象" */
    0x18, 0x1, 0xfe, 0x18, 0x21, 0xff, 0xec, 0x21,
    0x21, 0x9, 0xff, 0xc1, 0xc6, 0xf7, 0xc0, 0xda,
    0x39, 0x51, 0x32, 0x4e, 0x11, 0xc7, 0x0,

    /* U+8D56 "赖" */
    0x20, 0x80, 0x86, 0xf, 0xde, 0x8, 0x88, 0xfd,
    0xfa, 0x95, 0x2a, 0x54, 0xbf, 0x52, 0xa5, 0x48,
    0xe5, 0x26, 0xc4, 0x28, 0x2c, 0xa3, 0x18, 0x88,
    0x20,

    /* U+8D77 "起" */
    0x10, 0x0, 0x9f, 0xbf, 0x4, 0x20, 0x21, 0x1f,
    0x7e, 0x88, 0x44, 0xa, 0x21, 0x5d, 0xa, 0xe8,
    0x54, 0x7d, 0x60, 0xb, 0x0, 0x47, 0xfe, 0x0,
    0x0,

    /* U+8D8A "越" */
    0x10, 0x50, 0x41, 0x6f, 0xc4, 0x4, 0xff, 0x12,
    0x43, 0xf9, 0x61, 0x25, 0x14, 0xbc, 0x5f, 0x2d,
    0x49, 0xe7, 0x9, 0xac, 0x0, 0x98, 0x2, 0x3f,
    0xf0, 0x0, 0x0,

    /* U+8DDD "距" */
    0x79, 0xfd, 0x24, 0x4, 0x90, 0x12, 0x40, 0x79,
    0xf8, 0x44, 0x25, 0xd0, 0x94, 0x7e, 0x51, 0x9,
    0x44, 0x5, 0xd0, 0x38, 0x7f,

    /* U+8DDF "跟" */
    0x7b, 0xf9, 0x28, 0x24, 0xbf, 0x9e, 0x82, 0x12,
    0x8, 0x48, 0x25, 0x3f, 0x97, 0xb0, 0x52, 0x4d,
    0x49, 0xc5, 0x23, 0x3f, 0xf6, 0x3, 0x4,

    /* U+8DE8 "跨" */
    0x0, 0x41, 0xe3, 0x4, 0xff, 0xd2, 0x64, 0x7b,
    0x19, 0x5f, 0xf1, 0x0, 0x15, 0xff, 0x59, 0x1,
    0x4f, 0xe5, 0x0, 0x96, 0x6, 0xf8, 0x10, 0x3,
    0xc0,

    /* U+8DEF "路" */
    0x0, 0xc1, 0xe2, 0x4, 0x9f, 0x92, 0xe2, 0x7a,
    0xd1, 0x41, 0x81, 0xf, 0x14, 0xe7, 0x5a, 0x1,
    0x47, 0xe5, 0x10, 0x97, 0x42, 0xe1, 0xf8, 0x4,
    0x20,

    /* U+8DF3 "跳" */
    0x1, 0x21, 0xe4, 0x84, 0x92, 0x13, 0x4a, 0x7b,
    0x39, 0x44, 0x81, 0x12, 0x16, 0xcc, 0x57, 0x2d,
    0x54, 0x85, 0x12, 0x56, 0x89, 0xf2, 0x24, 0x10,
    0xf0,

    /* U+8EAB "身" */
    0x0, 0x0, 0x20, 0xf, 0xf8, 0x40, 0x43, 0xfe,
    0x10, 0x10, 0xff, 0xa4, 0x7, 0xff, 0xe0, 0x7,
    0x0, 0xc8, 0x1c, 0x43, 0x82, 0x60, 0xe0,

    /* U+8F6C "转" */
    0x20, 0x40, 0x81, 0xf, 0xdf, 0x90, 0x20, 0x40,
    0x81, 0x4f, 0xf9, 0x10, 0x3f, 0x40, 0x11, 0xf8,
    0x40, 0x6f, 0xd3, 0x4, 0x38, 0x10, 0x60, 0x40,
    0x40,

    /* U+8F7D "载" */
    0x8, 0x80, 0x22, 0xc7, 0xe9, 0x82, 0x20, 0xff,
    0xfc, 0x42, 0xf, 0xf8, 0x88, 0x14, 0x48, 0x51,
    0xfd, 0x80, 0x86, 0x1f, 0xf9, 0xc9, 0xa4, 0x24,
    0x60,

    /* U+8F83 "较" */
    0x20, 0x81, 0x2, 0x3f, 0xfe, 0x80, 0x4, 0x2,
    0x48, 0x9a, 0x48, 0x3f, 0x24, 0x11, 0x20, 0x87,
    0x3e, 0x30, 0x23, 0xc1, 0x33, 0x8a, 0x4,

    /* U+8F91 "辑" */
    0x20, 0x1, 0x1f, 0xbe, 0x84, 0x87, 0xe6, 0x21,
    0x53, 0xfe, 0x88, 0x5f, 0x7e, 0x22, 0x11, 0x1f,
    0xbe, 0x84, 0x4f, 0xf2, 0x1, 0x10, 0x8,

    /* U+8F93 "输" */
    0x20, 0x80, 0x87, 0xf, 0xb6, 0x10, 0x8c, 0x4f,
    0xfd, 0x80, 0xa, 0x74, 0xbf, 0x52, 0x27, 0x48,
    0x95, 0x2f, 0x74, 0x89, 0x42, 0x25, 0x8, 0x9c,
    0xe0,

    /* U+8FB9 "边" */
    0x41, 0x1, 0x84, 0x2, 0x10, 0x9, 0xfe, 0x1,
    0xb, 0x84, 0x22, 0x10, 0x88, 0xc2, 0x22, 0x8,
    0x98, 0x62, 0xcf, 0x18, 0x0, 0x50, 0x2, 0x3f,
    0xf0,

    /* U+8FBE "达" */
    0x40, 0x81, 0x82, 0x2, 0x8, 0x3, 0xfe, 0x0,
    0x83, 0x82, 0x2, 0x18, 0x8, 0x70, 0x21, 0x60,
    0x88, 0xc2, 0x41, 0x8b, 0x0, 0x50, 0x2, 0x3f,
    0xe0,

    /* U+8FC7 "过" */
    0x40, 0x23, 0x1, 0x8, 0x8, 0x1f, 0xf0, 0x2,
    0x72, 0x10, 0x98, 0x84, 0x44, 0x20, 0x21, 0x1,
    0x8, 0x70, 0xe0, 0x8, 0xff, 0x80,

    /* U+8FD0 "运" */
    0x40, 0x3, 0x3f, 0x88, 0x0, 0x0, 0x0, 0x0,
    0x77, 0xfc, 0x8c, 0x4, 0x4c, 0x24, 0x21, 0x7f,
    0x88, 0x4, 0xe0, 0x8, 0xff, 0x80,

    /* U+8FD4 "返" */
    0x0, 0x9, 0x9f, 0xe2, 0x40, 0x1, 0x0, 0x7,
    0xfb, 0x90, 0x42, 0x71, 0x9, 0x68, 0x24, 0x60,
    0xa3, 0x82, 0x99, 0x9, 0x82, 0x50, 0x2, 0x3f,
    0xe0,

    /* U+8FD9 "这" */
    0x41, 0x81, 0x4, 0xf, 0xfe, 0x0, 0x0, 0x42,
    0x73, 0x10, 0x8d, 0x4, 0x38, 0x21, 0xc1, 0x1b,
    0x9, 0x8c, 0x58, 0x25, 0x0, 0x47, 0xfc,

    /* U+8FDB "进" */
    0x2, 0x21, 0x8, 0x82, 0x22, 0xb, 0xfe, 0x2,
    0x23, 0x88, 0x82, 0x22, 0xb, 0xff, 0x26, 0x20,
    0x90, 0x82, 0x82, 0x18, 0x0, 0x50, 0x2, 0x3f,
    0xe0,

    /* U+8FDE "连" */
    0x1, 0x1, 0x84, 0x2, 0xff, 0xc8, 0x80, 0x2,
    0x43, 0x91, 0x2, 0x7f, 0xc8, 0x10, 0x20, 0x40,
    0xbf, 0xf2, 0x4, 0x18, 0x10, 0x50, 0x2, 0x3f,
    0xf0,

    /* U+8FF0 "述" */
    0x40, 0xa1, 0x82, 0xc2, 0x8, 0x3, 0xfe, 0x1,
    0x83, 0x87, 0x2, 0x2e, 0x9, 0x2c, 0x28, 0x88,
    0x82, 0x2, 0x8, 0x14, 0x0, 0x50, 0x2, 0x3f,
    0xe0,

    /* U+8FFD "追" */
    0x1, 0x1, 0x4, 0x2, 0x7f, 0xd, 0x4, 0x4,
    0x10, 0x1f, 0xc6, 0x40, 0x9, 0xfc, 0x24, 0x10,
    0x90, 0x42, 0x7f, 0x9, 0x4, 0x50, 0x2, 0x3f,
    0xe0,

    /* U+9000 "退" */
    0x67, 0xf0, 0x90, 0x40, 0x7f, 0x1, 0x4, 0xe4,
    0x10, 0x9f, 0xc2, 0x50, 0x89, 0x6e, 0x24, 0x60,
    0x96, 0xc2, 0x60, 0x94, 0x0, 0x8f, 0xf8,

    /* U+9002 "适" */
    0x0, 0x1, 0x9f, 0xe2, 0xc, 0x0, 0x30, 0xf,
    0xff, 0x83, 0x2, 0xc, 0x9, 0xfe, 0x24, 0x8,
    0x90, 0x22, 0x7f, 0x99, 0x2, 0x50, 0x2, 0x3f,
    0xf0,

    /* U+9009 "选" */
    0x0, 0x83, 0x14, 0x8, 0xa0, 0x6f, 0xf0, 0x48,
    0x72, 0x40, 0xbf, 0xe4, 0x28, 0x21, 0x41, 0xa,
    0x48, 0x92, 0x58, 0xf5, 0x0, 0x47, 0xfc,

    /* U+900F "透" */
    0x0, 0x1, 0x9f, 0xc2, 0x8, 0xb, 0xfe, 0x3,
    0xc3, 0xf2, 0xe2, 0x7e, 0x8, 0x88, 0x22, 0x30,
    0x88, 0x42, 0x41, 0xb, 0x1c, 0x50, 0x2, 0x3f,
    0xe0,

    /* U+901A "通" */
    0x67, 0xf8, 0xc0, 0xc0, 0x1c, 0x1, 0xfe, 0xe4,
    0x48, 0x9f, 0xe2, 0x44, 0x89, 0xfe, 0x24, 0x48,
    0x91, 0x22, 0x43, 0x94, 0x0, 0x8f, 0xfc,

    /* U+903B "逻" */
    0x4f, 0xf8, 0xa5, 0x22, 0x94, 0x83, 0xfe, 0xe9,
    0x8, 0x8f, 0xe2, 0x41, 0xa, 0x8c, 0x21, 0x60,
    0x83, 0x2, 0x30, 0x17, 0x0, 0x8f, 0xfc,

    /* U+9053 "道" */
    0x2, 0x11, 0xc, 0x82, 0xff, 0xc8, 0x20, 0x7,
    0xfb, 0x90, 0x22, 0x7f, 0x89, 0x2, 0x27, 0xf8,
    0x90, 0x22, 0x7f, 0x99, 0x2, 0x50, 0x2, 0x3f,
    0xf0,

    /* U+907F "避" */
    0x0, 0x11, 0x3c, 0x42, 0x9f, 0xc2, 0x51, 0xf,
    0x2b, 0xa4, 0x2, 0x8f, 0xcb, 0xc4, 0x35, 0x10,
    0xd5, 0xf2, 0x71, 0x19, 0x44, 0x50, 0x2, 0x3f,
    0xf0,

    /* U+90E8 "部" */
    0x10, 0x0, 0x23, 0xef, 0xfc, 0x80, 0x32, 0x24,
    0xc8, 0x93, 0x4f, 0xfd, 0x80, 0x32, 0x7e, 0xc5,
    0xb, 0x14, 0x2c, 0xd0, 0xbe, 0x7e, 0xc1, 0xb,
    0x0,

    /* U+90FD "都" */
    0x10, 0x0, 0x87, 0xff, 0xe2, 0x25, 0x31, 0x49,
    0x7f, 0xd8, 0x42, 0x47, 0xd3, 0xe2, 0x8d, 0x14,
    0x4f, 0xa2, 0x45, 0x73, 0xe8, 0x11, 0x40,

    /* U+914D "配" */
    0xff, 0xf1, 0x40, 0x8a, 0x5, 0xfc, 0x2a, 0xa1,
    0x55, 0xfa, 0xbc, 0x18, 0x60, 0xff, 0xc, 0x18,
    0x60, 0xc3, 0xfe, 0x28, 0x2f, 0x0,

    /* U+91CC "里" */
    0x7f, 0xf9, 0xc, 0x64, 0x31, 0x9f, 0xfe, 0x43,
    0x19, 0xc, 0x67, 0xff, 0x80, 0xc0, 0x7f, 0xf8,
    0xc, 0x0, 0x30, 0x3f, 0xff,

    /* U+91CD "重" */
    0x7f, 0xf0, 0x10, 0x3f, 0xfe, 0x4, 0x7, 0xff,
    0x21, 0x9, 0xff, 0xc8, 0x42, 0x7f, 0xf0, 0x10,
    0x1f, 0xfd, 0xff, 0xf0,

    /* U+9488 "针" */
    0x20, 0x41, 0x2, 0x1f, 0x10, 0x80, 0x8c, 0x4,
    0x5f, 0xfc, 0x41, 0x2, 0x8, 0xfc, 0x40, 0x82,
    0x4, 0x10, 0x28, 0x83, 0x84, 0x0, 0x20,

    /* U+94AE "钮" */
    0x20, 0x1, 0x3f, 0x9e, 0x44, 0x82, 0x28, 0x11,
    0x3c, 0x88, 0x84, 0x44, 0xfe, 0xf9, 0x11, 0x8,
    0x88, 0x44, 0x72, 0x22, 0x7f, 0x80,

    /* U+952E "键" */
    0x40, 0x21, 0x3b, 0xe7, 0x22, 0xa1, 0xff, 0x85,
    0xff, 0xf0, 0xa4, 0xe7, 0xbc, 0xfe, 0x4a, 0x21,
    0x28, 0x84, 0x5f, 0x9d, 0x80, 0x69, 0x0, 0x63,
    0xf0,

    /* U+955C "镜" */
    0x20, 0x81, 0x9f, 0xe7, 0x0, 0x30, 0x48, 0x8f,
    0xfd, 0xc0, 0x2, 0x7f, 0x89, 0x2, 0xf7, 0xf8,
    0x9f, 0xe2, 0x54, 0x8c, 0x51, 0x32, 0x64, 0xb0,
    0xe0,

    /* U+957F "长" */
    0x10, 0x0, 0x81, 0x4, 0x30, 0x27, 0x1, 0x60,
    0x8, 0x3, 0xff, 0xe2, 0x20, 0x11, 0x0, 0x84,
    0x4, 0x30, 0x2c, 0xe3, 0x81, 0x80, 0x0,

    /* U+95ED "闭" */
    0x40, 0x6, 0xff, 0x20, 0x18, 0x11, 0x81, 0x1b,
    0xfd, 0x83, 0x18, 0x51, 0x8d, 0x19, 0x91, 0xb1,
    0x1a, 0x11, 0x8e, 0x18, 0xf,

    /* U+95F4 "间" */
    0x40, 0x6, 0xff, 0x20, 0x12, 0x1, 0x9f, 0x99,
    0x9, 0x90, 0x99, 0xf9, 0x90, 0x99, 0x9, 0x9f,
    0x99, 0x1, 0x80, 0x18, 0xf,

    /* U+9608 "阈" */
    0x40, 0x6, 0xff, 0x20, 0x92, 0x29, 0x82, 0x1b,
    0xfd, 0xbd, 0x5a, 0x59, 0xa5, 0x9b, 0xd1, 0x82,
    0xdf, 0xcd, 0x80, 0x18, 0xf,

    /* U+9632 "防" */
    0x1, 0x7, 0x8c, 0x24, 0x21, 0x3f, 0xfa, 0x20,
    0x51, 0x2, 0x8f, 0xd6, 0x42, 0x92, 0x14, 0x90,
    0xa5, 0x85, 0xe8, 0x28, 0xc3, 0x48, 0xf0,

    /* U+963B "阻" */
    0xf7, 0xf4, 0xa0, 0xa9, 0x5, 0x48, 0x2a, 0x7f,
    0x52, 0xa, 0x90, 0x52, 0x82, 0x97, 0xf4, 0xa0,
    0xb9, 0x5, 0x3f, 0xf8, 0x0, 0x0,

    /* U+9664 "除" */
    0x1, 0x7, 0x8c, 0x24, 0xb1, 0x4c, 0xca, 0xc3,
    0x57, 0xfa, 0x84, 0x12, 0x20, 0x9f, 0xf4, 0x88,
    0x3d, 0x59, 0x12, 0x68, 0x91, 0x43, 0x80,

    /* U+968F "随" */
    0x8, 0x8f, 0x88, 0xab, 0xfa, 0x90, 0xa1, 0xed,
    0xb2, 0xad, 0xea, 0x92, 0xa9, 0xea, 0x92, 0xe9,
    0x28, 0x96, 0x94, 0xb, 0x3f,

    /* U+9694 "隔" */
    0xff, 0xf9, 0x0, 0xa7, 0xea, 0x42, 0xa7, 0xea,
    0x42, 0x9f, 0xf9, 0xa5, 0x9a, 0x9e, 0xfd, 0x89,
    0x18, 0x91, 0x89, 0x70,

    /* U+96F6 "零" */
    0x7f, 0xf0, 0x4, 0x7, 0xff, 0x90, 0x42, 0x59,
    0x68, 0xf5, 0x80, 0x68, 0x7, 0x58, 0x71, 0x1c,
    0x7f, 0x80, 0x4, 0x3, 0xa0, 0x1, 0xc0,

    /* U+9700 "需" */
    0x7f, 0xf0, 0x10, 0x3f, 0xff, 0x4, 0x11, 0xac,
    0x1d, 0x73, 0xff, 0xe0, 0x40, 0x7f, 0xf2, 0x44,
    0x92, 0x24, 0x91, 0x24, 0x8f, 0x0,

    /* U+975E "非" */
    0x4, 0x80, 0x12, 0x7, 0xcf, 0x81, 0x20, 0x4,
    0x80, 0x12, 0x7, 0xcf, 0x81, 0x20, 0x4, 0x80,
    0x12, 0xf, 0xcf, 0xc1, 0x20, 0x4, 0x80, 0x12,
    0x0,

    /* U+9876 "顶" */
    0x7, 0xff, 0xe1, 0x2, 0xc, 0x9, 0xfe, 0x26,
    0x8, 0x99, 0x22, 0x64, 0x89, 0x92, 0x26, 0x48,
    0x9b, 0x22, 0x1b, 0x39, 0xc6, 0x8, 0x0,

    /* U+9879 "项" */
    0x7, 0xff, 0xe1, 0x2, 0x4, 0x8, 0xfe, 0x22,
    0x8, 0x89, 0x22, 0x24, 0x88, 0x92, 0x22, 0x49,
    0xeb, 0x2c, 0xe, 0x0, 0xc6, 0xe, 0xc,

    /* U+987A "顺" */
    0x55, 0xfd, 0x51, 0x5, 0x44, 0x15, 0x7e, 0x55,
    0x9, 0x55, 0x25, 0x54, 0x95, 0x52, 0x55, 0x49,
    0x57, 0x2d, 0x4b, 0x21, 0x47, 0x0, 0x0,

    /* U+9898 "题" */
    0x7b, 0xfa, 0x42, 0x1e, 0x10, 0x93, 0xe7, 0x95,
    0x0, 0xab, 0xf5, 0x4a, 0x2a, 0x5c, 0xc2, 0x85,
    0x2c, 0xc5, 0x64, 0x8, 0xff, 0x80,

    /* U+989C "颜" */
    0x0, 0x0, 0x9f, 0xff, 0x10, 0x91, 0x82, 0xbf,
    0x7f, 0x2a, 0x29, 0x57, 0x4a, 0xa2, 0x54, 0xd2,
    0xad, 0xb5, 0x19, 0xcb, 0x31, 0x31, 0x0,

    /* U+9A71 "驱" */
    0xfb, 0xf8, 0x50, 0x16, 0x84, 0xa5, 0x25, 0x2b,
    0x69, 0x33, 0xe9, 0x81, 0x4c, 0x7a, 0x94, 0x5c,
    0x82, 0x80, 0x17, 0xf7, 0x0, 0x0,

    /* U+9A8C "验" */
    0x0, 0xc1, 0xe3, 0x0, 0x9e, 0x16, 0x4c, 0x52,
    0x19, 0x50, 0x35, 0x3f, 0x1e, 0x20, 0xe, 0x90,
    0xea, 0x4c, 0xa7, 0x2, 0x8, 0xf, 0xf9, 0xe0,
    0x0,

    /* U+9AD8 "高" */
    0x2, 0x7, 0xff, 0xc0, 0x0, 0x7f, 0xc3, 0xfe,
    0x10, 0x11, 0xff, 0xc8, 0x2, 0x4f, 0xd2, 0x42,
    0x93, 0xf4, 0x90, 0x24, 0x7, 0x0,

    /* U+9EC4 "黄" */
    0x8, 0x80, 0x44, 0x3f, 0xfe, 0x11, 0xf, 0xff,
    0x81, 0x0, 0xff, 0x84, 0x44, 0x3f, 0xe1, 0x11,
    0xf, 0xf8, 0x40, 0x43, 0x8e, 0x70, 0xc,

    /* U+9ED8 "默" */
    0x0, 0x21, 0xf8, 0x85, 0x22, 0x9d, 0x88, 0x53,
    0xfd, 0xf8, 0x85, 0x22, 0x1f, 0x88, 0x10, 0x51,
    0xf9, 0x40, 0x25, 0x9a, 0xa2, 0x51, 0x4, 0x0,
    0x10,

    /* U+FF08 "（" */
    0x29, 0x49, 0x24, 0x91, 0x22,

    /* U+FF09 "）" */
    0x89, 0x12, 0x49, 0x25, 0x28,

    /* U+FF0C "，" */
    0x58,

    /* U+FF1A "：" */
    0xc0, 0xc,

    /* U+FF1B "；" */
    0x60, 0x0, 0x1a, 0x40
};


/*---------------------
 *  GLYPH DESCRIPTION
 *--------------------*/

static const lv_font_fmt_txt_glyph_dsc_t glyph_dsc[] = {
    {.bitmap_index = 0, .adv_w = 0, .box_w = 0, .box_h = 0, .ofs_x = 0, .ofs_y = 0} /* id = 0 reserved */,
    {.bitmap_index = 0, .adv_w = 66, .box_w = 1, .box_h = 1, .ofs_x = 0, .ofs_y = 0},
    {.bitmap_index = 1, .adv_w = 70, .box_w = 1, .box_h = 11, .ofs_x = 2, .ofs_y = 0},
    {.bitmap_index = 3, .adv_w = 98, .box_w = 3, .box_h = 3, .ofs_x = 2, .ofs_y = 8},
    {.bitmap_index = 5, .adv_w = 143, .box_w = 9, .box_h = 10, .ofs_x = 0, .ofs_y = 1},
    {.bitmap_index = 17, .adv_w = 131, .box_w = 6, .box_h = 15, .ofs_x = 1, .ofs_y = -2},
    {.bitmap_index = 29, .adv_w = 199, .box_w = 11, .box_h = 11, .ofs_x = 1, .ofs_y = 0},
    {.bitmap_index = 45, .adv_w = 195, .box_w = 11, .box_h = 11, .ofs_x = 1, .ofs_y = 0},
    {.bitmap_index = 61, .adv_w = 57, .box_w = 1, .box_h = 3, .ofs_x = 1, .ofs_y = 8},
    {.bitmap_index = 62, .adv_w = 75, .box_w = 3, .box_h = 14, .ofs_x = 1, .ofs_y = -3},
    {.bitmap_index = 68, .adv_w = 75, .box_w = 3, .box_h = 14, .ofs_x = 0, .ofs_y = -3},
    {.bitmap_index = 74, .adv_w = 102, .box_w = 5, .box_h = 5, .ofs_x = 1, .ofs_y = 6},
    {.bitmap_index = 78, .adv_w = 166, .box_w = 7, .box_h = 7, .ofs_x = 2, .ofs_y = 1},
    {.bitmap_index = 85, .adv_w = 54, .box_w = 2, .box_h = 4, .ofs_x = 0, .ofs_y = -2},
    {.bitmap_index = 86, .adv_w = 97, .box_w = 4, .box_h = 1, .ofs_x = 1, .ofs_y = 4},
    {.bitmap_index = 87, .adv_w = 54, .box_w = 2, .box_h = 2, .ofs_x = 1, .ofs_y = 0},
    {.bitmap_index = 88, .adv_w = 96, .box_w = 6, .box_h = 13, .ofs_x = 0, .ofs_y = -2},
    {.bitmap_index = 98, .adv_w = 131, .box_w = 7, .box_h = 11, .ofs_x = 1, .ofs_y = 0},
    {.bitmap_index = 108, .adv_w = 131, .box_w = 3, .box_h = 11, .ofs_x = 2, .ofs_y = 0},
    {.bitmap_index = 113, .adv_w = 131, .box_w = 6, .box_h = 11, .ofs_x = 1, .ofs_y = 0},
    {.bitmap_index = 122, .adv_w = 131, .box_w = 7, .box_h = 11, .ofs_x = 0, .ofs_y = 0},
    {.bitmap_index = 132, .adv_w = 131, .box_w = 8, .box_h = 11, .ofs_x = 1, .ofs_y = 0},
    {.bitmap_index = 143, .adv_w = 131, .box_w = 6, .box_h = 11, .ofs_x = 1, .ofs_y = 0},
    {.bitmap_index = 152, .adv_w = 131, .box_w = 7, .box_h = 11, .ofs_x = 1, .ofs_y = 0},
    {.bitmap_index = 162, .adv_w = 131, .box_w = 7, .box_h = 11, .ofs_x = 1, .ofs_y = 0},
    {.bitmap_index = 172, .adv_w = 131, .box_w = 7, .box_h = 11, .ofs_x = 1, .ofs_y = 0},
    {.bitmap_index = 182, .adv_w = 131, .box_w = 7, .box_h = 11, .ofs_x = 1, .ofs_y = 0},
    {.bitmap_index = 192, .adv_w = 54, .box_w = 2, .box_h = 8, .ofs_x = 1, .ofs_y = 0},
    {.bitmap_index = 194, .adv_w = 54, .box_w = 3, .box_h = 10, .ofs_x = 0, .ofs_y = -2},
    {.bitmap_index = 198, .adv_w = 166, .box_w = 7, .box_h = 7, .ofs_x = 2, .ofs_y = 1},
    {.bitmap_index = 205, .adv_w = 166, .box_w = 7, .box_h = 4, .ofs_x = 2, .ofs_y = 2},
    {.bitmap_index = 209, .adv_w = 166, .box_w = 7, .box_h = 7, .ofs_x = 2, .ofs_y = 1},
    {.bitmap_index = 216, .adv_w = 108, .box_w = 6, .box_h = 11, .ofs_x = 0, .ofs_y = 0},
    {.bitmap_index = 225, .adv_w = 231, .box_w = 12, .box_h = 13, .ofs_x = 1, .ofs_y = -2},
    {.bitmap_index = 245, .adv_w = 158, .box_w = 10, .box_h = 11, .ofs_x = 0, .ofs_y = 0},
    {.bitmap_index = 259, .adv_w = 141, .box_w = 6, .box_h = 11, .ofs_x = 1, .ofs_y = 0},
    {.bitmap_index = 268, .adv_w = 150, .box_w = 8, .box_h = 11, .ofs_x = 1, .ofs_y = 0},
    {.bitmap_index = 279, .adv_w = 171, .box_w = 8, .box_h = 11, .ofs_x = 1, .ofs_y = 0},
    {.bitmap_index = 290, .adv_w = 123, .box_w = 5, .box_h = 11, .ofs_x = 1, .ofs_y = 0},
    {.bitmap_index = 297, .adv_w = 119, .box_w = 5, .box_h = 11, .ofs_x = 1, .ofs_y = 0},
    {.bitmap_index = 304, .adv_w = 167, .box_w = 9, .box_h = 11, .ofs_x = 1, .ofs_y = 0},
    {.bitmap_index = 317, .adv_w = 173, .box_w = 8, .box_h = 11, .ofs_x = 1, .ofs_y = 0},
    {.bitmap_index = 328, .adv_w = 66, .box_w = 1, .box_h = 11, .ofs_x = 1, .ofs_y = 0},
    {.bitmap_index = 330, .adv_w = 89, .box_w = 4, .box_h = 11, .ofs_x = 0, .ofs_y = 0},
    {.bitmap_index = 336, .adv_w = 142, .box_w = 7, .box_h = 11, .ofs_x = 1, .ofs_y = 0},
    {.bitmap_index = 346, .adv_w = 115, .box_w = 5, .box_h = 11, .ofs_x = 1, .ofs_y = 0},
    {.bitmap_index = 353, .adv_w = 219, .box_w = 11, .box_h = 11, .ofs_x = 1, .ofs_y = 0},
    {.bitmap_index = 369, .adv_w = 182, .box_w = 8, .box_h = 11, .ofs_x = 1, .ofs_y = 0},
    {.bitmap_index = 380, .adv_w = 183, .box_w = 10, .box_h = 11, .ofs_x = 1, .ofs_y = 0},
    {.bitmap_index = 394, .adv_w = 137, .box_w = 6, .box_h = 11, .ofs_x = 1, .ofs_y = 0},
    {.bitmap_index = 403, .adv_w = 183, .box_w = 11, .box_h = 13, .ofs_x = 1, .ofs_y = -2},
    {.bitmap_index = 421, .adv_w = 146, .box_w = 7, .box_h = 11, .ofs_x = 1, .ofs_y = 0},
    {.bitmap_index = 431, .adv_w = 129, .box_w = 6, .box_h = 11, .ofs_x = 1, .ofs_y = 0},
    {.bitmap_index = 440, .adv_w = 128, .box_w = 7, .box_h = 11, .ofs_x = 1, .ofs_y = 0},
    {.bitmap_index = 450, .adv_w = 167, .box_w = 8, .box_h = 11, .ofs_x = 1, .ofs_y = 0},
    {.bitmap_index = 461, .adv_w = 151, .box_w = 9, .box_h = 11, .ofs_x = 0, .ofs_y = 0},
    {.bitmap_index = 474, .adv_w = 228, .box_w = 14, .box_h = 11, .ofs_x = 0, .ofs_y = 0},
    {.bitmap_index = 494, .adv_w = 144, .box_w = 9, .box_h = 11, .ofs_x = 0, .ofs_y = 0},
    {.bitmap_index = 507, .adv_w = 135, .box_w = 7, .box_h = 11, .ofs_x = 1, .ofs_y = 0},
    {.bitmap_index = 517, .adv_w = 139, .box_w = 8, .box_h = 11, .ofs_x = 1, .ofs_y = 0},
    {.bitmap_index = 528, .adv_w = 75, .box_w = 3, .box_h = 13, .ofs_x = 1, .ofs_y = -2},
    {.bitmap_index = 533, .adv_w = 93, .box_w = 6, .box_h = 13, .ofs_x = 0, .ofs_y = -2},
    {.bitmap_index = 543, .adv_w = 75, .box_w = 3, .box_h = 13, .ofs_x = 0, .ofs_y = -2},
    {.bitmap_index = 548, .adv_w = 166, .box_w = 7, .box_h = 7, .ofs_x = 2, .ofs_y = 5},
    {.bitmap_index = 555, .adv_w = 100, .box_w = 6, .box_h = 1, .ofs_x = 0, .ofs_y = -4},
    {.bitmap_index = 556, .adv_w = 66, .box_w = 3, .box_h = 3, .ofs_x = 1, .ofs_y = 9},
    {.bitmap_index = 558, .adv_w = 124, .box_w = 6, .box_h = 8, .ofs_x = 1, .ofs_y = 0},
    {.bitmap_index = 564, .adv_w = 143, .box_w = 7, .box_h = 12, .ofs_x = 1, .ofs_y = 0},
    {.bitmap_index = 575, .adv_w = 112, .box_w = 6, .box_h = 8, .ofs_x = 1, .ofs_y = 0},
    {.bitmap_index = 581, .adv_w = 143, .box_w = 7, .box_h = 12, .ofs_x = 1, .ofs_y = 0},
    {.bitmap_index = 592, .adv_w = 127, .box_w = 7, .box_h = 8, .ofs_x = 1, .ofs_y = 0},
    {.bitmap_index = 599, .adv_w = 78, .box_w = 5, .box_h = 12, .ofs_x = 1, .ofs_y = 0},
    {.bitmap_index = 607, .adv_w = 143, .box_w = 7, .box_h = 12, .ofs_x = 1, .ofs_y = -4},
    {.bitmap_index = 618, .adv_w = 138, .box_w = 6, .box_h = 12, .ofs_x = 1, .ofs_y = 0},
    {.bitmap_index = 627, .adv_w = 60, .box_w = 1, .box_h = 12, .ofs_x = 1, .ofs_y = 0},
    {.bitmap_index = 629, .adv_w = 60, .box_w = 4, .box_h = 16, .ofs_x = -2, .ofs_y = -4},
    {.bitmap_index = 637, .adv_w = 122, .box_w = 6, .box_h = 12, .ofs_x = 1, .ofs_y = 0},
    {.bitmap_index = 646, .adv_w = 60, .box_w = 1, .box_h = 12, .ofs_x = 1, .ofs_y = 0},
    {.bitmap_index = 648, .adv_w = 210, .box_w = 11, .box_h = 8, .ofs_x = 1, .ofs_y = 0},
    {.bitmap_index = 659, .adv_w = 138, .box_w = 6, .box_h = 8, .ofs_x = 1, .ofs_y = 0},
    {.bitmap_index = 665, .adv_w = 142, .box_w = 7, .box_h = 8, .ofs_x = 1, .ofs_y = 0},
    {.bitmap_index = 672, .adv_w = 143, .box_w = 7, .box_h = 12, .ofs_x = 1, .ofs_y = -4},
    {.bitmap_index = 683, .adv_w = 143, .box_w = 7, .box_h = 12, .ofs_x = 1, .ofs_y = -4},
    {.bitmap_index = 694, .adv_w = 86, .box_w = 4, .box_h = 8, .ofs_x = 1, .ofs_y = 0},
    {.bitmap_index = 698, .adv_w = 104, .box_w = 5, .box_h = 8, .ofs_x = 1, .ofs_y = 0},
    {.bitmap_index = 703, .adv_w = 83, .box_w = 5, .box_h = 10, .ofs_x = 1, .ofs_y = 0},
    {.bitmap_index = 710, .adv_w = 138, .box_w = 6, .box_h = 8, .ofs_x = 1, .ofs_y = 0},
    {.bitmap_index = 716, .adv_w = 118, .box_w = 7, .box_h = 8, .ofs_x = 0, .ofs_y = 0},
    {.bitmap_index = 723, .adv_w = 177, .box_w = 11, .box_h = 8, .ofs_x = 0, .ofs_y = 0},
    {.bitmap_index = 734, .adv_w = 114, .box_w = 7, .box_h = 8, .ofs_x = 0, .ofs_y = 0},
    {.bitmap_index = 741, .adv_w = 119, .box_w = 7, .box_h = 12, .ofs_x = 0, .ofs_y = -4},
    {.bitmap_index = 752, .adv_w = 110, .box_w = 6, .box_h = 8, .ofs_x = 1, .ofs_y = 0},
    {.bitmap_index = 758, .adv_w = 75, .box_w = 3, .box_h = 13, .ofs_x = 1, .ofs_y = -2},
    {.bitmap_index = 763, .adv_w = 60, .box_w = 1, .box_h = 16, .ofs_x = 1, .ofs_y = -4},
    {.bitmap_index = 765, .adv_w = 75, .box_w = 3, .box_h = 13, .ofs_x = 1, .ofs_y = -2},
    {.bitmap_index = 770, .adv_w = 166, .box_w = 8, .box_h = 2, .ofs_x = 2, .ofs_y = 3},
    {.bitmap_index = 772, .adv_w = 242, .box_w = 15, .box_h = 1, .ofs_x = 0, .ofs_y = 4},
    {.bitmap_index = 774, .adv_w = 224, .box_w = 3, .box_h = 3, .ofs_x = 1, .ofs_y = -2},
    {.bitmap_index = 776, .adv_w = 224, .box_w = 3, .box_h = 4, .ofs_x = 1, .ofs_y = -2},
    {.bitmap_index = 778, .adv_w = 224, .box_w = 14, .box_h = 1, .ofs_x = 0, .ofs_y = 5},
    {.bitmap_index = 780, .adv_w = 224, .box_w = 13, .box_h = 13, .ofs_x = 0, .ofs_y = -1},
    {.bitmap_index = 802, .adv_w = 224, .box_w = 13, .box_h = 12, .ofs_x = 0, .ofs_y = -2},
    {.bitmap_index = 822, .adv_w = 224, .box_w = 13, .box_h = 12, .ofs_x = 0, .ofs_y = -2},
    {.bitmap_index = 842, .adv_w = 224, .box_w = 13, .box_h = 14, .ofs_x = 0, .ofs_y = -2},
    {.bitmap_index = 865, .adv_w = 224, .box_w = 13, .box_h = 14, .ofs_x = 1, .ofs_y = -2},
    {.bitmap_index = 888, .adv_w = 224, .box_w = 14, .box_h = 12, .ofs_x = 0, .ofs_y = -1},
    {.bitmap_index = 909, .adv_w = 224, .box_w = 13, .box_h = 13, .ofs_x = 0, .ofs_y = -2},
    {.bitmap_index = 931, .adv_w = 224, .box_w = 13, .box_h = 13, .ofs_x = 0, .ofs_y = -2},
    {.bitmap_index = 953, .adv_w = 224, .box_w = 12, .box_h = 14, .ofs_x = 1, .ofs_y = -2},
    {.bitmap_index = 974, .adv_w = 224, .box_w = 12, .box_h = 14, .ofs_x = 1, .ofs_y = -2},
    {.bitmap_index = 995, .adv_w = 224, .box_w = 12, .box_h = 15, .ofs_x = 1, .ofs_y = -3},
    {.bitmap_index = 1018, .adv_w = 224, .box_w = 13, .box_h = 13, .ofs_x = 0, .ofs_y = -1},
    {.bitmap_index = 1040, .adv_w = 224, .box_w = 14, .box_h = 13, .ofs_x = 0, .ofs_y = -2},
    {.bitmap_index = 1063, .adv_w = 224, .box_w = 14, .box_h = 14, .ofs_x = 0, .ofs_y = -2},
    {.bitmap_index = 1088, .adv_w = 224, .box_w = 14, .box_h = 13, .ofs_x = 0, .ofs_y = -1},
    {.bitmap_index = 1111, .adv_w = 224, .box_w = 13, .box_h = 14, .ofs_x = 0, .ofs_y = -2},
    {.bitmap_index = 1134, .adv_w = 224, .box_w = 13, .box_h = 13, .ofs_x = 0, .ofs_y = -2},
    {.bitmap_index = 1156, .adv_w = 224, .box_w = 13, .box_h = 11, .ofs_x = 1, .ofs_y = -1},
    {.bitmap_index = 1174, .adv_w = 224, .box_w = 13, .box_h = 13, .ofs_x = 1, .ofs_y = -1},
    {.bitmap_index = 1196, .adv_w = 224, .box_w = 13, .box_h = 13, .ofs_x = 1, .ofs_y = -2},
    {.bitmap_index = 1218, .adv_w = 224, .box_w = 13, .box_h = 14, .ofs_x = 0, .ofs_y = -2},
    {.bitmap_index = 1241, .adv_w = 224, .box_w = 14, .box_h = 14, .ofs_x = 0, .ofs_y = -2},
    {.bitmap_index = 1266, .adv_w = 224, .box_w = 13, .box_h = 14, .ofs_x = 0, .ofs_y = -2},
    {.bitmap_index = 1289, .adv_w = 224, .box_w = 13, .box_h = 14, .ofs_x = 0, .ofs_y = -2},
    {.bitmap_index = 1312, .adv_w = 224, .box_w = 14, .box_h = 14, .ofs_x = 0, .ofs_y = -2},
    {.bitmap_index = 1337, .adv_w = 224, .box_w = 14, .box_h = 14, .ofs_x = 0, .ofs_y = -2},
    {.bitmap_index = 1362, .adv_w = 224, .box_w = 15, .box_h = 14, .ofs_x = -1, .ofs_y = -2},
    {.bitmap_index = 1389, .adv_w = 224, .box_w = 14, .box_h = 14, .ofs_x = 0, .ofs_y = -2},
    {.bitmap_index = 1414, .adv_w = 224, .box_w = 14, .box_h = 14, .ofs_x = 0, .ofs_y = -2},
    {.bitmap_index = 1439, .adv_w = 224, .box_w = 13, .box_h = 14, .ofs_x = 0, .ofs_y = -2},
    {.bitmap_index = 1462, .adv_w = 224, .box_w = 14, .box_h = 14, .ofs_x = 0, .ofs_y = -2},
    {.bitmap_index = 1487, .adv_w = 224, .box_w = 15, .box_h = 14, .ofs_x = -1, .ofs_y = -2},
    {.bitmap_index = 1514, .adv_w = 224, .box_w = 14, .box_h = 14, .ofs_x = 0, .ofs_y = -2},
    {.bitmap_index = 1539, .adv_w = 224, .box_w = 13, .box_h = 14, .ofs_x = 0, .ofs_y = -2},
    {.bitmap_index = 1562, .adv_w = 224, .box_w = 14, .box_h = 13, .ofs_x = 0, .ofs_y = -2},
    {.bitmap_index = 1585, .adv_w = 224, .box_w = 14, .box_h = 14, .ofs_x = 0, .ofs_y = -2},
    {.bitmap_index = 1610, .adv_w = 224, .box_w = 14, .box_h = 14, .ofs_x = 0, .ofs_y = -2},
    {.bitmap_index = 1635, .adv_w = 224, .box_w = 14, .box_h = 14, .ofs_x = 0, .ofs_y = -2},
    {.bitmap_index = 1660, .adv_w = 224, .box_w = 14, .box_h = 14, .ofs_x = 0, .ofs_y = -2},
    {.bitmap_index = 1685, .adv_w = 224, .box_w = 14, .box_h = 13, .ofs_x = 0, .ofs_y = -2},
    {.bitmap_index = 1708, .adv_w = 224, .box_w = 14, .box_h = 14, .ofs_x = 0, .ofs_y = -2},
    {.bitmap_index = 1733, .adv_w = 224, .box_w = 14, .box_h = 14, .ofs_x = 0, .ofs_y = -2},
    {.bitmap_index = 1758, .adv_w = 224, .box_w = 13, .box_h = 14, .ofs_x = 0, .ofs_y = -2},
    {.bitmap_index = 1781, .adv_w = 224, .box_w = 14, .box_h = 14, .ofs_x = 0, .ofs_y = -2},
    {.bitmap_index = 1806, .adv_w = 224, .box_w = 13, .box_h = 14, .ofs_x = 1, .ofs_y = -2},
    {.bitmap_index = 1829, .adv_w = 224, .box_w = 13, .box_h = 14, .ofs_x = 1, .ofs_y = -2},
    {.bitmap_index = 1852, .adv_w = 224, .box_w = 14, .box_h = 12, .ofs_x = 0, .ofs_y = -1},
    {.bitmap_index = 1873, .adv_w = 224, .box_w = 14, .box_h = 13, .ofs_x = 0, .ofs_y = -1},
    {.bitmap_index = 1896, .adv_w = 224, .box_w = 13, .box_h = 13, .ofs_x = 1, .ofs_y = -2},
    {.bitmap_index = 1918, .adv_w = 224, .box_w = 13, .box_h = 14, .ofs_x = 0, .ofs_y = -2},
    {.bitmap_index = 1941, .adv_w = 224, .box_w = 13, .box_h = 14, .ofs_x = 1, .ofs_y = -2},
    {.bitmap_index = 1964, .adv_w = 224, .box_w = 13, .box_h = 13, .ofs_x = 1, .ofs_y = -1},
    {.bitmap_index = 1986, .adv_w = 224, .box_w = 13, .box_h = 14, .ofs_x = 1, .ofs_y = -2},
    {.bitmap_index = 2009, .adv_w = 224, .box_w = 11, .box_h = 14, .ofs_x = 1, .ofs_y = -2},
    {.bitmap_index = 2029, .adv_w = 224, .box_w = 13, .box_h = 13, .ofs_x = 1, .ofs_y = -2},
    {.bitmap_index = 2051, .adv_w = 224, .box_w = 13, .box_h = 13, .ofs_x = 1, .ofs_y = -2},
    {.bitmap_index = 2073, .adv_w = 224, .box_w = 13, .box_h = 13, .ofs_x = 0, .ofs_y = -2},
    {.bitmap_index = 2095, .adv_w = 224, .box_w = 13, .box_h = 13, .ofs_x = 1, .ofs_y = -2},
    {.bitmap_index = 2117, .adv_w = 224, .box_w = 13, .box_h = 13, .ofs_x = 0, .ofs_y = -2},
    {.bitmap_index = 2139, .adv_w = 224, .box_w = 11, .box_h = 14, .ofs_x = 1, .ofs_y = -2},
    {.bitmap_index = 2159, .adv_w = 224, .box_w = 13, .box_h = 14, .ofs_x = 0, .ofs_y = -2},
    {.bitmap_index = 2182, .adv_w = 224, .box_w = 12, .box_h = 13, .ofs_x = 1, .ofs_y = -2},
    {.bitmap_index = 2202, .adv_w = 224, .box_w = 14, .box_h = 14, .ofs_x = 0, .ofs_y = -2},
    {.bitmap_index = 2227, .adv_w = 224, .box_w = 13, .box_h = 14, .ofs_x = 0, .ofs_y = -2},
    {.bitmap_index = 2250, .adv_w = 224, .box_w = 12, .box_h = 14, .ofs_x = 0, .ofs_y = -2},
    {.bitmap_index = 2271, .adv_w = 224, .box_w = 13, .box_h = 14, .ofs_x = 0, .ofs_y = -2},
    {.bitmap_index = 2294, .adv_w = 224, .box_w = 13, .box_h = 14, .ofs_x = 0, .ofs_y = -2},
    {.bitmap_index = 2317, .adv_w = 224, .box_w = 13, .box_h = 14, .ofs_x = 0, .ofs_y = -2},
    {.bitmap_index = 2340, .adv_w = 224, .box_w = 13, .box_h = 14, .ofs_x = 0, .ofs_y = -2},
    {.bitmap_index = 2363, .adv_w = 224, .box_w = 13, .box_h = 14, .ofs_x = 0, .ofs_y = -2},
    {.bitmap_index = 2386, .adv_w = 224, .box_w = 12, .box_h = 14, .ofs_x = 1, .ofs_y = -2},
    {.bitmap_index = 2407, .adv_w = 224, .box_w = 13, .box_h = 14, .ofs_x = 1, .ofs_y = -2},
    {.bitmap_index = 2430, .adv_w = 224, .box_w = 12, .box_h = 14, .ofs_x = 1, .ofs_y = -2},
    {.bitmap_index = 2451, .adv_w = 224, .box_w = 13, .box_h = 14, .ofs_x = 0, .ofs_y = -2},
    {.bitmap_index = 2474, .adv_w = 224, .box_w = 14, .box_h = 13, .ofs_x = 0, .ofs_y = -2},
    {.bitmap_index = 2497, .adv_w = 224, .box_w = 13, .box_h = 14, .ofs_x = 0, .ofs_y = -2},
    {.bitmap_index = 2520, .adv_w = 224, .box_w = 13, .box_h = 14, .ofs_x = 1, .ofs_y = -2},
    {.bitmap_index = 2543, .adv_w = 224, .box_w = 12, .box_h = 12, .ofs_x = 1, .ofs_y = -1},
    {.bitmap_index = 2561, .adv_w = 224, .box_w = 12, .box_h = 12, .ofs_x = 1, .ofs_y = -1},
    {.bitmap_index = 2579, .adv_w = 224, .box_w = 13, .box_h = 14, .ofs_x = 0, .ofs_y = -2},
    {.bitmap_index = 2602, .adv_w = 224, .box_w = 13, .box_h = 14, .ofs_x = 0, .ofs_y = -2},
    {.bitmap_index = 2625, .adv_w = 224, .box_w = 13, .box_h = 14, .ofs_x = 0, .ofs_y = -2},
    {.bitmap_index = 2648, .adv_w = 224, .box_w = 11, .box_h = 14, .ofs_x = 2, .ofs_y = -2},
    {.bitmap_index = 2668, .adv_w = 224, .box_w = 12, .box_h = 13, .ofs_x = 1, .ofs_y = -2},
    {.bitmap_index = 2688, .adv_w = 224, .box_w = 14, .box_h = 13, .ofs_x = 0, .ofs_y = -2},
    {.bitmap_index = 2711, .adv_w = 224, .box_w = 14, .box_h = 13, .ofs_x = 0, .ofs_y = -2},
    {.bitmap_index = 2734, .adv_w = 224, .box_w = 14, .box_h = 14, .ofs_x = 0, .ofs_y = -2},
    {.bitmap_index = 2759, .adv_w = 224, .box_w = 14, .box_h = 13, .ofs_x = 0, .ofs_y = -2},
    {.bitmap_index = 2782, .adv_w = 224, .box_w = 13, .box_h = 13, .ofs_x = 1, .ofs_y = -2},
    {.bitmap_index = 2804, .adv_w = 224, .box_w = 13, .box_h = 13, .ofs_x = 0, .ofs_y = -2},
    {.bitmap_index = 2826, .adv_w = 224, .box_w = 14, .box_h = 13, .ofs_x = 0, .ofs_y = -2},
    {.bitmap_index = 2849, .adv_w = 224, .box_w = 13, .box_h = 14, .ofs_x = 1, .ofs_y = -2},
    {.bitmap_index = 2872, .adv_w = 224, .box_w = 13, .box_h = 13, .ofs_x = 0, .ofs_y = -2},
    {.bitmap_index = 2894, .adv_w = 224, .box_w = 12, .box_h = 13, .ofs_x = 1, .ofs_y = -2},
    {.bitmap_index = 2914, .adv_w = 224, .box_w = 12, .box_h = 14, .ofs_x = 0, .ofs_y = -2},
    {.bitmap_index = 2935, .adv_w = 224, .box_w = 14, .box_h = 13, .ofs_x = 0, .ofs_y = -2},
    {.bitmap_index = 2958, .adv_w = 224, .box_w = 12, .box_h = 14, .ofs_x = 1, .ofs_y = -2},
    {.bitmap_index = 2979, .adv_w = 224, .box_w = 14, .box_h = 13, .ofs_x = 0, .ofs_y = -2},
    {.bitmap_index = 3002, .adv_w = 224, .box_w = 14, .box_h = 14, .ofs_x = 0, .ofs_y = -2},
    {.bitmap_index = 3027, .adv_w = 224, .box_w = 13, .box_h = 14, .ofs_x = 0, .ofs_y = -2},
    {.bitmap_index = 3050, .adv_w = 224, .box_w = 13, .box_h = 14, .ofs_x = 0, .ofs_y = -2},
    {.bitmap_index = 3073, .adv_w = 224, .box_w = 12, .box_h = 14, .ofs_x = 1, .ofs_y = -2},
    {.bitmap_index = 3094, .adv_w = 224, .box_w = 13, .box_h = 13, .ofs_x = 1, .ofs_y = -2},
    {.bitmap_index = 3116, .adv_w = 224, .box_w = 13, .box_h = 14, .ofs_x = 1, .ofs_y = -2},
    {.bitmap_index = 3139, .adv_w = 224, .box_w = 14, .box_h = 13, .ofs_x = 0, .ofs_y = -2},
    {.bitmap_index = 3162, .adv_w = 224, .box_w = 12, .box_h = 13, .ofs_x = 1, .ofs_y = -2},
    {.bitmap_index = 3182, .adv_w = 224, .box_w = 12, .box_h = 13, .ofs_x = 1, .ofs_y = -2},
    {.bitmap_index = 3202, .adv_w = 224, .box_w = 13, .box_h = 14, .ofs_x = 1, .ofs_y = -2},
    {.bitmap_index = 3225, .adv_w = 224, .box_w = 13, .box_h = 13, .ofs_x = 0, .ofs_y = -1},
    {.bitmap_index = 3247, .adv_w = 224, .box_w = 13, .box_h = 14, .ofs_x = 0, .ofs_y = -2},
    {.bitmap_index = 3270, .adv_w = 224, .box_w = 14, .box_h = 13, .ofs_x = 0, .ofs_y = -1},
    {.bitmap_index = 3293, .adv_w = 224, .box_w = 13, .box_h = 14, .ofs_x = 0, .ofs_y = -2},
    {.bitmap_index = 3316, .adv_w = 224, .box_w = 13, .box_h = 13, .ofs_x = 1, .ofs_y = -1},
    {.bitmap_index = 3338, .adv_w = 224, .box_w = 14, .box_h = 14, .ofs_x = 0, .ofs_y = -2},
    {.bitmap_index = 3363, .adv_w = 224, .box_w = 13, .box_h = 13, .ofs_x = 0, .ofs_y = -1},
    {.bitmap_index = 3385, .adv_w = 224, .box_w = 13, .box_h = 14, .ofs_x = 1, .ofs_y = -2},
    {.bitmap_index = 3408, .adv_w = 224, .box_w = 13, .box_h = 14, .ofs_x = 1, .ofs_y = -2},
    {.bitmap_index = 3431, .adv_w = 224, .box_w = 13, .box_h = 13, .ofs_x = 0, .ofs_y = -2},
    {.bitmap_index = 3453, .adv_w = 224, .box_w = 14, .box_h = 14, .ofs_x = 0, .ofs_y = -2},
    {.bitmap_index = 3478, .adv_w = 224, .box_w = 13, .box_h = 14, .ofs_x = 0, .ofs_y = -2},
    {.bitmap_index = 3501, .adv_w = 224, .box_w = 13, .box_h = 14, .ofs_x = 0, .ofs_y = -2},
    {.bitmap_index = 3524, .adv_w = 224, .box_w = 13, .box_h = 14, .ofs_x = 0, .ofs_y = -2},
    {.bitmap_index = 3547, .adv_w = 224, .box_w = 13, .box_h = 14, .ofs_x = 0, .ofs_y = -2},
    {.bitmap_index = 3570, .adv_w = 224, .box_w = 13, .box_h = 14, .ofs_x = 0, .ofs_y = -2},
    {.bitmap_index = 3593, .adv_w = 224, .box_w = 13, .box_h = 14, .ofs_x = 0, .ofs_y = -2},
    {.bitmap_index = 3616, .adv_w = 224, .box_w = 14, .box_h = 13, .ofs_x = 0, .ofs_y = -2},
    {.bitmap_index = 3639, .adv_w = 224, .box_w = 14, .box_h = 14, .ofs_x = 0, .ofs_y = -2},
    {.bitmap_index = 3664, .adv_w = 224, .box_w = 13, .box_h = 14, .ofs_x = 1, .ofs_y = -2},
    {.bitmap_index = 3687, .adv_w = 224, .box_w = 13, .box_h = 14, .ofs_x = 1, .ofs_y = -2},
    {.bitmap_index = 3710, .adv_w = 224, .box_w = 13, .box_h = 15, .ofs_x = 0, .ofs_y = -3},
    {.bitmap_index = 3735, .adv_w = 224, .box_w = 13, .box_h = 14, .ofs_x = 1, .ofs_y = -2},
    {.bitmap_index = 3758, .adv_w = 224, .box_w = 14, .box_h = 14, .ofs_x = 0, .ofs_y = -2},
    {.bitmap_index = 3783, .adv_w = 224, .box_w = 13, .box_h = 14, .ofs_x = 1, .ofs_y = -2},
    {.bitmap_index = 3806, .adv_w = 224, .box_w = 13, .box_h = 14, .ofs_x = 1, .ofs_y = -2},
    {.bitmap_index = 3829, .adv_w = 224, .box_w = 13, .box_h = 14, .ofs_x = 1, .ofs_y = -2},
    {.bitmap_index = 3852, .adv_w = 224, .box_w = 13, .box_h = 14, .ofs_x = 1, .ofs_y = -2},
    {.bitmap_index = 3875, .adv_w = 224, .box_w = 13, .box_h = 14, .ofs_x = 0, .ofs_y = -2},
    {.bitmap_index = 3898, .adv_w = 224, .box_w = 14, .box_h = 12, .ofs_x = 0, .ofs_y = -1},
    {.bitmap_index = 3919, .adv_w = 224, .box_w = 13, .box_h = 13, .ofs_x = 1, .ofs_y = -2},
    {.bitmap_index = 3941, .adv_w = 224, .box_w = 14, .box_h = 13, .ofs_x = 0, .ofs_y = -2},
    {.bitmap_index = 3964, .adv_w = 224, .box_w = 14, .box_h = 13, .ofs_x = 0, .ofs_y = -2},
    {.bitmap_index = 3987, .adv_w = 224, .box_w = 13, .box_h = 13, .ofs_x = 1, .ofs_y = -2},
    {.bitmap_index = 4009, .adv_w = 224, .box_w = 14, .box_h = 13, .ofs_x = 0, .ofs_y = -1},
    {.bitmap_index = 4032, .adv_w = 224, .box_w = 13, .box_h = 12, .ofs_x = 1, .ofs_y = -1},
    {.bitmap_index = 4052, .adv_w = 224, .box_w = 13, .box_h = 14, .ofs_x = 1, .ofs_y = -2},
    {.bitmap_index = 4075, .adv_w = 224, .box_w = 13, .box_h = 14, .ofs_x = 0, .ofs_y = -2},
    {.bitmap_index = 4098, .adv_w = 224, .box_w = 13, .box_h = 14, .ofs_x = 1, .ofs_y = -2},
    {.bitmap_index = 4121, .adv_w = 224, .box_w = 12, .box_h = 14, .ofs_x = 1, .ofs_y = -2},
    {.bitmap_index = 4142, .adv_w = 224, .box_w = 14, .box_h = 14, .ofs_x = -1, .ofs_y = -2},
    {.bitmap_index = 4167, .adv_w = 224, .box_w = 14, .box_h = 13, .ofs_x = 0, .ofs_y = -2},
    {.bitmap_index = 4190, .adv_w = 224, .box_w = 13, .box_h = 14, .ofs_x = 0, .ofs_y = -2},
    {.bitmap_index = 4213, .adv_w = 224, .box_w = 14, .box_h = 14, .ofs_x = 0, .ofs_y = -2},
    {.bitmap_index = 4238, .adv_w = 224, .box_w = 14, .box_h = 14, .ofs_x = 0, .ofs_y = -2},
    {.bitmap_index = 4263, .adv_w = 224, .box_w = 14, .box_h = 14, .ofs_x = 1, .ofs_y = -2},
    {.bitmap_index = 4288, .adv_w = 224, .box_w = 14, .box_h = 14, .ofs_x = 0, .ofs_y = -2},
    {.bitmap_index = 4313, .adv_w = 224, .box_w = 13, .box_h = 14, .ofs_x = 0, .ofs_y = -2},
    {.bitmap_index = 4336, .adv_w = 224, .box_w = 13, .box_h = 13, .ofs_x = 0, .ofs_y = -2},
    {.bitmap_index = 4358, .adv_w = 224, .box_w = 13, .box_h = 13, .ofs_x = 0, .ofs_y = -2},
    {.bitmap_index = 4380, .adv_w = 224, .box_w = 13, .box_h = 14, .ofs_x = 0, .ofs_y = -2},
    {.bitmap_index = 4403, .adv_w = 224, .box_w = 12, .box_h = 14, .ofs_x = 1, .ofs_y = -2},
    {.bitmap_index = 4424, .adv_w = 224, .box_w = 14, .box_h = 14, .ofs_x = 0, .ofs_y = -2},
    {.bitmap_index = 4449, .adv_w = 224, .box_w = 13, .box_h = 13, .ofs_x = 0, .ofs_y = -2},
    {.bitmap_index = 4471, .adv_w = 224, .box_w = 12, .box_h = 13, .ofs_x = 1, .ofs_y = -1},
    {.bitmap_index = 4491, .adv_w = 224, .box_w = 12, .box_h = 14, .ofs_x = 1, .ofs_y = -2},
    {.bitmap_index = 4512, .adv_w = 224, .box_w = 13, .box_h = 13, .ofs_x = 1, .ofs_y = -2},
    {.bitmap_index = 4534, .adv_w = 224, .box_w = 13, .box_h = 13, .ofs_x = 0, .ofs_y = -2},
    {.bitmap_index = 4556, .adv_w = 224, .box_w = 13, .box_h = 14, .ofs_x = 0, .ofs_y = -2},
    {.bitmap_index = 4579, .adv_w = 224, .box_w = 13, .box_h = 14, .ofs_x = 1, .ofs_y = -2},
    {.bitmap_index = 4602, .adv_w = 224, .box_w = 13, .box_h = 14, .ofs_x = 1, .ofs_y = -2},
    {.bitmap_index = 4625, .adv_w = 224, .box_w = 14, .box_h = 14, .ofs_x = 0, .ofs_y = -2},
    {.bitmap_index = 4650, .adv_w = 224, .box_w = 14, .box_h = 14, .ofs_x = 1, .ofs_y = -2},
    {.bitmap_index = 4675, .adv_w = 224, .box_w = 14, .box_h = 14, .ofs_x = 0, .ofs_y = -2},
    {.bitmap_index = 4700, .adv_w = 224, .box_w = 14, .box_h = 13, .ofs_x = 0, .ofs_y = -2},
    {.bitmap_index = 4723, .adv_w = 224, .box_w = 13, .box_h = 14, .ofs_x = 0, .ofs_y = -2},
    {.bitmap_index = 4746, .adv_w = 224, .box_w = 14, .box_h = 13, .ofs_x = 0, .ofs_y = -2},
    {.bitmap_index = 4769, .adv_w = 224, .box_w = 13, .box_h = 13, .ofs_x = 0, .ofs_y = -2},
    {.bitmap_index = 4791, .adv_w = 224, .box_w = 14, .box_h = 14, .ofs_x = 0, .ofs_y = -2},
    {.bitmap_index = 4816, .adv_w = 224, .box_w = 13, .box_h = 14, .ofs_x = 0, .ofs_y = -2},
    {.bitmap_index = 4839, .adv_w = 224, .box_w = 13, .box_h = 14, .ofs_x = 0, .ofs_y = -2},
    {.bitmap_index = 4862, .adv_w = 224, .box_w = 14, .box_h = 14, .ofs_x = 0, .ofs_y = -2},
    {.bitmap_index = 4887, .adv_w = 224, .box_w = 13, .box_h = 13, .ofs_x = 1, .ofs_y = -2},
    {.bitmap_index = 4909, .adv_w = 224, .box_w = 13, .box_h = 14, .ofs_x = 1, .ofs_y = -2},
    {.bitmap_index = 4932, .adv_w = 224, .box_w = 13, .box_h = 14, .ofs_x = 1, .ofs_y = -2},
    {.bitmap_index = 4955, .adv_w = 224, .box_w = 14, .box_h = 14, .ofs_x = 0, .ofs_y = -2},
    {.bitmap_index = 4980, .adv_w = 224, .box_w = 13, .box_h = 14, .ofs_x = 0, .ofs_y = -2},
    {.bitmap_index = 5003, .adv_w = 224, .box_w = 13, .box_h = 14, .ofs_x = 0, .ofs_y = -2},
    {.bitmap_index = 5026, .adv_w = 224, .box_w = 13, .box_h = 14, .ofs_x = 0, .ofs_y = -2},
    {.bitmap_index = 5049, .adv_w = 224, .box_w = 13, .box_h = 14, .ofs_x = 0, .ofs_y = -2},
    {.bitmap_index = 5072, .adv_w = 224, .box_w = 14, .box_h = 14, .ofs_x = 0, .ofs_y = -2},
    {.bitmap_index = 5097, .adv_w = 224, .box_w = 14, .box_h = 14, .ofs_x = 0, .ofs_y = -2},
    {.bitmap_index = 5122, .adv_w = 224, .box_w = 14, .box_h = 14, .ofs_x = 0, .ofs_y = -2},
    {.bitmap_index = 5147, .adv_w = 224, .box_w = 13, .box_h = 14, .ofs_x = 0, .ofs_y = -2},
    {.bitmap_index = 5170, .adv_w = 224, .box_w = 12, .box_h = 14, .ofs_x = 1, .ofs_y = -2},
    {.bitmap_index = 5191, .adv_w = 224, .box_w = 13, .box_h = 14, .ofs_x = 0, .ofs_y = -2},
    {.bitmap_index = 5214, .adv_w = 224, .box_w = 13, .box_h = 14, .ofs_x = 0, .ofs_y = -2},
    {.bitmap_index = 5237, .adv_w = 224, .box_w = 14, .box_h = 14, .ofs_x = 0, .ofs_y = -2},
    {.bitmap_index = 5262, .adv_w = 224, .box_w = 13, .box_h = 14, .ofs_x = 1, .ofs_y = -2},
    {.bitmap_index = 5285, .adv_w = 224, .box_w = 14, .box_h = 14, .ofs_x = 0, .ofs_y = -2},
    {.bitmap_index = 5310, .adv_w = 224, .box_w = 13, .box_h = 14, .ofs_x = 0, .ofs_y = -2},
    {.bitmap_index = 5333, .adv_w = 224, .box_w = 13, .box_h = 14, .ofs_x = 1, .ofs_y = -2},
    {.bitmap_index = 5356, .adv_w = 224, .box_w = 13, .box_h = 13, .ofs_x = 0, .ofs_y = -2},
    {.bitmap_index = 5378, .adv_w = 224, .box_w = 14, .box_h = 14, .ofs_x = 0, .ofs_y = -2},
    {.bitmap_index = 5403, .adv_w = 224, .box_w = 14, .box_h = 14, .ofs_x = 0, .ofs_y = -2},
    {.bitmap_index = 5428, .adv_w = 224, .box_w = 14, .box_h = 14, .ofs_x = 0, .ofs_y = -2},
    {.bitmap_index = 5453, .adv_w = 224, .box_w = 14, .box_h = 14, .ofs_x = 0, .ofs_y = -2},
    {.bitmap_index = 5478, .adv_w = 224, .box_w = 13, .box_h = 14, .ofs_x = 0, .ofs_y = -2},
    {.bitmap_index = 5501, .adv_w = 224, .box_w = 13, .box_h = 13, .ofs_x = 0, .ofs_y = -2},
    {.bitmap_index = 5523, .adv_w = 224, .box_w = 13, .box_h = 14, .ofs_x = 0, .ofs_y = -2},
    {.bitmap_index = 5546, .adv_w = 224, .box_w = 13, .box_h = 14, .ofs_x = 1, .ofs_y = -2},
    {.bitmap_index = 5569, .adv_w = 224, .box_w = 14, .box_h = 14, .ofs_x = 0, .ofs_y = -2},
    {.bitmap_index = 5594, .adv_w = 224, .box_w = 13, .box_h = 13, .ofs_x = 1, .ofs_y = -2},
    {.bitmap_index = 5616, .adv_w = 224, .box_w = 13, .box_h = 14, .ofs_x = 1, .ofs_y = -3},
    {.bitmap_index = 5639, .adv_w = 224, .box_w = 13, .box_h = 13, .ofs_x = 0, .ofs_y = -2},
    {.bitmap_index = 5661, .adv_w = 224, .box_w = 13, .box_h = 14, .ofs_x = 1, .ofs_y = -2},
    {.bitmap_index = 5684, .adv_w = 224, .box_w = 12, .box_h = 13, .ofs_x = 1, .ofs_y = -2},
    {.bitmap_index = 5704, .adv_w = 224, .box_w = 13, .box_h = 14, .ofs_x = 1, .ofs_y = -3},
    {.bitmap_index = 5727, .adv_w = 224, .box_w = 13, .box_h = 12, .ofs_x = 0, .ofs_y = -1},
    {.bitmap_index = 5747, .adv_w = 224, .box_w = 13, .box_h = 13, .ofs_x = 1, .ofs_y = -2},
    {.bitmap_index = 5769, .adv_w = 224, .box_w = 14, .box_h = 13, .ofs_x = 0, .ofs_y = -2},
    {.bitmap_index = 5792, .adv_w = 224, .box_w = 14, .box_h = 13, .ofs_x = 0, .ofs_y = -2},
    {.bitmap_index = 5815, .adv_w = 224, .box_w = 13, .box_h = 14, .ofs_x = 1, .ofs_y = -2},
    {.bitmap_index = 5838, .adv_w = 224, .box_w = 14, .box_h = 13, .ofs_x = 0, .ofs_y = -2},
    {.bitmap_index = 5861, .adv_w = 224, .box_w = 13, .box_h = 14, .ofs_x = 0, .ofs_y = -2},
    {.bitmap_index = 5884, .adv_w = 224, .box_w = 13, .box_h = 14, .ofs_x = 0, .ofs_y = -2},
    {.bitmap_index = 5907, .adv_w = 224, .box_w = 13, .box_h = 14, .ofs_x = 0, .ofs_y = -2},
    {.bitmap_index = 5930, .adv_w = 224, .box_w = 14, .box_h = 14, .ofs_x = 0, .ofs_y = -2},
    {.bitmap_index = 5955, .adv_w = 224, .box_w = 13, .box_h = 13, .ofs_x = 1, .ofs_y = -2},
    {.bitmap_index = 5977, .adv_w = 224, .box_w = 13, .box_h = 14, .ofs_x = 1, .ofs_y = -2},
    {.bitmap_index = 6000, .adv_w = 224, .box_w = 13, .box_h = 14, .ofs_x = 1, .ofs_y = -2},
    {.bitmap_index = 6023, .adv_w = 224, .box_w = 14, .box_h = 14, .ofs_x = 0, .ofs_y = -2},
    {.bitmap_index = 6048, .adv_w = 224, .box_w = 14, .box_h = 14, .ofs_x = 0, .ofs_y = -2},
    {.bitmap_index = 6073, .adv_w = 224, .box_w = 14, .box_h = 14, .ofs_x = 0, .ofs_y = -2},
    {.bitmap_index = 6098, .adv_w = 224, .box_w = 14, .box_h = 14, .ofs_x = 0, .ofs_y = -2},
    {.bitmap_index = 6123, .adv_w = 224, .box_w = 14, .box_h = 14, .ofs_x = 0, .ofs_y = -2},
    {.bitmap_index = 6148, .adv_w = 224, .box_w = 14, .box_h = 14, .ofs_x = 0, .ofs_y = -2},
    {.bitmap_index = 6173, .adv_w = 224, .box_w = 14, .box_h = 13, .ofs_x = 0, .ofs_y = -2},
    {.bitmap_index = 6196, .adv_w = 224, .box_w = 14, .box_h = 11, .ofs_x = 0, .ofs_y = -1},
    {.bitmap_index = 6216, .adv_w = 224, .box_w = 13, .box_h = 13, .ofs_x = 0, .ofs_y = -1},
    {.bitmap_index = 6238, .adv_w = 224, .box_w = 13, .box_h = 14, .ofs_x = 1, .ofs_y = -2},
    {.bitmap_index = 6261, .adv_w = 224, .box_w = 13, .box_h = 13, .ofs_x = 0, .ofs_y = -2},
    {.bitmap_index = 6283, .adv_w = 224, .box_w = 14, .box_h = 14, .ofs_x = 0, .ofs_y = -2},
    {.bitmap_index = 6308, .adv_w = 224, .box_w = 13, .box_h = 14, .ofs_x = 1, .ofs_y = -2},
    {.bitmap_index = 6331, .adv_w = 224, .box_w = 14, .box_h = 13, .ofs_x = 0, .ofs_y = -1},
    {.bitmap_index = 6354, .adv_w = 224, .box_w = 13, .box_h = 13, .ofs_x = 1, .ofs_y = -2},
    {.bitmap_index = 6376, .adv_w = 224, .box_w = 14, .box_h = 14, .ofs_x = 0, .ofs_y = -2},
    {.bitmap_index = 6401, .adv_w = 224, .box_w = 12, .box_h = 13, .ofs_x = 1, .ofs_y = -2},
    {.bitmap_index = 6421, .adv_w = 224, .box_w = 13, .box_h = 14, .ofs_x = 0, .ofs_y = -2},
    {.bitmap_index = 6444, .adv_w = 224, .box_w = 13, .box_h = 14, .ofs_x = 0, .ofs_y = -2},
    {.bitmap_index = 6467, .adv_w = 224, .box_w = 13, .box_h = 14, .ofs_x = 0, .ofs_y = -2},
    {.bitmap_index = 6490, .adv_w = 224, .box_w = 13, .box_h = 14, .ofs_x = 0, .ofs_y = -2},
    {.bitmap_index = 6513, .adv_w = 224, .box_w = 14, .box_h = 14, .ofs_x = 0, .ofs_y = -2},
    {.bitmap_index = 6538, .adv_w = 224, .box_w = 14, .box_h = 14, .ofs_x = 0, .ofs_y = -2},
    {.bitmap_index = 6563, .adv_w = 224, .box_w = 13, .box_h = 13, .ofs_x = 1, .ofs_y = -1},
    {.bitmap_index = 6585, .adv_w = 224, .box_w = 13, .box_h = 14, .ofs_x = 0, .ofs_y = -2},
    {.bitmap_index = 6608, .adv_w = 224, .box_w = 14, .box_h = 13, .ofs_x = 0, .ofs_y = -2},
    {.bitmap_index = 6631, .adv_w = 224, .box_w = 14, .box_h = 15, .ofs_x = 0, .ofs_y = -3},
    {.bitmap_index = 6658, .adv_w = 224, .box_w = 14, .box_h = 14, .ofs_x = -1, .ofs_y = -2},
    {.bitmap_index = 6683, .adv_w = 224, .box_w = 13, .box_h = 14, .ofs_x = 0, .ofs_y = -2},
    {.bitmap_index = 6706, .adv_w = 224, .box_w = 13, .box_h = 14, .ofs_x = 0, .ofs_y = -2},
    {.bitmap_index = 6729, .adv_w = 224, .box_w = 13, .box_h = 14, .ofs_x = 1, .ofs_y = -2},
    {.bitmap_index = 6752, .adv_w = 224, .box_w = 14, .box_h = 14, .ofs_x = 0, .ofs_y = -2},
    {.bitmap_index = 6777, .adv_w = 224, .box_w = 14, .box_h = 14, .ofs_x = 0, .ofs_y = -2},
    {.bitmap_index = 6802, .adv_w = 224, .box_w = 13, .box_h = 14, .ofs_x = 0, .ofs_y = -2},
    {.bitmap_index = 6825, .adv_w = 224, .box_w = 13, .box_h = 13, .ofs_x = 0, .ofs_y = -2},
    {.bitmap_index = 6847, .adv_w = 224, .box_w = 13, .box_h = 13, .ofs_x = 1, .ofs_y = -1},
    {.bitmap_index = 6869, .adv_w = 224, .box_w = 13, .box_h = 13, .ofs_x = 0, .ofs_y = -2},
    {.bitmap_index = 6891, .adv_w = 224, .box_w = 11, .box_h = 14, .ofs_x = 1, .ofs_y = -2},
    {.bitmap_index = 6911, .adv_w = 224, .box_w = 13, .box_h = 13, .ofs_x = 0, .ofs_y = -2},
    {.bitmap_index = 6933, .adv_w = 224, .box_w = 13, .box_h = 13, .ofs_x = 1, .ofs_y = -2},
    {.bitmap_index = 6955, .adv_w = 224, .box_w = 12, .box_h = 14, .ofs_x = 1, .ofs_y = -2},
    {.bitmap_index = 6976, .adv_w = 224, .box_w = 13, .box_h = 13, .ofs_x = 1, .ofs_y = -2},
    {.bitmap_index = 6998, .adv_w = 224, .box_w = 11, .box_h = 14, .ofs_x = 1, .ofs_y = -2},
    {.bitmap_index = 7018, .adv_w = 224, .box_w = 12, .box_h = 13, .ofs_x = 1, .ofs_y = -2},
    {.bitmap_index = 7038, .adv_w = 224, .box_w = 13, .box_h = 13, .ofs_x = 0, .ofs_y = -1},
    {.bitmap_index = 7060, .adv_w = 224, .box_w = 13, .box_h = 12, .ofs_x = 1, .ofs_y = -1},
    {.bitmap_index = 7080, .adv_w = 224, .box_w = 10, .box_h = 13, .ofs_x = 2, .ofs_y = -2},
    {.bitmap_index = 7097, .adv_w = 224, .box_w = 14, .box_h = 13, .ofs_x = 0, .ofs_y = -1},
    {.bitmap_index = 7120, .adv_w = 224, .box_w = 14, .box_h = 14, .ofs_x = 1, .ofs_y = -2},
    {.bitmap_index = 7145, .adv_w = 224, .box_w = 13, .box_h = 13, .ofs_x = 1, .ofs_y = -2},
    {.bitmap_index = 7167, .adv_w = 224, .box_w = 13, .box_h = 13, .ofs_x = 1, .ofs_y = -2},
    {.bitmap_index = 7189, .adv_w = 224, .box_w = 13, .box_h = 14, .ofs_x = 0, .ofs_y = -2},
    {.bitmap_index = 7212, .adv_w = 224, .box_w = 14, .box_h = 14, .ofs_x = 0, .ofs_y = -2},
    {.bitmap_index = 7237, .adv_w = 224, .box_w = 12, .box_h = 13, .ofs_x = 1, .ofs_y = -2},
    {.bitmap_index = 7257, .adv_w = 224, .box_w = 14, .box_h = 13, .ofs_x = 0, .ofs_y = -2},
    {.bitmap_index = 7280, .adv_w = 224, .box_w = 13, .box_h = 13, .ofs_x = 0, .ofs_y = -2},
    {.bitmap_index = 7302, .adv_w = 224, .box_w = 14, .box_h = 13, .ofs_x = 0, .ofs_y = -2},
    {.bitmap_index = 7325, .adv_w = 224, .box_w = 13, .box_h = 13, .ofs_x = 0, .ofs_y = -2},
    {.bitmap_index = 7347, .adv_w = 224, .box_w = 14, .box_h = 13, .ofs_x = 0, .ofs_y = -2},
    {.bitmap_index = 7370, .adv_w = 224, .box_w = 14, .box_h = 13, .ofs_x = 0, .ofs_y = -2},
    {.bitmap_index = 7393, .adv_w = 224, .box_w = 14, .box_h = 14, .ofs_x = 0, .ofs_y = -2},
    {.bitmap_index = 7418, .adv_w = 224, .box_w = 14, .box_h = 13, .ofs_x = -1, .ofs_y = -1},
    {.bitmap_index = 7441, .adv_w = 224, .box_w = 13, .box_h = 13, .ofs_x = 0, .ofs_y = -1},
    {.bitmap_index = 7463, .adv_w = 224, .box_w = 13, .box_h = 14, .ofs_x = 0, .ofs_y = -2},
    {.bitmap_index = 7486, .adv_w = 224, .box_w = 13, .box_h = 14, .ofs_x = 0, .ofs_y = -2},
    {.bitmap_index = 7509, .adv_w = 224, .box_w = 13, .box_h = 14, .ofs_x = 1, .ofs_y = -2},
    {.bitmap_index = 7532, .adv_w = 224, .box_w = 15, .box_h = 13, .ofs_x = 0, .ofs_y = -1},
    {.bitmap_index = 7557, .adv_w = 224, .box_w = 13, .box_h = 14, .ofs_x = 0, .ofs_y = -2},
    {.bitmap_index = 7580, .adv_w = 224, .box_w = 14, .box_h = 14, .ofs_x = 0, .ofs_y = -2},
    {.bitmap_index = 7605, .adv_w = 224, .box_w = 13, .box_h = 13, .ofs_x = 1, .ofs_y = -2},
    {.bitmap_index = 7627, .adv_w = 224, .box_w = 14, .box_h = 12, .ofs_x = 0, .ofs_y = -1},
    {.bitmap_index = 7648, .adv_w = 224, .box_w = 13, .box_h = 14, .ofs_x = 0, .ofs_y = -2},
    {.bitmap_index = 7671, .adv_w = 224, .box_w = 13, .box_h = 14, .ofs_x = 0, .ofs_y = -2},
    {.bitmap_index = 7694, .adv_w = 224, .box_w = 14, .box_h = 14, .ofs_x = 0, .ofs_y = -2},
    {.bitmap_index = 7719, .adv_w = 224, .box_w = 13, .box_h = 14, .ofs_x = 1, .ofs_y = -2},
    {.bitmap_index = 7742, .adv_w = 224, .box_w = 14, .box_h = 14, .ofs_x = 0, .ofs_y = -2},
    {.bitmap_index = 7767, .adv_w = 224, .box_w = 14, .box_h = 14, .ofs_x = 0, .ofs_y = -2},
    {.bitmap_index = 7792, .adv_w = 224, .box_w = 14, .box_h = 14, .ofs_x = 0, .ofs_y = -2},
    {.bitmap_index = 7817, .adv_w = 224, .box_w = 13, .box_h = 14, .ofs_x = 1, .ofs_y = -2},
    {.bitmap_index = 7840, .adv_w = 224, .box_w = 14, .box_h = 14, .ofs_x = 0, .ofs_y = -2},
    {.bitmap_index = 7865, .adv_w = 224, .box_w = 14, .box_h = 14, .ofs_x = 0, .ofs_y = -2},
    {.bitmap_index = 7890, .adv_w = 224, .box_w = 13, .box_h = 14, .ofs_x = 1, .ofs_y = -2},
    {.bitmap_index = 7913, .adv_w = 224, .box_w = 13, .box_h = 14, .ofs_x = 1, .ofs_y = -2},
    {.bitmap_index = 7936, .adv_w = 224, .box_w = 13, .box_h = 14, .ofs_x = 1, .ofs_y = -2},
    {.bitmap_index = 7959, .adv_w = 224, .box_w = 12, .box_h = 13, .ofs_x = 1, .ofs_y = -2},
    {.bitmap_index = 7979, .adv_w = 224, .box_w = 14, .box_h = 13, .ofs_x = 0, .ofs_y = -2},
    {.bitmap_index = 8002, .adv_w = 224, .box_w = 14, .box_h = 14, .ofs_x = 0, .ofs_y = -2},
    {.bitmap_index = 8027, .adv_w = 224, .box_w = 14, .box_h = 14, .ofs_x = 0, .ofs_y = -2},
    {.bitmap_index = 8052, .adv_w = 224, .box_w = 11, .box_h = 14, .ofs_x = 2, .ofs_y = -2},
    {.bitmap_index = 8072, .adv_w = 224, .box_w = 14, .box_h = 14, .ofs_x = 1, .ofs_y = -2},
    {.bitmap_index = 8097, .adv_w = 224, .box_w = 14, .box_h = 12, .ofs_x = 0, .ofs_y = -1},
    {.bitmap_index = 8118, .adv_w = 224, .box_w = 13, .box_h = 14, .ofs_x = 0, .ofs_y = -2},
    {.bitmap_index = 8141, .adv_w = 224, .box_w = 13, .box_h = 14, .ofs_x = 1, .ofs_y = -2},
    {.bitmap_index = 8164, .adv_w = 224, .box_w = 14, .box_h = 14, .ofs_x = 0, .ofs_y = -2},
    {.bitmap_index = 8189, .adv_w = 224, .box_w = 13, .box_h = 14, .ofs_x = 0, .ofs_y = -2},
    {.bitmap_index = 8212, .adv_w = 224, .box_w = 14, .box_h = 13, .ofs_x = 0, .ofs_y = -2},
    {.bitmap_index = 8235, .adv_w = 224, .box_w = 13, .box_h = 13, .ofs_x = 1, .ofs_y = -2},
    {.bitmap_index = 8257, .adv_w = 224, .box_w = 13, .box_h = 14, .ofs_x = 0, .ofs_y = -2},
    {.bitmap_index = 8280, .adv_w = 224, .box_w = 14, .box_h = 14, .ofs_x = 0, .ofs_y = -2},
    {.bitmap_index = 8305, .adv_w = 224, .box_w = 13, .box_h = 14, .ofs_x = 0, .ofs_y = -2},
    {.bitmap_index = 8328, .adv_w = 224, .box_w = 14, .box_h = 14, .ofs_x = 0, .ofs_y = -2},
    {.bitmap_index = 8353, .adv_w = 224, .box_w = 13, .box_h = 14, .ofs_x = 0, .ofs_y = -2},
    {.bitmap_index = 8376, .adv_w = 224, .box_w = 14, .box_h = 13, .ofs_x = 0, .ofs_y = -1},
    {.bitmap_index = 8399, .adv_w = 224, .box_w = 13, .box_h = 14, .ofs_x = 0, .ofs_y = -2},
    {.bitmap_index = 8422, .adv_w = 224, .box_w = 14, .box_h = 12, .ofs_x = 0, .ofs_y = -1},
    {.bitmap_index = 8443, .adv_w = 224, .box_w = 14, .box_h = 13, .ofs_x = 0, .ofs_y = -2},
    {.bitmap_index = 8466, .adv_w = 224, .box_w = 14, .box_h = 13, .ofs_x = 0, .ofs_y = -1},
    {.bitmap_index = 8489, .adv_w = 224, .box_w = 14, .box_h = 14, .ofs_x = 0, .ofs_y = -2},
    {.bitmap_index = 8514, .adv_w = 224, .box_w = 14, .box_h = 14, .ofs_x = 0, .ofs_y = -2},
    {.bitmap_index = 8539, .adv_w = 224, .box_w = 14, .box_h = 14, .ofs_x = 0, .ofs_y = -2},
    {.bitmap_index = 8564, .adv_w = 224, .box_w = 12, .box_h = 14, .ofs_x = 1, .ofs_y = -2},
    {.bitmap_index = 8585, .adv_w = 224, .box_w = 13, .box_h = 14, .ofs_x = 1, .ofs_y = -2},
    {.bitmap_index = 8608, .adv_w = 224, .box_w = 14, .box_h = 14, .ofs_x = 1, .ofs_y = -2},
    {.bitmap_index = 8633, .adv_w = 224, .box_w = 13, .box_h = 15, .ofs_x = 1, .ofs_y = -3},
    {.bitmap_index = 8658, .adv_w = 224, .box_w = 14, .box_h = 15, .ofs_x = 0, .ofs_y = -3},
    {.bitmap_index = 8685, .adv_w = 224, .box_w = 14, .box_h = 12, .ofs_x = 0, .ofs_y = -1},
    {.bitmap_index = 8706, .adv_w = 224, .box_w = 14, .box_h = 13, .ofs_x = 0, .ofs_y = -2},
    {.bitmap_index = 8729, .adv_w = 224, .box_w = 14, .box_h = 14, .ofs_x = 0, .ofs_y = -2},
    {.bitmap_index = 8754, .adv_w = 224, .box_w = 14, .box_h = 14, .ofs_x = 0, .ofs_y = -2},
    {.bitmap_index = 8779, .adv_w = 224, .box_w = 14, .box_h = 14, .ofs_x = 0, .ofs_y = -2},
    {.bitmap_index = 8804, .adv_w = 224, .box_w = 13, .box_h = 14, .ofs_x = 0, .ofs_y = -2},
    {.bitmap_index = 8827, .adv_w = 224, .box_w = 14, .box_h = 14, .ofs_x = 0, .ofs_y = -2},
    {.bitmap_index = 8852, .adv_w = 224, .box_w = 14, .box_h = 14, .ofs_x = 0, .ofs_y = -2},
    {.bitmap_index = 8877, .adv_w = 224, .box_w = 13, .box_h = 14, .ofs_x = 0, .ofs_y = -2},
    {.bitmap_index = 8900, .adv_w = 224, .box_w = 13, .box_h = 14, .ofs_x = 0, .ofs_y = -2},
    {.bitmap_index = 8923, .adv_w = 224, .box_w = 14, .box_h = 14, .ofs_x = 0, .ofs_y = -2},
    {.bitmap_index = 8948, .adv_w = 224, .box_w = 14, .box_h = 14, .ofs_x = 0, .ofs_y = -2},
    {.bitmap_index = 8973, .adv_w = 224, .box_w = 14, .box_h = 14, .ofs_x = 0, .ofs_y = -2},
    {.bitmap_index = 8998, .adv_w = 224, .box_w = 13, .box_h = 13, .ofs_x = 0, .ofs_y = -1},
    {.bitmap_index = 9020, .adv_w = 224, .box_w = 13, .box_h = 13, .ofs_x = 0, .ofs_y = -1},
    {.bitmap_index = 9042, .adv_w = 224, .box_w = 14, .box_h = 14, .ofs_x = 0, .ofs_y = -2},
    {.bitmap_index = 9067, .adv_w = 224, .box_w = 13, .box_h = 14, .ofs_x = 0, .ofs_y = -2},
    {.bitmap_index = 9090, .adv_w = 224, .box_w = 14, .box_h = 14, .ofs_x = 0, .ofs_y = -2},
    {.bitmap_index = 9115, .adv_w = 224, .box_w = 14, .box_h = 14, .ofs_x = 0, .ofs_y = -2},
    {.bitmap_index = 9140, .adv_w = 224, .box_w = 14, .box_h = 14, .ofs_x = 0, .ofs_y = -2},
    {.bitmap_index = 9165, .adv_w = 224, .box_w = 14, .box_h = 14, .ofs_x = 0, .ofs_y = -2},
    {.bitmap_index = 9190, .adv_w = 224, .box_w = 14, .box_h = 13, .ofs_x = 0, .ofs_y = -2},
    {.bitmap_index = 9213, .adv_w = 224, .box_w = 14, .box_h = 14, .ofs_x = 0, .ofs_y = -2},
    {.bitmap_index = 9238, .adv_w = 224, .box_w = 13, .box_h = 14, .ofs_x = 0, .ofs_y = -2},
    {.bitmap_index = 9261, .adv_w = 224, .box_w = 14, .box_h = 14, .ofs_x = 0, .ofs_y = -2},
    {.bitmap_index = 9286, .adv_w = 224, .box_w = 14, .box_h = 13, .ofs_x = 0, .ofs_y = -2},
    {.bitmap_index = 9309, .adv_w = 224, .box_w = 14, .box_h = 13, .ofs_x = 0, .ofs_y = -2},
    {.bitmap_index = 9332, .adv_w = 224, .box_w = 14, .box_h = 14, .ofs_x = 0, .ofs_y = -2},
    {.bitmap_index = 9357, .adv_w = 224, .box_w = 14, .box_h = 14, .ofs_x = 0, .ofs_y = -2},
    {.bitmap_index = 9382, .adv_w = 224, .box_w = 14, .box_h = 14, .ofs_x = 0, .ofs_y = -2},
    {.bitmap_index = 9407, .adv_w = 224, .box_w = 13, .box_h = 14, .ofs_x = 0, .ofs_y = -2},
    {.bitmap_index = 9430, .adv_w = 224, .box_w = 13, .box_h = 13, .ofs_x = 1, .ofs_y = -2},
    {.bitmap_index = 9452, .adv_w = 224, .box_w = 14, .box_h = 12, .ofs_x = 0, .ofs_y = -1},
    {.bitmap_index = 9473, .adv_w = 224, .box_w = 13, .box_h = 12, .ofs_x = 1, .ofs_y = -1},
    {.bitmap_index = 9493, .adv_w = 224, .box_w = 13, .box_h = 14, .ofs_x = 0, .ofs_y = -2},
    {.bitmap_index = 9516, .adv_w = 224, .box_w = 13, .box_h = 13, .ofs_x = 0, .ofs_y = -1},
    {.bitmap_index = 9538, .adv_w = 224, .box_w = 14, .box_h = 14, .ofs_x = 0, .ofs_y = -2},
    {.bitmap_index = 9563, .adv_w = 224, .box_w = 14, .box_h = 14, .ofs_x = 0, .ofs_y = -2},
    {.bitmap_index = 9588, .adv_w = 224, .box_w = 13, .box_h = 14, .ofs_x = 0, .ofs_y = -2},
    {.bitmap_index = 9611, .adv_w = 224, .box_w = 12, .box_h = 14, .ofs_x = 1, .ofs_y = -2},
    {.bitmap_index = 9632, .adv_w = 224, .box_w = 12, .box_h = 14, .ofs_x = 1, .ofs_y = -2},
    {.bitmap_index = 9653, .adv_w = 224, .box_w = 12, .box_h = 14, .ofs_x = 1, .ofs_y = -2},
    {.bitmap_index = 9674, .adv_w = 224, .box_w = 13, .box_h = 14, .ofs_x = 1, .ofs_y = -2},
    {.bitmap_index = 9697, .adv_w = 224, .box_w = 13, .box_h = 13, .ofs_x = 1, .ofs_y = -2},
    {.bitmap_index = 9719, .adv_w = 224, .box_w = 13, .box_h = 14, .ofs_x = 1, .ofs_y = -2},
    {.bitmap_index = 9742, .adv_w = 224, .box_w = 12, .box_h = 14, .ofs_x = 1, .ofs_y = -2},
    {.bitmap_index = 9763, .adv_w = 224, .box_w = 12, .box_h = 13, .ofs_x = 1, .ofs_y = -2},
    {.bitmap_index = 9783, .adv_w = 224, .box_w = 14, .box_h = 13, .ofs_x = 0, .ofs_y = -2},
    {.bitmap_index = 9806, .adv_w = 224, .box_w = 13, .box_h = 13, .ofs_x = 0, .ofs_y = -2},
    {.bitmap_index = 9828, .adv_w = 224, .box_w = 14, .box_h = 14, .ofs_x = 0, .ofs_y = -2},
    {.bitmap_index = 9853, .adv_w = 224, .box_w = 14, .box_h = 13, .ofs_x = 0, .ofs_y = -2},
    {.bitmap_index = 9876, .adv_w = 224, .box_w = 14, .box_h = 13, .ofs_x = 0, .ofs_y = -2},
    {.bitmap_index = 9899, .adv_w = 224, .box_w = 14, .box_h = 13, .ofs_x = 0, .ofs_y = -2},
    {.bitmap_index = 9922, .adv_w = 224, .box_w = 13, .box_h = 13, .ofs_x = 0, .ofs_y = -2},
    {.bitmap_index = 9944, .adv_w = 224, .box_w = 13, .box_h = 14, .ofs_x = 1, .ofs_y = -2},
    {.bitmap_index = 9967, .adv_w = 224, .box_w = 13, .box_h = 13, .ofs_x = 0, .ofs_y = -2},
    {.bitmap_index = 9989, .adv_w = 224, .box_w = 14, .box_h = 14, .ofs_x = 0, .ofs_y = -2},
    {.bitmap_index = 10014, .adv_w = 224, .box_w = 13, .box_h = 13, .ofs_x = 0, .ofs_y = -2},
    {.bitmap_index = 10036, .adv_w = 224, .box_w = 13, .box_h = 14, .ofs_x = 1, .ofs_y = -2},
    {.bitmap_index = 10059, .adv_w = 224, .box_w = 14, .box_h = 14, .ofs_x = 0, .ofs_y = -2},
    {.bitmap_index = 10084, .adv_w = 224, .box_w = 3, .box_h = 13, .ofs_x = 9, .ofs_y = -2},
    {.bitmap_index = 10089, .adv_w = 224, .box_w = 3, .box_h = 13, .ofs_x = 2, .ofs_y = -2},
    {.bitmap_index = 10094, .adv_w = 224, .box_w = 2, .box_h = 3, .ofs_x = 2, .ofs_y = -2},
    {.bitmap_index = 10095, .adv_w = 224, .box_w = 2, .box_h = 7, .ofs_x = 2, .ofs_y = 0},
    {.bitmap_index = 10097, .adv_w = 224, .box_w = 3, .box_h = 9, .ofs_x = 1, .ofs_y = -2}
};

/*---------------------
 *  CHARACTER MAPPING
 *--------------------*/

static const uint16_t unicode_list_1[] = {
    0x0, 0xfed, 0xfee, 0x2dec, 0x2df6, 0x2df7, 0x2df9, 0x2dfa,
    0x2dff, 0x2e00, 0x2e10, 0x2e16, 0x2e19, 0x2e1e, 0x2e26, 0x2e27,
    0x2e34, 0x2e35, 0x2e4b, 0x2e77, 0x2e7a, 0x2e7e, 0x2e87, 0x2e9a,
    0x2eac, 0x2eb1, 0x2eb9, 0x2ed1, 0x2ee2, 0x2f04, 0x2f06, 0x2f0c,
    0x2f32, 0x2f39, 0x2f3f, 0x2f45, 0x2f6b, 0x2f87, 0x2f89, 0x2f93,
    0x2fab, 0x2fc9, 0x2fcd, 0x2fda, 0x3028, 0x3046, 0x3048, 0x30bb,
    0x3131, 0x3134, 0x3151, 0x3154, 0x3159, 0x315d, 0x315f, 0x3162,
    0x3168, 0x3171, 0x3178, 0x3179, 0x3185, 0x31ac, 0x31b2, 0x31e6,
    0x31e7, 0x31e9, 0x31f2, 0x31f3, 0x3203, 0x3205, 0x3207, 0x321c,
    0x3222, 0x3223, 0x3227, 0x3239, 0x328b, 0x328c, 0x328d, 0x3294,
    0x32ab, 0x3325, 0x3326, 0x332d, 0x3336, 0x3341, 0x334c, 0x335f,
    0x3377, 0x338b, 0x33bd, 0x33c2, 0x33c3, 0x33d2, 0x33db, 0x33df,
    0x33f0, 0x33f8, 0x33f9, 0x33fa, 0x33fd, 0x3412, 0x3417, 0x341b,
    0x3478, 0x34b9, 0x34d6, 0x351b, 0x3654, 0x36ca, 0x36ea, 0x3714,
    0x371c, 0x3726, 0x372c, 0x3733, 0x373c, 0x37cb, 0x37e6, 0x3857,
    0x38dc, 0x38f3, 0x38f9, 0x3913, 0x3920, 0x3969, 0x396e, 0x39b7,
    0x39eb, 0x3b3c, 0x3b43, 0x3b44, 0x3b78, 0x3b86, 0x3b8a, 0x3ba5,
    0x3ba9, 0x3be4, 0x3be5, 0x3bfb, 0x3c1d, 0x3c26, 0x3c2a, 0x3c2c,
    0x3c3b, 0x3c41, 0x3dd2, 0x3dde, 0x3def, 0x3e12, 0x3e13, 0x3e24,
    0x3e41, 0x3e5e, 0x3e62, 0x3e7b, 0x3e80, 0x3e81, 0x3e92, 0x3ee6,
    0x3eec, 0x3eee, 0x3efb, 0x3f01, 0x3f25, 0x3f26, 0x3f3e, 0x3f3f,
    0x3f41, 0x3f5d, 0x3f6d, 0x3fc3, 0x3fe9, 0x3fed, 0x4011, 0x4013,
    0x4027, 0x404e, 0x405b, 0x40fb, 0x41fc, 0x4216, 0x4223, 0x422c,
    0x4237, 0x4239, 0x4253, 0x4255, 0x4257, 0x4276, 0x4282, 0x4290,
    0x42d2, 0x42d5, 0x42f3, 0x42f5, 0x430d, 0x434e, 0x435a, 0x4363,
    0x4391, 0x43bb, 0x43bc, 0x4522, 0x4525, 0x452a, 0x4531, 0x4534,
    0x455c, 0x4560, 0x4573, 0x4591, 0x4599, 0x459c, 0x45a5, 0x45cc,
    0x45d5, 0x45e2, 0x45fa, 0x461b, 0x462a, 0x465b, 0x46e0, 0x46ec,
    0x46f5, 0x46f9, 0x470b, 0x4716, 0x4718, 0x4726, 0x4788, 0x47bc,
    0x47bf, 0x47f3, 0x480d, 0x4823, 0x4828, 0x4832, 0x4a0d, 0x4b0d,
    0x4b4f, 0x4b50, 0x4b51, 0x4ba1, 0x4bbb, 0x4bc0, 0x4c33, 0x4cd4,
    0x4d27, 0x4d2a, 0x4d37, 0x4d3b, 0x4d74, 0x4ddd, 0x4de7, 0x4df1,
    0x4e1e, 0x4e7c, 0x4ebd, 0x4fac, 0x505c, 0x50a5, 0x50d9, 0x5233,
    0x5234, 0x5265, 0x52a2, 0x539c, 0x550b, 0x5514, 0x551d, 0x5527,
    0x5538, 0x5545, 0x5551, 0x5669, 0x5670, 0x56c2, 0x56c4, 0x56da,
    0x56e0, 0x56ed, 0x56f7, 0x5728, 0x57d1, 0x57d9, 0x57ed, 0x5858,
    0x585a, 0x5926, 0x59a7, 0x59dc, 0x59e7, 0x5a1f, 0x5a66, 0x5ab7,
    0x5b12, 0x5b18, 0x5b35, 0x5b6a, 0x5b83, 0x5d0e, 0x5d1b, 0x5e8e,
    0x5e93, 0x5e9f, 0x5ea1, 0x5eab, 0x5eaf, 0x5ebd, 0x5ebf, 0x5ec5,
    0x5ed6, 0x5ee0, 0x5eeb, 0x5eff, 0x5f04, 0x5f3d, 0x5f5a, 0x60e9,
    0x60f5, 0x61d6, 0x61e0, 0x625e, 0x6429, 0x64c9, 0x6838, 0x6854,
    0x696d, 0x6972, 0x69b0, 0x69b4, 0x69be, 0x69d2, 0x6b90, 0x6b95,
    0x6b99, 0x6b9c, 0x6baa, 0x6bb2, 0x6bc1, 0x6bd1, 0x6be7, 0x6bef,
    0x6c4d, 0x6d42, 0x6d63, 0x6d76, 0x6dc9, 0x6dcb, 0x6dd4, 0x6ddb,
    0x6ddf, 0x6e97, 0x6f58, 0x6f69, 0x6f6f, 0x6f7d, 0x6f7f, 0x6fa5,
    0x6faa, 0x6fb3, 0x6fbc, 0x6fc0, 0x6fc5, 0x6fc7, 0x6fca, 0x6fdc,
    0x6fe9, 0x6fec, 0x6fee, 0x6ff5, 0x6ffb, 0x7006, 0x7027, 0x703f,
    0x706b, 0x70d4, 0x70e9, 0x7139, 0x71b8, 0x71b9, 0x7474, 0x749a,
    0x751a, 0x7548, 0x756b, 0x75d9, 0x75e0, 0x75f4, 0x761e, 0x7627,
    0x7650, 0x767b, 0x7680, 0x76e2, 0x76ec, 0x774a, 0x7862, 0x7865,
    0x7866, 0x7884, 0x7888, 0x7a5d, 0x7a78, 0x7ac4, 0x7eb0, 0x7ec4,
    0xdef4, 0xdef5, 0xdef8, 0xdf06, 0xdf07
};

/*Collect the unicode lists and glyph_id offsets*/
static const lv_font_fmt_txt_cmap_t cmaps[] =
{
    {
        .range_start = 32, .range_length = 95, .glyph_id_start = 1,
        .unicode_list = NULL, .glyph_id_ofs_list = NULL, .list_length = 0, .type = LV_FONT_FMT_TXT_CMAP_FORMAT0_TINY
    },
    {
        .range_start = 8212, .range_length = 57096, .glyph_id_start = 96,
        .unicode_list = unicode_list_1, .glyph_id_ofs_list = NULL, .list_length = 413, .type = LV_FONT_FMT_TXT_CMAP_SPARSE_TINY
    }
};



/*--------------------
 *  ALL CUSTOM DATA
 *--------------------*/

#if LVGL_VERSION_MAJOR == 8
/*Store all the custom data of the font*/
static  lv_font_fmt_txt_glyph_cache_t cache;
#endif

#if LVGL_VERSION_MAJOR >= 8
static const lv_font_fmt_txt_dsc_t font_dsc = {
#else
static lv_font_fmt_txt_dsc_t font_dsc = {
#endif
    .glyph_bitmap = glyph_bitmap,
    .glyph_dsc = glyph_dsc,
    .cmaps = cmaps,
    .kern_dsc = NULL,
    .kern_scale = 0,
    .cmap_num = 2,
    .bpp = 1,
    .kern_classes = 0,
    .bitmap_format = 0,
#if LVGL_VERSION_MAJOR == 8
    .cache = &cache
#endif
};



/*-----------------
 *  PUBLIC FONT
 *----------------*/

/*Initialize a public general font descriptor*/
#if LVGL_VERSION_MAJOR >= 8
const lv_font_t lv_font_cjk_14 = {
#else
lv_font_t lv_font_cjk_14 = {
#endif
    .get_glyph_dsc = lv_font_get_glyph_dsc_fmt_txt,    /*Function pointer to get glyph's data*/
    .get_glyph_bitmap = lv_font_get_bitmap_fmt_txt,    /*Function pointer to get glyph's bitmap*/
    .line_height = 17,          /*The maximum line height required by the font*/
    .base_line = 4,             /*Baseline measured from the bottom of the line*/
#if !(LVGL_VERSION_MAJOR == 6 && LVGL_VERSION_MINOR == 0)
    .subpx = LV_FONT_SUBPX_NONE,
#endif
#if LV_VERSION_CHECK(7, 4, 0) || LVGL_VERSION_MAJOR >= 8
    .underline_position = -1,
    .underline_thickness = 1,
#endif
    .dsc = &font_dsc,          /*The custom font data. Will be accessed by `get_glyph_bitmap/dsc` */
#if LV_VERSION_CHECK(8, 2, 0) || LVGL_VERSION_MAJOR >= 9
    .fallback = NULL,
#endif
    .user_data = NULL,
};



#endif /*#if LV_FONT_CJK_14*/

