/* Auto-generated by convert_gestures.py. Do not edit. */
/* LVGL v8 image descriptors: LV_IMG_CF_TRUE_COLOR_ALPHA, RGB565 swapped. */
#include "gesture_images.h"

/* gesture: 1 (36x36) */
static const uint8_t img_gesture_1_data[3888] = {
    0x00, 0x00, 0x00, 0x00, 0x00, 0x00, 0x00, 0x00, 0x00, 0x00, 0x00, 0x00,
    0x00, 0x00, 0x00, 0x00, 0x00, 0x00, 0x00, 0x00, 0x00, 0x00, 0x00, 0x00,
    0x00, 0x00, 0x00, 0x03, 0xEF, 0x02, 0x00, 0x00, 0x00, 0x00, 0x00, 0x00,
    0x1A, 0xEB, 0x08, 0x55, 0x55, 0x03, 0x00, 0x00, 0x00, 0x00, 0x00, 0x00,
    0x00, 0x00, 0x00, 0x00, 0x00, 0x00, 0x00, 0x00, 0x00, 0x00, 0x00, 0x00,
    0x00, 0x00, 0x00, 0x00, 0x00, 0x00, 0x00, 0x00, 0x00, 0x00, 0x00, 0x00,
    0x00, 0x00, 0x00, 0x00, 0x00, 0x00, 0x00, 0x00, 0x00, 0x00, 0x00, 0x00,
    0x00, 0x00, 0x00, 0x00, 0x00, 0x00, 0x00, 0x00, 0x00, 0x00, 0x00, 0x00,
    0x00, 0x00, 0x00, 0x00, 0x00, 0x00, 0x00, 0x00, 0x00, 0x00, 0x00, 0x00,
    0x00, 0x00, 0x00, 0x00, 0x00, 0x00, 0x00, 0x00, 0x00, 0x00, 0x00, 0x00,
    0x00, 0x00, 0x00, 0x00, 0x00, 0x00, 0x00, 0x00, 0x00, 0x00, 0x00, 0x01,
    0x00, 0x0F, 0x02, 0x00, 0x00, 0x00, 0x43, 0x50, 0x29, 0x4B, 0xB1, 0x76,
    0x64, 0x53, 0xA4, 0x53, 0xF2, 0x94, 0x3B, 0x4F, 0x4C, 0xAE, 0xBA, 0x06,
    0x07, 0xFF, 0x01, 0x00, 0x1F, 0x01, 0x00, 0x00, 0x00, 0x00, 0x00, 0x00,
    0x00, 0x00, 0x00, 0x00, 0x00, 0x00, 0x00, 0x00, 0x00, 0x00, 0x00, 0x00,
    0x00, 0x00, 0x00, 0x00, 0x00, 0x00, 0x00, 0x00, 0x00, 0x00, 0x00, 0x00,
    0x00, 0x00, 0x00, 0x00, 0x00, 0x00, 0x00, 0x00, 0x00, 0x00, 0x00, 0x00,
    0x00, 0x00, 0x00, 0x00, 0x00, 0x00, 0x00, 0x00, 0x00, 0x00, 0x00, 0x00,
    0x00, 0x00, 0x00, 0x00, 0x00, 0x00, 0x00, 0x00, 0x00, 0x00, 0x00, 0x00,
    0x00, 0x00, 0x00, 0x00, 0x00, 0x00, 0x00, 0x00, 0x00, 0x7B, 0xEF, 0x02,
    0x00, 0x00, 0x00, 0x43, 0x70, 0x4B, 0x6C, 0x73, 0xE4, 0xAE, 0x39, 0xFF,
    0xC6, 0xBB, 0xFF, 0xAE, 0x3A, 0xFF, 0x6C, 0xB5, 0xFF, 0x43, 0x90, 0x68,
    0xFB, 0xEF, 0x02, 0x7B, 0xEF, 0x02, 0x00, 0x00, 0x00, 0x00, 0x00, 0x00,
    0x00, 0x00, 0x00, 0x00, 0x00, 0x00, 0x00, 0x00, 0x00, 0x00, 0x00, 0x00,
    0x00, 0x00, 0x00, 0x00, 0x00, 0x00, 0x00, 0x00, 0x00, 0x00, 0x00, 0x00,
    0x00, 0x00, 0x00, 0x00, 0x00, 0x00, 0x00, 0x00, 0x00, 0x00, 0x00, 0x00,
    0x00, 0x00, 0x00, 0x00, 0x00, 0x00, 0x00, 0x00, 0x00, 0x00, 0x00, 0x00,
    0x00, 0x00, 0x00, 0x00, 0x00, 0x00, 0x00, 0x00, 0x00, 0x00, 0x00, 0x00,
    0x00, 0x00, 0x00, 0x00, 0x00, 0x00, 0x55, 0x55, 0x03, 0x00, 0x00, 0x00,
    0x53, 0xB1, 0x29, 0x64, 0x32, 0xE5, 0xCE, 0xFC, 0xFF, 0xFF, 0xFF, 0xF8,
    0xF7, 0xDF, 0xFC, 0xEF, 0xBF, 0xF9, 0xAE, 0x7C, 0xFD, 0x53, 0xF2, 0xDF,
    0x3B, 0x2F, 0x21, 0x00, 0x00, 0x00, 0x7B, 0xEF, 0x02, 0x00, 0x00, 0x00,
    0x00, 0x00, 0x00, 0x00, 0x00, 0x00, 0x00, 0x00, 0x00, 0x00, 0x00, 0x00,
    0x00, 0x00, 0x00, 0x00, 0x00, 0x00, 0x00, 0x00, 0x00, 0x00, 0x00, 0x00,
    0x00, 0x00, 0x00, 0x00, 0x00, 0x00, 0x00, 0x00, 0x00, 0x00, 0x00, 0x00,
    0x00, 0x00, 0x00, 0x00, 0x00, 0x00, 0x00, 0x00, 0x00, 0x00, 0x00, 0x00,
    0x00, 0x00, 0x00, 0x00, 0x00, 0x00, 0x00, 0x00, 0x00, 0x00, 0x00, 0x00,
    0x00, 0x00, 0x00, 0x00, 0x00, 0x00, 0x52, 0xAA, 0x03, 0x00, 0x00, 0x00,
    0x3B, 0x2F, 0x79, 0xB6, 0x3A, 0xFF, 0xFF, 0xFF, 0xF8, 0xF7, 0xBE, 0xFF,
    0xDF, 0x7E, 0xFF, 0xD7, 0x1D, 0xFF, 0xB6, 0xBD, 0xFB, 0x6C, 0xB6, 0xFF,
    0x32, 0xED, 0x3E, 0x00, 0x00, 0x00, 0x52, 0xB5, 0x03, 0x00, 0x00, 0x00,
    0x00, 0x00, 0x00, 0x00, 0x00, 0x00, 0x00, 0x00, 0x00, 0x00, 0x00, 0x00,
    0x00, 0x00, 0x00, 0x00, 0x00, 0x00, 0x00, 0x00, 0x00, 0x00, 0x00, 0x00,
    0x00, 0x00, 0x00, 0x00, 0x00, 0x00, 0x00, 0x00, 0x00, 0x00, 0x00, 0x00,
    0x00, 0x00, 0x00, 0x00, 0x00, 0x00, 0x00, 0x00, 0x00, 0x00, 0x00, 0x00,
    0x00, 0x00, 0x00, 0x00, 0x00, 0x00, 0x00, 0x00, 0x00, 0x00, 0x00, 0x00,
    0x00, 0x00, 0x00, 0x00, 0x1F, 0x01, 0x00, 0x00, 0x00, 0x53, 0xF5, 0x06,
    0x53, 0xD1, 0xA2, 0xD6, 0xFC, 0xFD, 0xFF, 0xFF, 0xFA, 0xE7, 0x7D, 0xFF,
    0xE7, 0x7E, 0xFF, 0xD7, 0x3D, 0xFF, 0xB6, 0xBD, 0xFA, 0x6C, 0xD6, 0xFE,
    0x2A, 0xEE, 0x41, 0x00, 0x00, 0x00, 0x52, 0xB5, 0x03, 0x00, 0x00, 0x00,
    0x00, 0x00, 0x00, 0x00, 0x00, 0x00, 0x00, 0x00, 0x00, 0x00, 0x00, 0x00,
    0x00, 0x00, 0x00, 0x00, 0x00, 0x00, 0x00, 0x00, 0x00, 0x00, 0x00, 0x00,
    0x00, 0x00, 0x00, 0x00, 0x00, 0x00, 0x00, 0x00, 0x00, 0x00, 0x00, 0x00,
    0x00, 0x00, 0x00, 0x00, 0x00, 0x00, 0x00, 0x00, 0x00, 0x00, 0x00, 0x00,
    0x00, 0x00, 0x00, 0x00, 0x00, 0x00, 0x00, 0x00, 0x00, 0x00, 0x00, 0x00,
    0x00, 0x00, 0x00, 0x07, 0xFF, 0x01, 0x00, 0x00, 0x00, 0x2A, 0xCF, 0x11,
    0x64, 0x33, 0xB8, 0xD7, 0x1C, 0xFF, 0xF7, 0xDF, 0xFB, 0xDF, 0x7D, 0xFF,
    0xDF, 0x7E, 0xFF, 0xCF, 0x1D, 0xFE, 0xB6, 0x9C, 0xFC, 0x64, 0x95, 0xFF,
    0x2A, 0xCE, 0x3B, 0x00, 0x00, 0x00, 0x52, 0xB5, 0x03, 0x00, 0x00, 0x00,
    0x00, 0x00, 0x00, 0x00, 0x00, 0x00, 0x00, 0x00, 0x00, 0x00, 0x00, 0x00,
    0x00, 0x00, 0x00, 0x00, 0x00, 0x00, 0x00, 0x00, 0x00, 0x00, 0x00, 0x00,
    0x00, 0x00, 0x00, 0x00, 0x00, 0x00, 0x00, 0x00, 0x00, 0x00, 0x00, 0x00,
    0x00, 0x00, 0x00, 0x00, 0x00, 0x00, 0x00, 0x00, 0x00, 0x00, 0x00, 0x00,
    0x00, 0x00, 0x00, 0x00, 0x00, 0x00, 0x00, 0x00, 0x00, 0x00, 0x00, 0x00,
    0x00, 0x00, 0x00, 0x07, 0xFF, 0x01, 0x00, 0x00, 0x00, 0x22, 0x6E, 0x14,
    0x6C, 0x53, 0xBC, 0xDF, 0x3C, 0xFF, 0xEF, 0xBE, 0xFB, 0xDF, 0x5D, 0xFF,
    0xDF, 0x5E, 0xFF, 0xCF, 0x1D, 0xFE, 0xA6, 0x5C, 0xFE, 0x5C, 0x54, 0xFB,
    0x33, 0x0E, 0x35, 0x00, 0x00, 0x00, 0x52, 0xAA, 0x03, 0x00, 0x00, 0x00,
    0x00, 0x00, 0x00, 0x00, 0x00, 0x00, 0x00, 0x00, 0x00, 0x00, 0x00, 0x00,
    0x00, 0x00, 0x00, 0x00, 0x00, 0x00, 0x00, 0x00, 0x00, 0x00, 0x00, 0x00,
    0x00, 0x00, 0x00, 0x00, 0x00, 0x00, 0x00, 0x00, 0x00, 0x00, 0x00, 0x00,
    0x00, 0x00, 0x00, 0x00, 0x00, 0x00, 0x00, 0x00, 0x00, 0x00, 0x00, 0x00,
    0x00, 0x00, 0x00, 0x00, 0x00, 0x00, 0x00, 0x00, 0x00, 0x00, 0x00, 0x00,
    0x00, 0x00, 0x00, 0x07, 0xFF, 0x01, 0x00, 0x00, 0x00, 0x1A, 0x6C, 0x14,
    0x6C, 0x53, 0xBC, 0xD7, 0x1D, 0xFF, 0xE7, 0x9E, 0xFB, 0xD7, 0x3D, 0xFF,
    0xD7, 0x3D, 0xFF, 0xC6, 0xFD, 0xFE, 0xA6, 0x3B, 0xFF, 0x5C, 0x34, 0xEC,
    0x33, 0x0F, 0x2F, 0x3B, 0xEF, 0x04, 0x4B, 0x72, 0x07, 0x52, 0xB5, 0x03,
    0x00, 0x00, 0x00, 0x00, 0x00, 0x00, 0x00, 0x00, 0x00, 0x00, 0x00, 0x00,
    0x00, 0x00, 0x00, 0x00, 0x00, 0x00, 0x00, 0x00, 0x00, 0x00, 0x00, 0x00,
    0x00, 0x00, 0x00, 0x00, 0x00, 0x00, 0x00, 0x00, 0x00, 0x00, 0x00, 0x00,
    0x00, 0x00, 0x00, 0x00, 0x00, 0x00, 0x00, 0x00, 0x00, 0x00, 0x00, 0x00,
    0x00, 0x00, 0x00, 0x00, 0x00, 0x00, 0x00, 0x00, 0x00, 0x00, 0x00, 0x00,
    0x00, 0x00, 0x00, 0x07, 0xFF, 0x01, 0x00, 0x00, 0x00, 0x1A, 0x0D, 0x13,
    0x6C, 0x53, 0xBC, 0xD7, 0x1D, 0xFF, 0xE7, 0x7E, 0xFB, 0xD7, 0x1D, 0xFF,
    0xCF, 0x1D, 0xFF, 0xC6, 0xFD, 0xFD, 0x9E, 0x1B, 0xFF, 0x54, 0x13, 0xDF,
    0x2A, 0xAF, 0x21, 0x00, 0x00, 0x00, 0x00, 0x00, 0x00, 0x00, 0x00, 0x00,
    0x00, 0x00, 0x00, 0x03, 0xEF, 0x02, 0x7B, 0xEF, 0x02, 0x03, 0xEF, 0x02,
    0x00, 0x00, 0x00, 0x00, 0x00, 0x00, 0x00, 0x00, 0x00, 0x00, 0x00, 0x00,
    0x00, 0x00, 0x00, 0x00, 0x00, 0x00, 0x00, 0x00, 0x00, 0x00, 0x00, 0x00,
    0x00, 0x00, 0x00, 0x00, 0x00, 0x00, 0x00, 0x00, 0x00, 0x00, 0x00, 0x00,
    0x00, 0x00, 0x00, 0x00, 0x00, 0x00, 0x00, 0x00, 0x00, 0x00, 0x00, 0x00,
    0x00, 0x00, 0x00, 0x07, 0xFF, 0x01, 0x00, 0x00, 0x00, 0x0A, 0x0B, 0x13,
    0x6C, 0x73, 0xBA, 0xD7, 0x1D, 0xFF, 0xDF, 0x5E, 0xFB, 0xCE, 0xFD, 0xFF,
    0xC6, 0xFD, 0xFF, 0xC6, 0xFD, 0xFC, 0x9E, 0x1B, 0xFF, 0x4B, 0xF2, 0xC6,
    0x43, 0x50, 0x40, 0x43, 0x91, 0x78, 0x3B, 0x50, 0x91, 0x3B, 0x4F, 0x59,
    0x3B, 0xEF, 0x04, 0x00, 0x00, 0x00, 0x00, 0x00, 0x00, 0x00, 0x00, 0x00,
    0x00, 0x00, 0x00, 0x00, 0x00, 0x00, 0x00, 0x00, 0x00, 0x00, 0x00, 0x00,
    0x00, 0x00, 0x00, 0x00, 0x00, 0x00, 0x00, 0x00, 0x00, 0x00, 0x00, 0x00,
    0x00, 0x00, 0x00, 0x00, 0x00, 0x00, 0x00, 0x00, 0x00, 0x00, 0x00, 0x00,
    0x00, 0x00, 0x00, 0x00, 0x00, 0x00, 0x00, 0x00, 0x00, 0x00, 0x00, 0x00,
    0x00, 0x00, 0x00, 0x07, 0xFF, 0x01, 0x00, 0x00, 0x00, 0x0A, 0x0B, 0x13,
    0x6C, 0x74, 0xBA, 0xCE, 0xFD, 0xFF, 0xD7, 0x3E, 0xFB, 0xC6, 0xFD, 0xFF,
    0xC6, 0xFD, 0xFF, 0xBE, 0xDE, 0xFF, 0x95, 0xFA, 0xFF, 0x4B, 0xD2, 0xED,
    0x53, 0xF2, 0xE8, 0xAD, 0xF8, 0xFF, 0xBE, 0x9A, 0xFF, 0x8D, 0x56, 0xF7,
    0x4B, 0xD1, 0xB0, 0x43, 0x90, 0x76, 0x4B, 0xB0, 0x9E, 0x43, 0xB0, 0x76,
    0x1A, 0x6D, 0x1E, 0x00, 0x00, 0x00, 0x00, 0x00, 0x00, 0x00, 0x00, 0x00,
    0x00, 0x00, 0x00, 0x00, 0x00, 0x00, 0x00, 0x00, 0x00, 0x00, 0x00, 0x00,
    0x00, 0x00, 0x00, 0x00, 0x00, 0x00, 0x00, 0x00, 0x00, 0x00, 0x00, 0x00,
    0x00, 0x00, 0x00, 0x00, 0x00, 0x00, 0x00, 0x00, 0x00, 0x00, 0x00, 0x00,
    0x00, 0x00, 0x00, 0x07, 0xFF, 0x01, 0x00, 0x00, 0x00, 0x0A, 0x0B, 0x13,
    0x6C, 0x74, 0xBB, 0xC6, 0xFD, 0xFF, 0xCF, 0x3E, 0xFB, 0xC6, 0xDD, 0xFF,
    0xBE, 0xDD, 0xFF, 0xBE, 0xDE, 0xFF, 0x8D, 0xBA, 0xFF, 0x43, 0xB2, 0xFF,
    0xBE, 0x9B, 0xFF, 0xEF, 0x9F, 0xFF, 0xE7, 0x7E, 0xFE, 0xD7, 0x3D, 0xFF,
    0x6C, 0xB4, 0xFF, 0x8D, 0x36, 0xFF, 0xBE, 0x9B, 0xFF, 0x9D, 0xD8, 0xFF,
    0x5C, 0x12, 0xEA, 0x33, 0x0F, 0x51, 0x00, 0x00, 0x00, 0x63, 0x33, 0x05,
    0x7B, 0xEF, 0x02, 0x00, 0x00, 0x00, 0x00, 0x00, 0x00, 0x00, 0x00, 0x00,
    0x00, 0x00, 0x00, 0x00, 0x00, 0x00, 0x00, 0x00, 0x00, 0x00, 0x00, 0x00,
    0x00, 0x00, 0x00, 0x00, 0x00, 0x00, 0x00, 0x00, 0x00, 0x00, 0x00, 0x00,
    0x00, 0x00, 0x00, 0x07, 0xFF, 0x01, 0x00, 0x00, 0x00, 0x0A, 0x0D, 0x13,
    0x64, 0x54, 0xBB, 0xB6, 0xBC, 0xFF, 0xC7, 0x1E, 0xFB, 0xBE, 0xBD, 0xFF,
    0xBE, 0xDD, 0xFF, 0xC6, 0xFE, 0xFF, 0x95, 0xDA, 0xFF, 0x8D, 0x78, 0xFF,
    0xC6, 0xDD, 0xFE, 0xC6, 0xFD, 0xFF, 0xCE, 0xFD, 0xFF, 0x85, 0x57, 0xFE,
    0x95, 0x77, 0xFF, 0xFF, 0xFF, 0xFF, 0xEF, 0x9E, 0xFF, 0xE7, 0x9E, 0xFE,
    0xC6, 0xFD, 0xFF, 0x53, 0xF2, 0xE7, 0x43, 0x70, 0x31, 0x00, 0x00, 0x00,
    0x00, 0x00, 0x00, 0x00, 0x00, 0x01, 0x00, 0x00, 0x00, 0x00, 0x00, 0x00,
    0x00, 0x00, 0x00, 0x00, 0x00, 0x00, 0x00, 0x00, 0x00, 0x00, 0x00, 0x00,
    0x00, 0x00, 0x00, 0x00, 0x00, 0x00, 0x00, 0x00, 0x00, 0x00, 0x00, 0x00,
    0x00, 0x00, 0x00, 0x07, 0xFF, 0x01, 0x00, 0x00, 0x00, 0x19, 0xEE, 0x14,
    0x64, 0x54, 0xBB, 0xB6, 0xBD, 0xFF, 0xCF, 0x5F, 0xFB, 0xC7, 0x1F, 0xFF,
    0xBE, 0xDD, 0xFF, 0xAE, 0x5C, 0xFF, 0x95, 0xDA, 0xFF, 0x9E, 0x1B, 0xFF,
    0xC6, 0xFE, 0xFF, 0xC6, 0xFE, 0xFF, 0x9E, 0x1A, 0xFF, 0x6C, 0x94, 0xFF,
    0xEF, 0x9E, 0xFF, 0xDF, 0x7E, 0xFF, 0xD7, 0x3D, 0xFF, 0xCF, 0x1D, 0xFE,
    0xCE, 0xFD, 0xFF, 0x95, 0x98, 0xFF, 0x3B, 0x2F, 0xC8, 0x3B, 0x2F, 0x76,
    0x53, 0xD1, 0x1D, 0x00, 0x00, 0x00, 0x00, 0x00, 0x00, 0x00, 0x00, 0x00,
    0x00, 0x00, 0x00, 0x00, 0x00, 0x00, 0x00, 0x00, 0x00, 0x00, 0x00, 0x00,
    0x00, 0x00, 0x00, 0x00, 0x00, 0x00, 0x00, 0x00, 0x00, 0x00, 0x00, 0x00,
    0x00, 0x00, 0x00, 0x07, 0xFF, 0x01, 0x00, 0x00, 0x01, 0x0A, 0x4D, 0x11,
    0x64, 0x54, 0xB7, 0x95, 0xDA, 0xFF, 0x85, 0x58, 0xFB, 0x6C, 0xB5, 0xFF,
    0x6C, 0xB5, 0xFF, 0x74, 0xD5, 0xFF, 0x7C, 0xF6, 0xFF, 0x6C, 0x94, 0xFF,
    0x6C, 0xD6, 0xFF, 0xAE, 0x9D, 0xFF, 0x74, 0xF7, 0xFF, 0x95, 0x77, 0xFF,
    0xEF, 0xBF, 0xFF, 0xD7, 0x1D, 0xFF, 0xD7, 0x3D, 0xFF, 0xCF, 0x1D, 0xFF,
    0xCF, 0x1E, 0xFF, 0xB6, 0x9C, 0xFE, 0xB6, 0x7A, 0xFF, 0x9D, 0xD8, 0xFF,
    0x4B, 0x91, 0xC2, 0x1A, 0x6D, 0x10, 0x00, 0x00, 0x00, 0x00, 0x00, 0x01,
    0x00, 0x00, 0x00, 0x00, 0x00, 0x00, 0x00, 0x00, 0x00, 0x00, 0x00, 0x00,
    0x00, 0x00, 0x00, 0x00, 0x00, 0x00, 0x00, 0x00, 0x00, 0x00, 0x00, 0x00,
    0x00, 0x00, 0x00, 0x07, 0xFF, 0x01, 0x00, 0x00, 0x00, 0x43, 0x51, 0x27,
    0x4B, 0xB1, 0xDD, 0x7C, 0xF5, 0xFF, 0xAD, 0xF9, 0xFC, 0xBE, 0x7A, 0xFF,
    0xCE, 0xDB, 0xFF, 0xDF, 0x3C, 0xFF, 0xE7, 0x5D, 0xFF, 0xCE, 0xDC, 0xFF,
    0x64, 0x74, 0xFF, 0x6C, 0xF7, 0xFF, 0x54, 0x34, 0xFF, 0xC6, 0xDD, 0xFF,
    0xCF, 0x1D, 0xFF, 0xD7, 0x1D, 0xFF, 0xCF, 0x1D, 0xFF, 0xC6, 0xFD, 0xFF,
    0x7D, 0x17, 0xFF, 0xBE, 0xBC, 0xFF, 0xE7, 0x9F, 0xFC, 0xE7, 0x9F, 0xF8,
    0x7D, 0x16, 0xFF, 0x3B, 0x0F, 0x6A, 0x00, 0x00, 0x00, 0x00, 0x00, 0x00,
    0x00, 0x00, 0x00, 0x00, 0x00, 0x00, 0x00, 0x00, 0x00, 0x00, 0x00, 0x00,
    0x00, 0x00, 0x00, 0x00, 0x00, 0x00, 0x00, 0x00, 0x00, 0x00, 0x00, 0x00,
    0x00, 0x00, 0x01, 0x00, 0x00, 0x00, 0x3B, 0x4F, 0x24, 0x53, 0xD1, 0xD5,
    0xB6, 0x39, 0xFF, 0xF7, 0x9E, 0xFE, 0xEF, 0x9E, 0xFF, 0xF7, 0xBF, 0xFF,
    0xEF, 0xBF, 0xFF, 0xEF, 0xBF, 0xFF, 0xE7, 0x7E, 0xFF, 0xDF, 0x5E, 0xFF,
    0x9D, 0xFA, 0xFF, 0x3B, 0x91, 0xFF, 0x5C, 0x55, 0xFF, 0xCF, 0x1E, 0xFF,
    0xC6, 0xFD, 0xFF, 0xC6, 0xFD, 0xFF, 0xCE, 0xFD, 0xFF, 0x9D, 0xDA, 0xFF,
    0x5C, 0x34, 0xFF, 0xCF, 0x1E, 0xFF, 0xCE, 0xFD, 0xFF, 0xC6, 0xFD, 0xFE,
    0x9D, 0xFA, 0xFD, 0x43, 0x91, 0xBB, 0x00, 0x00, 0x01, 0x00, 0x00, 0x00,
    0x00, 0x00, 0x00, 0x00, 0x00, 0x00, 0x00, 0x00, 0x00, 0x00, 0x00, 0x00,
    0x00, 0x00, 0x00, 0x00, 0x00, 0x00, 0x00, 0x00, 0x00, 0x00, 0x00, 0x00,
    0x00, 0x00, 0x01, 0x39, 0xD1, 0x09, 0x53, 0xB1, 0xC8, 0xC6, 0x9B, 0xFF,
    0xFF, 0xFF, 0xFE, 0xDF, 0x5E, 0xFF, 0xDF, 0x3D, 0xFF, 0xD7, 0x3D, 0xFF,
    0xD7, 0x3D, 0xFF, 0xD7, 0x1D, 0xFF, 0xCE, 0xFD, 0xFF, 0xBE, 0xBC, 0xFF,
    0x95, 0xDA, 0xFF, 0x33, 0x51, 0xFF, 0x74, 0xF7, 0xFF, 0xBE, 0xBD, 0xFF,
    0xBE, 0xBD, 0xFF, 0xBE, 0xBD, 0xFF, 0xBE, 0xBD, 0xFF, 0x5C, 0x34, 0xFF,
    0x9D, 0xFA, 0xFF, 0xCF, 0x1E, 0xFF, 0xC6, 0xFD, 0xFF, 0xBE, 0xBD, 0xFE,
    0x95, 0xFB, 0xFF, 0x43, 0xB1, 0xD6, 0x00, 0x00, 0x03, 0x00, 0x00, 0x00,
    0x00, 0x00, 0x00, 0x00, 0x00, 0x00, 0x00, 0x00, 0x00, 0x00, 0x00, 0x00,
    0x00, 0x00, 0x00, 0x00, 0x00, 0x00, 0x00, 0x00, 0x00, 0x07, 0xFF, 0x01,
    0x00, 0x00, 0x00, 0x3B, 0x2F, 0x7C, 0x9D, 0x77, 0xFF, 0xFF, 0xFF, 0xFE,
    0xDF, 0x3D, 0xFF, 0xCE, 0xFD, 0xFF, 0xC6, 0xDD, 0xFF, 0xC6, 0xDC, 0xFF,
    0xBE, 0xBC, 0xFF, 0xBE, 0x9C, 0xFF, 0xB6, 0x9C, 0xFF, 0xAE, 0x7C, 0xFF,
    0x5C, 0x95, 0xFF, 0x2B, 0x51, 0xFF, 0x75, 0x18, 0xFF, 0xAE, 0x9D, 0xFF,
    0xAE, 0x5C, 0xFF, 0xB6, 0x9D, 0xFF, 0x85, 0x78, 0xFF, 0x5C, 0x55, 0xFF,
    0xBE, 0xBD, 0xFF, 0xC6, 0xDD, 0xFF, 0xBE, 0xBD, 0xFF, 0x9E, 0x1B, 0xFE,
    0x5C, 0x96, 0xFF, 0x3B, 0x71, 0xD3, 0x02, 0xAA, 0x03, 0x00, 0x00, 0x00,
    0x00, 0x00, 0x00, 0x00, 0x00, 0x00, 0x00, 0x00, 0x00, 0x00, 0x00, 0x00,
    0x00, 0x00, 0x00, 0x00, 0x00, 0x00, 0x00, 0x00, 0x01, 0xFF, 0xFF, 0x01,
    0x23, 0x0E, 0x0D, 0x53, 0xB1, 0xDE, 0xEF, 0x9E, 0xFE, 0xE7, 0x7E, 0xFE,
    0xCE, 0xFD, 0xFF, 0xBE, 0xDD, 0xFF, 0xB6, 0x9C, 0xFF, 0xB6, 0x9D, 0xFF,
    0xB6, 0x9D, 0xFF, 0xA6, 0x3C, 0xFF, 0x8D, 0xB9, 0xFF, 0x5C, 0x75, 0xFF,
    0x3B, 0xB3, 0xFF, 0x4C, 0x55, 0xFF, 0x43, 0xD3, 0xFF, 0x95, 0xFB, 0xFF,
    0xAE, 0x7D, 0xFF, 0xA6, 0x5C, 0xFF, 0x43, 0xD3, 0xFF, 0x85, 0x59, 0xFF,
    0xB6, 0x9D, 0xFF, 0xB6, 0x7C, 0xFF, 0xB6, 0x9D, 0xFF, 0x64, 0x96, 0xFE,
    0x4C, 0x14, 0xFF, 0x43, 0x71, 0xC1, 0x00, 0x00, 0x01, 0x00, 0x00, 0x00,
    0x00, 0x00, 0x00, 0x00, 0x00, 0x00, 0x00, 0x00, 0x00, 0x00, 0x00, 0x00,
    0x00, 0x00, 0x00, 0x00, 0x00, 0x00, 0x52, 0xB5, 0x03, 0x00, 0x00, 0x00,
    0x33, 0x2F, 0x42, 0x84, 0xF5, 0xF1, 0xF7, 0xDF, 0xFF, 0xCF, 0x1D, 0xFE,
    0xC6, 0xFD, 0xFF, 0xBE, 0xBD, 0xFF, 0xB6, 0x9D, 0xFF, 0x95, 0xBA, 0xFF,
    0x54, 0x54, 0xFF, 0x43, 0xD3, 0xFF, 0x33, 0x71, 0xFF, 0x43, 0xF4, 0xFF,
    0x64, 0xD7, 0xFF, 0x6D, 0x18, 0xFF, 0x4C, 0x14, 0xFF, 0x43, 0xF4, 0xFF,
    0x54, 0x35, 0xFF, 0x4C, 0x14, 0xFF, 0x2B, 0x10, 0xFF, 0x85, 0x79, 0xFF,
    0xAE, 0x7D, 0xFF, 0xAE, 0x7D, 0xFF, 0x85, 0x99, 0xFF, 0x43, 0xD3, 0xFE,
    0x54, 0x55, 0xFF, 0x3B, 0x50, 0xA7, 0x00, 0x00, 0x00, 0x00, 0x00, 0x00,
    0x00, 0x00, 0x00, 0x00, 0x00, 0x00, 0x00, 0x00, 0x00, 0x00, 0x00, 0x00,
    0x00, 0x00, 0x00, 0x00, 0x00, 0x00, 0x3B, 0xEF, 0x04, 0x00, 0x00, 0x00,
    0x32, 0xEF, 0x65, 0x9D, 0x97, 0xF9, 0xE7, 0x9F, 0xFF, 0xC6, 0xFD, 0xFF,
    0xC6, 0xDD, 0xFF, 0xBE, 0xBD, 0xFF, 0xBE, 0xBD, 0xFF, 0x7D, 0x17, 0xFF,
    0x43, 0xD3, 0xFF, 0x64, 0xD7, 0xFF, 0x4C, 0x15, 0xFF, 0x3B, 0xB3, 0xFF,
    0x6C, 0xD7, 0xFF, 0x85, 0x79, 0xFF, 0x85, 0x9A, 0xFF, 0x6C, 0xD7, 0xFF,
    0x54, 0x55, 0xFF, 0x5C, 0x96, 0xFF, 0x54, 0x75, 0xFF, 0x43, 0xB3, 0xFF,
    0x64, 0xB7, 0xFF, 0x64, 0xB6, 0xFF, 0x3B, 0x92, 0xFF, 0x64, 0xB7, 0xFD,
    0x64, 0xB6, 0xFF, 0x33, 0x0F, 0x8F, 0x00, 0x00, 0x00, 0x00, 0x00, 0x00,
    0x00, 0x00, 0x00, 0x00, 0x00, 0x00, 0x00, 0x00, 0x00, 0x00, 0x00, 0x00,
    0x00, 0x00, 0x00, 0x00, 0x00, 0x00, 0x52, 0xB5, 0x03, 0x00, 0x00, 0x00,
    0x32, 0xEF, 0x65, 0x9D, 0x77, 0xFA, 0xDF, 0x7E, 0xFF, 0xC6, 0xDD, 0xFE,
    0xBE, 0xDD, 0xFF, 0xBE, 0xBD, 0xFF, 0xBE, 0xDD, 0xFF, 0x95, 0xBA, 0xFF,
    0x9E, 0x1B, 0xFF, 0xAE, 0x7D, 0xFF, 0xA6, 0x3C, 0xFF, 0x6C, 0xB7, 0xFF,
    0x43, 0xD3, 0xFF, 0x8D, 0xBA, 0xFF, 0x9E, 0x1B, 0xFF, 0x96, 0x1B, 0xFF,
    0x95, 0xDB, 0xFF, 0x8D, 0xDB, 0xFF, 0x8D, 0xDB, 0xFF, 0x6C, 0xF8, 0xFF,
    0x54, 0x35, 0xFF, 0x4C, 0x14, 0xFF, 0x64, 0xB7, 0xFF, 0x85, 0xBA, 0xFD,
    0x5C, 0x75, 0xFF, 0x33, 0x0F, 0x74, 0x00, 0x00, 0x00, 0x00, 0x00, 0x00,
    0x00, 0x00, 0x00, 0x00, 0x00, 0x00, 0x00, 0x00, 0x00, 0x00, 0x00, 0x00,
    0x00, 0x00, 0x00, 0x00, 0x00, 0x00, 0x52, 0xAA, 0x03, 0x00, 0x00, 0x00,
    0x32, 0xEF, 0x3E, 0x7C, 0xB4, 0xF1, 0xE7, 0x7E, 0xFF, 0xBE, 0xBD, 0xFE,
    0xBE, 0xDD, 0xFF, 0xBE, 0xBD, 0xFF, 0xBE, 0xDD, 0xFF, 0xBE, 0xDD, 0xFF,
    0xBE, 0xDD, 0xFF, 0xBE, 0xBD, 0xFF, 0xB6, 0x9C, 0xFF, 0xB6, 0xDE, 0xFF,
    0x5C, 0x55, 0xFF, 0x75, 0x18, 0xFF, 0xA6, 0x5C, 0xFF, 0xA6, 0x3C, 0xFF,
    0xA6, 0x3C, 0xFF, 0xA6, 0x5C, 0xFF, 0xA6, 0x5C, 0xFF, 0xA6, 0x3C, 0xFF,
    0x95, 0xFB, 0xFF, 0x8D, 0xDA, 0xFF, 0x8D, 0xDA, 0xFF, 0x96, 0x1B, 0xFD,
    0x5C, 0x55, 0xFF, 0x2A, 0xAE, 0x52, 0x00, 0x00, 0x00, 0x00, 0x00, 0x00,
    0x00, 0x00, 0x00, 0x00, 0x00, 0x00, 0x00, 0x00, 0x00, 0x00, 0x00, 0x00,
    0x00, 0x00, 0x00, 0x00, 0x00, 0x00, 0x00, 0x00, 0x01, 0x00, 0x00, 0x01,
    0x01, 0x8C, 0x0A, 0x4B, 0x91, 0xDD, 0xD7, 0x5E, 0xFD, 0xB6, 0x9C, 0xFE,
    0xBE, 0xBD, 0xFF, 0xBE, 0xBD, 0xFF, 0xBE, 0xDD, 0xFF, 0xBE, 0xDD, 0xFF,
    0xBE, 0xDD, 0xFF, 0xBE, 0xDD, 0xFF, 0xBE, 0xBD, 0xFF, 0xBE, 0xBD, 0xFF,
    0x9D, 0xDA, 0xFF, 0x5C, 0x34, 0xFF, 0xAE, 0x7C, 0xFF, 0xAE, 0x9D, 0xFF,
    0xAE, 0x9D, 0xFF, 0xAE, 0x9D, 0xFF, 0xAE, 0x9D, 0xFF, 0xAE, 0x9D, 0xFF,
    0xAE, 0x9D, 0xFF, 0xAE, 0x7D, 0xFF, 0xA6, 0x1B, 0xFF, 0x95, 0xFB, 0xFE,
    0x4B, 0xD2, 0xFE, 0x12, 0x0B, 0x2B, 0x00, 0x00, 0x00, 0x00, 0x00, 0x01,
    0x00, 0x00, 0x00, 0x00, 0x00, 0x00, 0x00, 0x00, 0x00, 0x00, 0x00, 0x00,
    0x00, 0x00, 0x00, 0x00, 0x00, 0x00, 0x00, 0x00, 0x00, 0x7B, 0xEF, 0x02,
    0x00, 0x00, 0x00, 0x3B, 0x0F, 0x8A, 0x8D, 0x57, 0xFF, 0xC6, 0xFE, 0xFF,
    0xAE, 0x5C, 0xFF, 0xBE, 0xBD, 0xFF, 0xBE, 0xBD, 0xFF, 0xBE, 0xDD, 0xFF,
    0xBE, 0xDD, 0xFF, 0xBE, 0xDD, 0xFF, 0xBE, 0xDD, 0xFF, 0xB6, 0xBD, 0xFF,
    0xB6, 0x9D, 0xFF, 0x74, 0xD6, 0xFF, 0xAE, 0x9C, 0xFF, 0xB6, 0xBD, 0xFF,
    0xB6, 0xBD, 0xFF, 0xB6, 0xBD, 0xFF, 0xB6, 0xBD, 0xFF, 0xB6, 0xBD, 0xFF,
    0xB6, 0xBD, 0xFF, 0xAE, 0x7D, 0xFF, 0x9E, 0x1C, 0xFD, 0x85, 0x79, 0xFE,
    0x3B, 0x50, 0xDA, 0x01, 0x48, 0x12, 0x00, 0x00, 0x00, 0x00, 0x00, 0x01,
    0x00, 0x00, 0x00, 0x00, 0x00, 0x00, 0x00, 0x00, 0x00, 0x00, 0x00, 0x00,
    0x00, 0x00, 0x00, 0x00, 0x00, 0x00, 0x00, 0x00, 0x00, 0x00, 0x00, 0x00,
    0x00, 0x00, 0x00, 0x1A, 0x4B, 0x18, 0x43, 0x71, 0xE5, 0xAE, 0x5B, 0xFE,
    0xB6, 0x9D, 0xFE, 0xAE, 0x7C, 0xFF, 0xB6, 0x9D, 0xFF, 0xB6, 0xBD, 0xFF,
    0xB6, 0xBD, 0xFF, 0xB6, 0xBD, 0xFF, 0xB6, 0xBD, 0xFF, 0xB6, 0xBD, 0xFF,
    0xB6, 0xBD, 0xFF, 0xB6, 0x9C, 0xFF, 0xB6, 0x9D, 0xFF, 0xB6, 0xBD, 0xFF,
    0xB6, 0xBD, 0xFF, 0xB6, 0xBD, 0xFF, 0xB6, 0xBD, 0xFF, 0xB6, 0xBD, 0xFF,
    0xAE, 0x9D, 0xFF, 0xA6, 0x3C, 0xFF, 0x9E, 0x3C, 0xFA, 0x6C, 0xF7, 0xFF,
    0x2A, 0xAE, 0x82, 0x00, 0x0A, 0x03, 0x00, 0x00, 0x00, 0x00, 0x00, 0x00,
    0x00, 0x00, 0x00, 0x00, 0x00, 0x00, 0x00, 0x00, 0x00, 0x00, 0x00, 0x00,
    0x00, 0x00, 0x00, 0x00, 0x00, 0x00, 0x00, 0x00, 0x00, 0x00, 0x00, 0x00,
    0x00, 0x00, 0x01, 0x00, 0x00, 0x00, 0x2A, 0x8E, 0x50, 0x53, 0xD2, 0xFE,
    0xA6, 0x5C, 0xFF, 0xAE, 0x7C, 0xFE, 0xAE, 0x5C, 0xFF, 0xB6, 0x9D, 0xFF,
    0xB6, 0x9D, 0xFF, 0xB6, 0x9D, 0xFF, 0xB6, 0x9D, 0xFF, 0xB6, 0xBD, 0xFF,
    0xB6, 0x9C, 0xFF, 0xB6, 0xBD, 0xFF, 0xB6, 0xBD, 0xFF, 0xB6, 0xBD, 0xFF,
    0xB6, 0xBD, 0xFF, 0xB6, 0xBD, 0xFF, 0xB6, 0xBD, 0xFF, 0xB6, 0x9D, 0xFF,
    0xA6, 0x5C, 0xFF, 0x9E, 0x1C, 0xFD, 0x85, 0x9A, 0xFE, 0x43, 0x91, 0xE9,
    0x1A, 0x2B, 0x2F, 0x00, 0x00, 0x00, 0x03, 0xEF, 0x02, 0x00, 0x00, 0x00,
    0x00, 0x00, 0x00, 0x00, 0x00, 0x00, 0x00, 0x00, 0x00, 0x00, 0x00, 0x00,
    0x00, 0x00, 0x00, 0x00, 0x00, 0x00, 0x00, 0x00, 0x00, 0x00, 0x00, 0x00,
    0x00, 0x00, 0x00, 0x03, 0xFF, 0x02, 0x00, 0x00, 0x00, 0x2A, 0xAE, 0x62,
    0x4B, 0xB2, 0xF8, 0x8D, 0xBA, 0xFF, 0xA6, 0x3C, 0xFF, 0xA6, 0x5C, 0xFF,
    0xAE, 0x5C, 0xFF, 0xAE, 0x7C, 0xFF, 0xAE, 0x7C, 0xFF, 0xB6, 0x9C, 0xFF,
    0xB6, 0x9C, 0xFF, 0xB6, 0x9C, 0xFF, 0xB6, 0x9C, 0xFF, 0xB6, 0x9D, 0xFF,
    0xB6, 0x9D, 0xFF, 0xB6, 0x9D, 0xFF, 0xAE, 0x7C, 0xFF, 0xA6, 0x3C, 0xFF,
    0x9E, 0x1B, 0xFE, 0x8D, 0xDB, 0xFF, 0x4B, 0xF3, 0xFF, 0x22, 0x6D, 0x6F,
    0x7B, 0xEF, 0x02, 0x52, 0xB5, 0x03, 0x00, 0x00, 0x00, 0x00, 0x00, 0x00,
    0x00, 0x00, 0x00, 0x00, 0x00, 0x00, 0x00, 0x00, 0x00, 0x00, 0x00, 0x00,
    0x00, 0x00, 0x00, 0x00, 0x00, 0x00, 0x00, 0x00, 0x00, 0x00, 0x00, 0x00,
    0x00, 0x00, 0x00, 0x00, 0x00, 0x00, 0x03, 0xEF, 0x02, 0x00, 0x00, 0x00,
    0x2A, 0xAF, 0x44, 0x33, 0x30, 0xD2, 0x5C, 0x55, 0xFB, 0x7D, 0x59, 0xFD,
    0x9D, 0xFB, 0xFF, 0x9E, 0x1B, 0xFF, 0xA6, 0x3C, 0xFF, 0xA6, 0x5C, 0xFF,
    0xAE, 0x5C, 0xFF, 0xAE, 0x7C, 0xFF, 0xAE, 0x7C, 0xFF, 0xAE, 0x7C, 0xFF,
    0xAE, 0x7C, 0xFF, 0xA6, 0x3C, 0xFF, 0x9E, 0x1B, 0xFF, 0x8D, 0xBA, 0xFF,
    0x75, 0x38, 0xFD, 0x43, 0xF3, 0xF6, 0x22, 0xAE, 0x82, 0x00, 0x00, 0x00,
    0x07, 0xFF, 0x01, 0x00, 0x00, 0x01, 0x00, 0x00, 0x00, 0x00, 0x00, 0x00,
    0x00, 0x00, 0x00, 0x00, 0x00, 0x00, 0x00, 0x00, 0x00, 0x00, 0x00, 0x00,
    0x00, 0x00, 0x00, 0x00, 0x00, 0x00, 0x00, 0x00, 0x00, 0x00, 0x00, 0x00,
    0x00, 0x00, 0x00, 0x00, 0x00, 0x00, 0x00, 0x00, 0x00, 0x52, 0xAA, 0x03,
    0x00, 0x00, 0x00, 0x1A, 0x6C, 0x1A, 0x33, 0x30, 0xD7, 0x5C, 0x75, 0xFE,
    0x8D, 0xBB, 0xFD, 0x95, 0xFB, 0xFF, 0x9D, 0xFB, 0xFF, 0x9E, 0x1B, 0xFF,
    0xA6, 0x3C, 0xFF, 0xA6, 0x3C, 0xFF, 0xA6, 0x3C, 0xFF, 0xA6, 0x3C, 0xFF,
    0x9E, 0x1B, 0xFF, 0x95, 0xFB, 0xFF, 0x95, 0xDB, 0xFF, 0x75, 0x18, 0xFD,
    0x43, 0xF4, 0xFD, 0x22, 0xCE, 0xB6, 0x00, 0x00, 0x00, 0x3B, 0xEF, 0x04,
    0x00, 0x00, 0x01, 0x00, 0x00, 0x00, 0x00, 0x00, 0x00, 0x00, 0x00, 0x00,
    0x00, 0x00, 0x00, 0x00, 0x00, 0x00, 0x00, 0x00, 0x00, 0x00, 0x00, 0x00,
    0x00, 0x00, 0x00, 0x00, 0x00, 0x00, 0x00, 0x00, 0x00, 0x00, 0x00, 0x00,
    0x00, 0x00, 0x00, 0x00, 0x00, 0x00, 0x00, 0x00, 0x00, 0x07, 0xFF, 0x01,
    0x52, 0xAA, 0x03, 0x01, 0xEB, 0x08, 0x3B, 0x2F, 0xCE, 0xB6, 0xDE, 0xFE,
    0xA6, 0x7D, 0xF9, 0x9E, 0x1C, 0xFC, 0x9E, 0x1C, 0xFD, 0x9E, 0x3C, 0xFD,
    0x9E, 0x3C, 0xFE, 0x9E, 0x3C, 0xFE, 0x9E, 0x3C, 0xFE, 0x9E, 0x1B, 0xFD,
    0x9E, 0x1C, 0xFD, 0x95, 0xFB, 0xFC, 0x95, 0xDB, 0xFC, 0x96, 0x1C, 0xF9,
    0x6C, 0xF8, 0xFF, 0x22, 0x8D, 0xA6, 0x03, 0xEF, 0x02, 0x2A, 0xAF, 0x06,
    0x00, 0x00, 0x00, 0x00, 0x00, 0x00, 0x00, 0x00, 0x00, 0x00, 0x00, 0x00,
    0x00, 0x00, 0x00, 0x00, 0x00, 0x00, 0x00, 0x00, 0x00, 0x00, 0x00, 0x00,
    0x00, 0x00, 0x00, 0x00, 0x00, 0x00, 0x00, 0x00, 0x00, 0x00, 0x00, 0x00,
    0x00, 0x00, 0x00, 0x00, 0x00, 0x00, 0x00, 0x00, 0x00, 0x00, 0x00, 0x00,
    0x05, 0x55, 0x03, 0x00, 0x00, 0x00, 0x32, 0xAE, 0x64, 0x54, 0x13, 0xFD,
    0x75, 0x18, 0xFF, 0x7D, 0x39, 0xFF, 0x85, 0x79, 0xFF, 0x8D, 0xBA, 0xFF,
    0x8D, 0xDA, 0xFF, 0x8D, 0xDB, 0xFF, 0x8D, 0xDA, 0xFF, 0x85, 0x9A, 0xFF,
    0x7D, 0x79, 0xFF, 0x75, 0x39, 0xFF, 0x6C, 0xF8, 0xFF, 0x5C, 0xB6, 0xFF,
    0x33, 0x50, 0xE8, 0x22, 0x8C, 0x39, 0x00, 0x00, 0x00, 0x00, 0x0F, 0x02,
    0x00, 0x00, 0x00, 0x00, 0x00, 0x00, 0x00, 0x00, 0x00, 0x00, 0x00, 0x00,
    0x00, 0x00, 0x00, 0x00, 0x00, 0x00, 0x00, 0x00, 0x00, 0x00, 0x00, 0x00,
    0x00, 0x00, 0x00, 0x00, 0x00, 0x00, 0x00, 0x00, 0x00, 0x00, 0x00, 0x00,
    0x00, 0x00, 0x00, 0x00, 0x00, 0x00, 0x00, 0x00, 0x00, 0x00, 0x00, 0x00,
    0x00, 0x00, 0x00, 0x00, 0x00, 0x00, 0x00, 0x00, 0x00, 0x1A, 0x2C, 0x3F,
    0x32, 0xEF, 0x82, 0x3B, 0x51, 0xA7, 0x43, 0x92, 0xBE, 0x43, 0x92, 0xCF,
    0x3B, 0x92, 0xDC, 0x3B, 0x91, 0xE1, 0x43, 0x92, 0xDF, 0x3B, 0x92, 0xD8,
    0x43, 0x72, 0xCA, 0x3B, 0x51, 0xB8, 0x33, 0x30, 0xA2, 0x2A, 0xCE, 0x7B,
    0x1A, 0x6D, 0x2D, 0x00, 0x00, 0x00, 0x00, 0x00, 0x00, 0x00, 0x00, 0x00,
    0x00, 0x00, 0x00, 0x00, 0x00, 0x00, 0x00, 0x00, 0x00, 0x00, 0x00, 0x00,
    0x00, 0x00, 0x00, 0x00, 0x00, 0x00, 0x00, 0x00, 0x00, 0x00, 0x00, 0x00,
    0x00, 0x00, 0x00, 0x00, 0x00, 0x00, 0x00, 0x00, 0x00, 0x00, 0x00, 0x00,
    0x00, 0x00, 0x00, 0x00, 0x00, 0x00, 0x00, 0x00, 0x00, 0x00, 0x00, 0x00,
    0x00, 0x00, 0x00, 0x00, 0x00, 0x00, 0x00, 0x00, 0x00, 0x00, 0x00, 0x00,
    0x00, 0x00, 0x00, 0x19, 0xE7, 0x08, 0x11, 0xAB, 0x0E, 0x01, 0xCA, 0x12,
    0x01, 0x8A, 0x15, 0x01, 0x69, 0x17, 0x01, 0x6A, 0x16, 0x01, 0x8A, 0x15,
    0x09, 0xEB, 0x11, 0x11, 0xEA, 0x0C, 0x22, 0x49, 0x07, 0x00, 0x00, 0x00,
    0x00, 0x00, 0x00, 0x03, 0xEF, 0x02, 0x00, 0x00, 0x00, 0x00, 0x00, 0x00,
    0x00, 0x00, 0x00, 0x00, 0x00, 0x00, 0x00, 0x00, 0x00, 0x00, 0x00, 0x00,
    0x00, 0x00, 0x00, 0x00, 0x00, 0x00, 0x00, 0x00, 0x00, 0x00, 0x00, 0x00,
};

const lv_img_dsc_t img_gesture_1 = {
    .header.cf = LV_IMG_CF_TRUE_COLOR_ALPHA,
    .header.always_zero = 0,
    .header.reserved = 0,
    .header.w = 36,
    .header.h = 36,
    .data_size = 3888,
    .data = img_gesture_1_data,
};

/* gesture: 2 (36x36) */
static const uint8_t img_gesture_2_data[3888] = {
    0x00, 0x00, 0x00, 0x00, 0x00, 0x00, 0x00, 0x00, 0x00, 0x00, 0x00, 0x00,
    0x00, 0x00, 0x00, 0x00, 0x00, 0x00, 0x00, 0x00, 0x00, 0x07, 0xFF, 0x01,
    0x7B, 0xEF, 0x02, 0x00, 0x00, 0x00, 0x00, 0x00, 0x00, 0x00, 0x00, 0x00,
    0x55, 0x55, 0x03, 0x00, 0x00, 0x00, 0x00, 0x00, 0x00, 0x00, 0x00, 0x00,
    0x00, 0x00, 0x00, 0x00, 0x00, 0x00, 0x00, 0x00, 0x01, 0x00, 0x00, 0x00,
    0x00, 0x00, 0x00, 0x00, 0x00, 0x00, 0x00, 0x00, 0x00, 0x00, 0x00, 0x00,
    0x7B, 0xEF, 0x02, 0x00, 0x00, 0x00, 0x00, 0x00, 0x00, 0x00, 0x00, 0x00,
    0x00, 0x00, 0x00, 0x00, 0x00, 0x00, 0x00, 0x00, 0x00, 0x00, 0x00, 0x00,
    0x00, 0x00, 0x00, 0x00, 0x00, 0x00, 0x00, 0x00, 0x00, 0x00, 0x00, 0x00,
    0x00, 0x00, 0x00, 0x00, 0x00, 0x00, 0x00, 0x00, 0x00, 0x00, 0x00, 0x00,
    0x00, 0x00, 0x00, 0x00, 0x00, 0x00, 0x00, 0x00, 0x01, 0x00, 0x00, 0x00,
    0x00, 0x00, 0x00, 0x2B, 0x0F, 0x1D, 0x1A, 0xCE, 0x2E, 0x33, 0x0F, 0x15,
    0x00, 0x00, 0x00, 0x7B, 0xEF, 0x02, 0x00, 0x00, 0x00, 0x00, 0x00, 0x00,
    0x00, 0x00, 0x00, 0x00, 0x00, 0x00, 0x00, 0x00, 0x00, 0x64, 0xD3, 0x05,
    0x2A, 0xCE, 0x40, 0x1A, 0xAD, 0x57, 0x1A, 0xAD, 0x46, 0x3B, 0x70, 0x15,
    0x00, 0x00, 0x00, 0x00, 0x00, 0x00, 0x00, 0x00, 0x00, 0x00, 0x00, 0x00,
    0x00, 0x00, 0x00, 0x00, 0x00, 0x00, 0x00, 0x00, 0x00, 0x00, 0x00, 0x00,
    0x00, 0x00, 0x00, 0x00, 0x00, 0x00, 0x00, 0x00, 0x00, 0x00, 0x00, 0x00,
    0x00, 0x00, 0x00, 0x00, 0x00, 0x00, 0x00, 0x00, 0x00, 0x00, 0x00, 0x00,
    0x00, 0x00, 0x00, 0xFF, 0xFF, 0x01, 0x00, 0x00, 0x01, 0x5C, 0x54, 0x0B,
    0x43, 0x70, 0x74, 0x64, 0x53, 0xCE, 0x74, 0xD5, 0xEE, 0x54, 0x12, 0xBF,
    0x3B, 0x50, 0x47, 0x00, 0x00, 0x00, 0x07, 0xFF, 0x01, 0x00, 0x00, 0x00,
    0x00, 0x00, 0x01, 0x00, 0x00, 0x01, 0x32, 0x6F, 0x0A, 0x4B, 0xD1, 0x99,
    0x7D, 0x16, 0xFF, 0x9D, 0xD9, 0xFF, 0x85, 0x57, 0xFF, 0x4B, 0xD1, 0xBE,
    0x3B, 0x4F, 0x22, 0x00, 0x00, 0x00, 0x00, 0x00, 0x00, 0x00, 0x00, 0x00,
    0x00, 0x00, 0x00, 0x00, 0x00, 0x00, 0x00, 0x00, 0x00, 0x00, 0x00, 0x00,
    0x00, 0x00, 0x00, 0x00, 0x00, 0x00, 0x00, 0x00, 0x00, 0x00, 0x00, 0x00,
    0x00, 0x00, 0x00, 0x00, 0x00, 0x00, 0x00, 0x00, 0x00, 0x00, 0x00, 0x00,
    0x00, 0x00, 0x01, 0xFF, 0xFF, 0x01, 0x7B, 0xFF, 0x02, 0x43, 0x91, 0x71,
    0x8D, 0x57, 0xFF, 0xD7, 0x3D, 0xFF, 0xCF, 0x1D, 0xFF, 0xA6, 0x3B, 0xFF,
    0x4B, 0xF2, 0xE9, 0x43, 0x6F, 0x2A, 0x07, 0xFF, 0x01, 0xF8, 0x1F, 0x01,
    0x00, 0x00, 0x01, 0x00, 0x00, 0x00, 0x43, 0x70, 0x6A, 0x8D, 0x57, 0xFF,
    0xF7, 0xDF, 0xFB, 0xFF, 0xFF, 0xF9, 0xE7, 0x9E, 0xFA, 0x95, 0xD9, 0xFF,
    0x43, 0x91, 0xAC, 0x00, 0x00, 0x00, 0x7B, 0xEF, 0x02, 0x00, 0x00, 0x00,
    0x00, 0x00, 0x00, 0x00, 0x00, 0x00, 0x00, 0x00, 0x00, 0x00, 0x00, 0x00,
    0x00, 0x00, 0x00, 0x00, 0x00, 0x00, 0x00, 0x00, 0x00, 0x00, 0x00, 0x00,
    0x00, 0x00, 0x00, 0x00, 0x00, 0x00, 0x00, 0x00, 0x00, 0x00, 0x00, 0x00,
    0x00, 0x1F, 0x01, 0x00, 0x00, 0x00, 0x0A, 0x2C, 0x12, 0x64, 0x33, 0xD9,
    0xE7, 0x5D, 0xFC, 0xFF, 0xFF, 0xFA, 0xDF, 0x5D, 0xFD, 0xCF, 0x1E, 0xFA,
    0x85, 0x78, 0xFE, 0x3B, 0x4F, 0x97, 0x00, 0x00, 0x00, 0x33, 0x33, 0x05,
    0x00, 0x00, 0x00, 0x00, 0x00, 0x04, 0x5B, 0xD2, 0xD9, 0xE7, 0x3D, 0xFC,
    0xFF, 0xFF, 0xFE, 0xE7, 0x7E, 0xFF, 0xD7, 0x1D, 0xFE, 0xBE, 0xFE, 0xFC,
    0x4B, 0xB2, 0xE4, 0x22, 0x49, 0x07, 0x00, 0x00, 0x01, 0x00, 0x00, 0x01,
    0x00, 0x00, 0x00, 0x00, 0x00, 0x00, 0x00, 0x00, 0x00, 0x00, 0x00, 0x00,
    0x00, 0x00, 0x00, 0x00, 0x00, 0x00, 0x00, 0x00, 0x00, 0x00, 0x00, 0x00,
    0x00, 0x00, 0x00, 0x00, 0x00, 0x00, 0x00, 0x00, 0x00, 0x00, 0x00, 0x00,
    0x00, 0x1F, 0x01, 0x00, 0x00, 0x00, 0x01, 0xAA, 0x1D, 0x74, 0x74, 0xFE,
    0xF7, 0xDF, 0xFE, 0xF7, 0xBF, 0xFF, 0xE7, 0x7E, 0xFF, 0xCF, 0x1D, 0xFD,
    0xA6, 0x7C, 0xFE, 0x43, 0x71, 0xCC, 0x42, 0x2B, 0x0B, 0x07, 0xFF, 0x01,
    0x00, 0x00, 0x00, 0x2A, 0xAD, 0x35, 0x74, 0x94, 0xFD, 0xFF, 0xFF, 0xFF,
    0xEF, 0x9E, 0xFF, 0xE7, 0x7E, 0xFF, 0xD7, 0x1D, 0xFE, 0xB6, 0x9D, 0xFF,
    0x43, 0xB2, 0xE3, 0x19, 0x86, 0x0A, 0x00, 0x00, 0x00, 0x00, 0x00, 0x01,
    0x00, 0x00, 0x00, 0x00, 0x00, 0x00, 0x00, 0x00, 0x00, 0x00, 0x00, 0x00,
    0x00, 0x00, 0x00, 0x00, 0x00, 0x00, 0x00, 0x00, 0x00, 0x00, 0x00, 0x00,
    0x00, 0x00, 0x00, 0x00, 0x00, 0x00, 0x00, 0x00, 0x00, 0x00, 0x00, 0x00,
    0x00, 0x1F, 0x01, 0x00, 0x00, 0x00, 0x01, 0x6A, 0x1B, 0x6C, 0x73, 0xF4,
    0xEF, 0xBE, 0xFF, 0xEF, 0x9E, 0xFE, 0xE7, 0x7E, 0xFF, 0xD7, 0x3E, 0xFD,
    0xB6, 0x9C, 0xFF, 0x5C, 0x54, 0xEB, 0x32, 0xCE, 0x41, 0x00, 0x00, 0x00,
    0x00, 0x00, 0x00, 0x43, 0x70, 0x80, 0xAD, 0xF8, 0xFF, 0xF7, 0xDF, 0xFF,
    0xDF, 0x7D, 0xFF, 0xE7, 0x7E, 0xFF, 0xCE, 0xFD, 0xFE, 0x9E, 0x1B, 0xFF,
    0x43, 0x71, 0xCF, 0x00, 0x00, 0x00, 0x7B, 0xEF, 0x02, 0x00, 0x00, 0x00,
    0x00, 0x00, 0x00, 0x00, 0x00, 0x00, 0x00, 0x00, 0x00, 0x00, 0x00, 0x00,
    0x00, 0x00, 0x00, 0x00, 0x00, 0x00, 0x00, 0x00, 0x00, 0x00, 0x00, 0x00,
    0x00, 0x00, 0x00, 0x00, 0x00, 0x00, 0x00, 0x00, 0x00, 0x00, 0x00, 0x00,
    0x00, 0x00, 0x01, 0x00, 0x00, 0x00, 0x00, 0xE9, 0x10, 0x64, 0x12, 0xCC,
    0xDF, 0x1C, 0xFF, 0xE7, 0x9E, 0xFD, 0xDF, 0x5D, 0xFF, 0xD7, 0x3D, 0xFE,
    0xBE, 0xBD, 0xFE, 0x75, 0x17, 0xFF, 0x2A, 0xCE, 0x78, 0x00, 0x00, 0x01,
    0x00, 0x00, 0x00, 0x4B, 0x91, 0xC5, 0xDF, 0x3D, 0xFF, 0xE7, 0x7E, 0xFE,
    0xDF, 0x5D, 0xFF, 0xDF, 0x5D, 0xFF, 0xC6, 0xDD, 0xFF, 0x7D, 0x38, 0xFE,
    0x3B, 0x30, 0x94, 0x00, 0x00, 0x00, 0x7B, 0xEF, 0x02, 0x00, 0x00, 0x00,
    0x00, 0x00, 0x00, 0x00, 0x00, 0x00, 0x00, 0x00, 0x00, 0x00, 0x00, 0x00,
    0x00, 0x00, 0x00, 0x00, 0x00, 0x00, 0x00, 0x00, 0x00, 0x00, 0x00, 0x00,
    0x00, 0x00, 0x00, 0x00, 0x00, 0x00, 0x00, 0x00, 0x00, 0x00, 0x00, 0x00,
    0x00, 0x00, 0x01, 0x00, 0x00, 0x00, 0x00, 0x07, 0x04, 0x53, 0x91, 0x92,
    0xBE, 0x7A, 0xFE, 0xF7, 0xDF, 0xFB, 0xDF, 0x3D, 0xFF, 0xDF, 0x3D, 0xFF,
    0xC6, 0xFD, 0xFB, 0x8D, 0xDA, 0xFF, 0x2A, 0xEF, 0xA5, 0x00, 0x00, 0x00,
    0x1A, 0x2D, 0x1D, 0x5B, 0xF2, 0xE9, 0xF7, 0xDF, 0xFF, 0xDF, 0x5D, 0xFE,
    0xDF, 0x5D, 0xFF, 0xD7, 0x1D, 0xFF, 0xBE, 0xBD, 0xFF, 0x54, 0x34, 0xFF,
    0x2A, 0xAE, 0x47, 0x00, 0x00, 0x00, 0x07, 0xFF, 0x01, 0x00, 0x00, 0x00,
    0x00, 0x00, 0x00, 0x00, 0x00, 0x00, 0x00, 0x00, 0x00, 0x00, 0x00, 0x00,
    0x00, 0x00, 0x00, 0x00, 0x00, 0x00, 0x00, 0x00, 0x00, 0x00, 0x00, 0x00,
    0x00, 0x00, 0x00, 0x00, 0x00, 0x00, 0x00, 0x00, 0x00, 0x00, 0x00, 0x00,
    0x00, 0x00, 0x00, 0x7B, 0xEF, 0x02, 0x00, 0x00, 0x00, 0x22, 0x4D, 0x54,
    0x9D, 0xB8, 0xFF, 0xF7, 0xFF, 0xFA, 0xD7, 0x1D, 0xFF, 0xD7, 0x3D, 0xFF,
    0xCE, 0xFD, 0xFC, 0x9E, 0x3B, 0xFF, 0x43, 0xB2, 0xCD, 0x3A, 0x6B, 0x10,
    0x32, 0xEF, 0x54, 0x85, 0x16, 0xFA, 0xE7, 0x9E, 0xFF, 0xD7, 0x3D, 0xFF,
    0xD7, 0x3D, 0xFF, 0xC6, 0xFD, 0xFF, 0xA6, 0x3C, 0xFF, 0x43, 0x71, 0xE6,
    0x11, 0x68, 0x0B, 0x00, 0x00, 0x00, 0x00, 0x00, 0x00, 0x00, 0x00, 0x00,
    0x00, 0x00, 0x00, 0x00, 0x00, 0x00, 0x00, 0x00, 0x00, 0x00, 0x00, 0x00,
    0x00, 0x00, 0x00, 0x00, 0x00, 0x00, 0x00, 0x00, 0x00, 0x00, 0x00, 0x00,
    0x00, 0x00, 0x00, 0x00, 0x00, 0x00, 0x00, 0x00, 0x00, 0x00, 0x00, 0x00,
    0x00, 0x00, 0x00, 0x52, 0xAA, 0x03, 0x00, 0x00, 0x00, 0x01, 0xCC, 0x2D,
    0x7C, 0xB4, 0xEC, 0xE7, 0x5D, 0xFE, 0xD7, 0x3D, 0xFE, 0xCF, 0x1D, 0xFF,
    0xC6, 0xDD, 0xFE, 0xAE, 0x7C, 0xFF, 0x5C, 0x34, 0xF7, 0x1A, 0x4B, 0x2E,
    0x32, 0xEF, 0x87, 0xAE, 0x3A, 0xFF, 0xD7, 0x3E, 0xFE, 0xCF, 0x1D, 0xFF,
    0xCE, 0xFD, 0xFF, 0xC6, 0xDD, 0xFD, 0x85, 0x58, 0xFF, 0x3B, 0x0F, 0xA0,
    0x00, 0x00, 0x00, 0x00, 0x00, 0x00, 0x00, 0x00, 0x00, 0x00, 0x00, 0x00,
    0x00, 0x00, 0x00, 0x00, 0x00, 0x00, 0x00, 0x00, 0x00, 0x00, 0x00, 0x00,
    0x00, 0x00, 0x00, 0x00, 0x00, 0x00, 0x00, 0x00, 0x00, 0x00, 0x00, 0x00,
    0x00, 0x00, 0x00, 0x00, 0x00, 0x00, 0x00, 0x00, 0x00, 0x00, 0x00, 0x00,
    0x00, 0x00, 0x00, 0x07, 0xFF, 0x01, 0x00, 0x00, 0x00, 0x0A, 0x2C, 0x12,
    0x53, 0xD1, 0xB8, 0xC6, 0xBC, 0xFF, 0xDF, 0x7E, 0xFB, 0xC6, 0xFD, 0xFF,
    0xC6, 0xDD, 0xFF, 0xBE, 0xDD, 0xFB, 0x75, 0x17, 0xFF, 0x1A, 0x6C, 0x6A,
    0x33, 0x0F, 0xB3, 0xC6, 0xFD, 0xFF, 0xCF, 0x1E, 0xFD, 0xC6, 0xFD, 0xFF,
    0xBE, 0xDD, 0xFF, 0xBE, 0xDD, 0xFD, 0x5C, 0x75, 0xFF, 0x22, 0x8D, 0x49,
    0x00, 0x00, 0x00, 0x00, 0x0F, 0x02, 0x00, 0x00, 0x00, 0x00, 0x00, 0x00,
    0x00, 0x00, 0x00, 0x00, 0x00, 0x00, 0x00, 0x00, 0x00, 0x00, 0x00, 0x00,
    0x00, 0x00, 0x00, 0x00, 0x00, 0x00, 0x00, 0x00, 0x00, 0x00, 0x00, 0x00,
    0x00, 0x00, 0x00, 0x00, 0x00, 0x00, 0x00, 0x00, 0x00, 0x00, 0x00, 0x00,
    0x00, 0x00, 0x00, 0x00, 0x00, 0x01, 0x7B, 0xEF, 0x02, 0x00, 0x00, 0x00,
    0x2A, 0x8D, 0x82, 0xAE, 0x3A, 0xFF, 0xDF, 0x9F, 0xFA, 0xBE, 0xBD, 0xFF,
    0xBE, 0xDD, 0xFF, 0xBE, 0xDD, 0xFD, 0x85, 0x79, 0xFF, 0x3B, 0x50, 0xCD,
    0x5C, 0x33, 0xE4, 0xBE, 0xFD, 0xFF, 0xBE, 0xFE, 0xFE, 0xBE, 0xDD, 0xFF,
    0xBE, 0xBD, 0xFE, 0xA6, 0x3C, 0xFF, 0x43, 0x92, 0xF0, 0x01, 0x28, 0x29,
    0x01, 0x29, 0x07, 0x00, 0x00, 0x00, 0x00, 0x00, 0x01, 0x00, 0x00, 0x00,
    0x00, 0x00, 0x00, 0x00, 0x00, 0x00, 0x00, 0x00, 0x00, 0x00, 0x00, 0x00,
    0x00, 0x00, 0x00, 0x00, 0x00, 0x00, 0x00, 0x00, 0x00, 0x00, 0x00, 0x00,
    0x00, 0x00, 0x00, 0x00, 0x00, 0x00, 0x00, 0x00, 0x00, 0x00, 0x00, 0x00,
    0x00, 0x00, 0x00, 0x00, 0x00, 0x00, 0x3B, 0xEF, 0x04, 0x00, 0x00, 0x00,
    0x12, 0x0C, 0x52, 0x85, 0x16, 0xFB, 0xC7, 0x1E, 0xFD, 0xBE, 0xBD, 0xFE,
    0xB6, 0xBD, 0xFF, 0xB6, 0xBD, 0xFF, 0x9E, 0x1B, 0xFF, 0x3B, 0x92, 0xFF,
    0x74, 0xF6, 0xFF, 0xBE, 0xDD, 0xFF, 0xB6, 0xBD, 0xFF, 0xB6, 0x9D, 0xFF,
    0xBE, 0xDE, 0xFE, 0x7D, 0x38, 0xFF, 0x4B, 0xB1, 0xF4, 0x5C, 0x33, 0xD0,
    0x43, 0x91, 0xA3, 0x22, 0x8D, 0x3E, 0x00, 0x00, 0x00, 0x02, 0xAA, 0x03,
    0x00, 0x00, 0x00, 0x00, 0x00, 0x00, 0x00, 0x00, 0x00, 0x00, 0x00, 0x00,
    0x00, 0x00, 0x00, 0x00, 0x00, 0x00, 0x00, 0x00, 0x00, 0x00, 0x00, 0x00,
    0x00, 0x00, 0x00, 0x00, 0x00, 0x00, 0x00, 0x00, 0x00, 0x00, 0x00, 0x00,
    0x00, 0x00, 0x00, 0x00, 0x00, 0x00, 0x52, 0xB5, 0x03, 0x00, 0x00, 0x00,
    0x11, 0xEC, 0x2C, 0x5C, 0x33, 0xDA, 0xB6, 0xBD, 0xFF, 0xBE, 0xBD, 0xFD,
    0xB6, 0x9C, 0xFF, 0xB6, 0x7C, 0xFF, 0xAE, 0x7C, 0xFF, 0x6C, 0xB6, 0xFE,
    0x8D, 0xBA, 0xFF, 0xBE, 0xBD, 0xFF, 0xB6, 0x9D, 0xFF, 0xBE, 0xDD, 0xFF,
    0x8D, 0xBA, 0xFF, 0x74, 0xB5, 0xFF, 0xC6, 0x9A, 0xFF, 0xD7, 0x3D, 0xFF,
    0xAE, 0x3A, 0xFF, 0x53, 0xD2, 0xEF, 0x2A, 0xCE, 0x39, 0x00, 0x00, 0x00,
    0x23, 0x72, 0x07, 0x00, 0x00, 0x00, 0x00, 0x00, 0x00, 0x00, 0x00, 0x00,
    0x00, 0x00, 0x00, 0x00, 0x00, 0x00, 0x00, 0x00, 0x00, 0x00, 0x00, 0x00,
    0x00, 0x00, 0x00, 0x00, 0x00, 0x00, 0x00, 0x00, 0x00, 0x00, 0x00, 0x00,
    0x00, 0x00, 0x00, 0x00, 0x00, 0x00, 0x00, 0x00, 0x01, 0xF8, 0x1F, 0x01,
    0x19, 0xEB, 0x08, 0x3B, 0x50, 0xB4, 0xAE, 0x7C, 0xFF, 0xC6, 0xFE, 0xFB,
    0xBE, 0xBD, 0xFF, 0xBE, 0xDE, 0xFF, 0xBE, 0xDE, 0xFF, 0xAE, 0x9D, 0xFF,
    0xAE, 0x9D, 0xFF, 0xB6, 0xDE, 0xFF, 0xB6, 0xBD, 0xFF, 0xA6, 0x5C, 0xFF,
    0x64, 0x74, 0xFF, 0xC6, 0x9B, 0xFF, 0xFF, 0xFF, 0xFF, 0xE7, 0x7D, 0xFD,
    0xE7, 0xBF, 0xF9, 0x9D, 0xFA, 0xFF, 0x2A, 0xCE, 0xB0, 0x2A, 0xCF, 0x17,
    0x00, 0x00, 0x00, 0x00, 0x00, 0x00, 0x00, 0x00, 0x01, 0x00, 0x00, 0x00,
    0x00, 0x00, 0x00, 0x00, 0x00, 0x00, 0x00, 0x00, 0x00, 0x00, 0x00, 0x00,
    0x00, 0x00, 0x00, 0x00, 0x00, 0x00, 0x00, 0x00, 0x00, 0x00, 0x00, 0x00,
    0x00, 0x00, 0x00, 0x00, 0x00, 0x00, 0x00, 0x00, 0x00, 0x2A, 0xAF, 0x06,
    0x00, 0x00, 0x00, 0x22, 0x8E, 0x90, 0x8D, 0xDB, 0xFF, 0x9D, 0xFB, 0xFB,
    0x7D, 0x17, 0xFF, 0x6C, 0xB6, 0xFF, 0x5C, 0x34, 0xFF, 0x64, 0x74, 0xFF,
    0x5C, 0x53, 0xFF, 0x6C, 0xD6, 0xFF, 0xB6, 0x9D, 0xFF, 0x75, 0x17, 0xFF,
    0x7D, 0x16, 0xFF, 0xEF, 0xBF, 0xFF, 0xD7, 0x1D, 0xFF, 0xD7, 0x3D, 0xFF,
    0xCF, 0x1D, 0xFE, 0xA6, 0x3B, 0xFD, 0x6C, 0x74, 0xF4, 0x53, 0xB1, 0xD4,
    0x2A, 0xAE, 0x7E, 0x03, 0xEF, 0x02, 0x00, 0x00, 0x00, 0x00, 0x00, 0x01,
    0x00, 0x00, 0x00, 0x00, 0x00, 0x00, 0x00, 0x00, 0x00, 0x00, 0x00, 0x00,
    0x00, 0x00, 0x00, 0x00, 0x00, 0x00, 0x00, 0x00, 0x00, 0x00, 0x00, 0x00,
    0x00, 0x00, 0x00, 0x00, 0x00, 0x00, 0x00, 0x00, 0x00, 0x3B, 0xEF, 0x04,
    0x00, 0x00, 0x00, 0x2A, 0xCF, 0x8A, 0x43, 0xB1, 0xFF, 0x7C, 0xF5, 0xFD,
    0xA5, 0xF8, 0xFF, 0xBE, 0x7A, 0xFF, 0xD7, 0x1C, 0xFF, 0xE7, 0x5D, 0xFF,
    0xD7, 0x1D, 0xFF, 0x74, 0xD6, 0xFF, 0x64, 0x96, 0xFF, 0x64, 0x75, 0xFF,
    0xAE, 0x5B, 0xFF, 0xDF, 0x5E, 0xFF, 0xCF, 0x1D, 0xFF, 0xD7, 0x3D, 0xFF,
    0xB6, 0x7C, 0xFF, 0x85, 0x78, 0xFF, 0xD7, 0x3D, 0xFF, 0xDF, 0x5E, 0xFF,
    0x6C, 0x94, 0xFF, 0x22, 0xAD, 0x61, 0x00, 0x00, 0x00, 0x00, 0x00, 0x00,
    0x00, 0x00, 0x00, 0x00, 0x00, 0x00, 0x00, 0x00, 0x00, 0x00, 0x00, 0x00,
    0x00, 0x00, 0x00, 0x00, 0x00, 0x00, 0x00, 0x00, 0x00, 0x00, 0x00, 0x00,
    0x00, 0x00, 0x00, 0x00, 0x00, 0x00, 0x7B, 0xEF, 0x02, 0x00, 0x00, 0x01,
    0x2A, 0x8D, 0x7B, 0x6C, 0x53, 0xFD, 0xDF, 0x3C, 0xFD, 0xF7, 0xBE, 0xFE,
    0xEF, 0x9E, 0xFF, 0xEF, 0x9E, 0xFF, 0xEF, 0xBE, 0xFF, 0xEF, 0x9E, 0xFF,
    0xDF, 0x7E, 0xFF, 0xAE, 0x7C, 0xFF, 0x33, 0x30, 0xFF, 0x5C, 0x35, 0xFF,
    0xC6, 0xFE, 0xFF, 0xC6, 0xDD, 0xFF, 0xCE, 0xFD, 0xFF, 0xC6, 0xFD, 0xFF,
    0x6C, 0x95, 0xFF, 0x85, 0x58, 0xFF, 0xDF, 0x7E, 0xFF, 0xDF, 0x5E, 0xFC,
    0xA6, 0x3B, 0xFF, 0x3B, 0x50, 0xCD, 0x00, 0x00, 0x02, 0x00, 0x00, 0x00,
    0x00, 0x00, 0x00, 0x00, 0x00, 0x00, 0x00, 0x00, 0x00, 0x00, 0x00, 0x00,
    0x00, 0x00, 0x00, 0x00, 0x00, 0x00, 0x00, 0x00, 0x00, 0x00, 0x00, 0x00,
    0x00, 0x00, 0x00, 0x03, 0xEF, 0x02, 0x07, 0xFF, 0x01, 0x1A, 0x2C, 0x57,
    0x6C, 0x53, 0xFF, 0xEF, 0xBE, 0xFF, 0xEF, 0x9E, 0xFE, 0xDF, 0x3D, 0xFF,
    0xDF, 0x5D, 0xFF, 0xD7, 0x5D, 0xFF, 0xD7, 0x3D, 0xFF, 0xCF, 0x1D, 0xFF,
    0xBE, 0xBD, 0xFF, 0xA6, 0x3B, 0xFF, 0x33, 0x51, 0xFF, 0x74, 0xF7, 0xFF,
    0xBE, 0xDD, 0xFF, 0xBE, 0xBD, 0xFF, 0xBE, 0xDD, 0xFF, 0x95, 0xBA, 0xFF,
    0x4B, 0xF3, 0xFF, 0xC6, 0xDD, 0xFF, 0xD7, 0x1D, 0xFF, 0xC6, 0xDD, 0xFF,
    0xAE, 0x7C, 0xFF, 0x3B, 0x71, 0xEE, 0x00, 0x00, 0x06, 0x00, 0x00, 0x00,
    0x00, 0x00, 0x00, 0x00, 0x00, 0x00, 0x00, 0x00, 0x00, 0x00, 0x00, 0x00,
    0x00, 0x00, 0x00, 0x00, 0x00, 0x00, 0x00, 0x00, 0x00, 0x00, 0x00, 0x00,
    0x00, 0x00, 0x01, 0x00, 0x00, 0x00, 0x01, 0x08, 0x17, 0x4B, 0x70, 0xDD,
    0xDF, 0x1D, 0xFD, 0xEF, 0xBF, 0xFD, 0xCF, 0x1D, 0xFF, 0xCE, 0xFD, 0xFF,
    0xC6, 0xFD, 0xFF, 0xBE, 0xDC, 0xFF, 0xBE, 0xBC, 0xFF, 0xB6, 0x9C, 0xFF,
    0xAE, 0x7C, 0xFF, 0x5C, 0x75, 0xFF, 0x33, 0x51, 0xFF, 0x7D, 0x59, 0xFF,
    0xAE, 0x7D, 0xFF, 0xA6, 0x5C, 0xFF, 0xA6, 0x5C, 0xFF, 0x4B, 0xD3, 0xFF,
    0x8D, 0x99, 0xFF, 0xC6, 0xFD, 0xFF, 0xC6, 0xDD, 0xFF, 0xAE, 0x5C, 0xFF,
    0x7D, 0x59, 0xFF, 0x3B, 0x51, 0xDC, 0x00, 0x00, 0x03, 0x00, 0x00, 0x00,
    0x00, 0x00, 0x00, 0x00, 0x00, 0x00, 0x00, 0x00, 0x00, 0x00, 0x00, 0x00,
    0x00, 0x00, 0x00, 0x00, 0x00, 0x00, 0x00, 0x00, 0x00, 0x00, 0x00, 0x00,
    0x00, 0x00, 0x00, 0x00, 0x00, 0x00, 0x1A, 0x2C, 0x59, 0x8D, 0x16, 0xFF,
    0xFF, 0xFF, 0xFC, 0xCE, 0xFD, 0xFF, 0xC6, 0xFD, 0xFF, 0xBE, 0xBC, 0xFF,
    0xB6, 0x9C, 0xFF, 0xB6, 0x9D, 0xFF, 0xA6, 0x5C, 0xFF, 0x8D, 0x99, 0xFF,
    0x5C, 0x54, 0xFF, 0x43, 0xD3, 0xFF, 0x4C, 0x14, 0xFF, 0x54, 0x14, 0xFF,
    0x9E, 0x3D, 0xFF, 0xA6, 0x7D, 0xFF, 0x6C, 0xF7, 0xFF, 0x4B, 0xF3, 0xFF,
    0xAE, 0x5C, 0xFF, 0xBE, 0x9C, 0xFF, 0xB6, 0xBD, 0xFF, 0x6C, 0xD7, 0xFD,
    0x3B, 0x92, 0xFF, 0x33, 0x30, 0xA0, 0x00, 0x00, 0x00, 0x00, 0x00, 0x00,
    0x00, 0x00, 0x00, 0x00, 0x00, 0x00, 0x00, 0x00, 0x00, 0x00, 0x00, 0x00,
    0x00, 0x00, 0x00, 0x00, 0x00, 0x00, 0x00, 0x00, 0x00, 0x00, 0x00, 0x00,
    0x00, 0x00, 0x00, 0x00, 0x00, 0x00, 0x32, 0xAE, 0x9E, 0xB6, 0x39, 0xFD,
    0xEF, 0x9E, 0xFE, 0xC6, 0xFD, 0xFF, 0xBE, 0xDD, 0xFF, 0xB6, 0x9D, 0xFF,
    0x9D, 0xFB, 0xFF, 0x4B, 0xF3, 0xFF, 0x3B, 0x92, 0xFF, 0x2B, 0x31, 0xFF,
    0x43, 0xF4, 0xFF, 0x6D, 0x18, 0xFF, 0x6D, 0x18, 0xFF, 0x43, 0xD4, 0xFF,
    0x43, 0xD3, 0xFF, 0x4B, 0xF4, 0xFF, 0x33, 0x31, 0xFF, 0x5C, 0x55, 0xFF,
    0x95, 0xFB, 0xFF, 0xA6, 0x5C, 0xFF, 0x85, 0x79, 0xFF, 0x43, 0xD3, 0xFD,
    0x3B, 0x72, 0xFF, 0x32, 0xCF, 0x5C, 0x00, 0x00, 0x00, 0x00, 0x00, 0x00,
    0x00, 0x00, 0x00, 0x00, 0x00, 0x00, 0x00, 0x00, 0x00, 0x00, 0x00, 0x00,
    0x00, 0x00, 0x00, 0x00, 0x00, 0x00, 0x00, 0x00, 0x00, 0x00, 0x00, 0x00,
    0x00, 0x00, 0x00, 0x00, 0x00, 0x00, 0x3B, 0x0F, 0xB3, 0xC6, 0x9B, 0xFF,
    0xDF, 0x5E, 0xFE, 0xC6, 0xDD, 0xFF, 0xBE, 0xBD, 0xFF, 0xBE, 0xBD, 0xFF,
    0x95, 0xBA, 0xFF, 0x33, 0x72, 0xFF, 0x75, 0x59, 0xFF, 0x5C, 0x96, 0xFF,
    0x3B, 0x92, 0xFF, 0x5C, 0x76, 0xFF, 0x7D, 0x59, 0xFF, 0x7D, 0x59, 0xFF,
    0x64, 0xD7, 0xFF, 0x64, 0xB7, 0xFF, 0x64, 0xD7, 0xFF, 0x3B, 0x92, 0xFF,
    0x5C, 0x96, 0xFF, 0x64, 0xB6, 0xFF, 0x3B, 0x92, 0xFF, 0x64, 0xB7, 0xFD,
    0x43, 0x92, 0xFF, 0x01, 0x88, 0x29, 0x00, 0x00, 0x00, 0x00, 0x00, 0x01,
    0x00, 0x00, 0x00, 0x00, 0x00, 0x00, 0x00, 0x00, 0x00, 0x00, 0x00, 0x00,
    0x00, 0x00, 0x00, 0x00, 0x00, 0x00, 0x00, 0x00, 0x00, 0x00, 0x00, 0x00,
    0x00, 0x00, 0x00, 0x00, 0x00, 0x00, 0x3B, 0x0F, 0xAC, 0xB6, 0x5A, 0xFF,
    0xD7, 0x3E, 0xFE, 0xBE, 0xBD, 0xFF, 0xBE, 0xBD, 0xFF, 0xBE, 0xDD, 0xFF,
    0xAE, 0x5C, 0xFF, 0x8D, 0x99, 0xFF, 0xA6, 0x5C, 0xFF, 0x9E, 0x3C, 0xFF,
    0x85, 0x9A, 0xFF, 0x3B, 0x52, 0xFF, 0x7D, 0x39, 0xFF, 0x8D, 0xDB, 0xFF,
    0x8D, 0xDB, 0xFF, 0x8D, 0xDA, 0xFF, 0x8D, 0xDB, 0xFF, 0x7D, 0x59, 0xFF,
    0x4C, 0x35, 0xFF, 0x4C, 0x14, 0xFF, 0x75, 0x18, 0xFE, 0x85, 0x7A, 0xFF,
    0x3B, 0x50, 0xE7, 0x01, 0xA6, 0x17, 0x00, 0x00, 0x00, 0x00, 0x00, 0x01,
    0x00, 0x00, 0x00, 0x00, 0x00, 0x00, 0x00, 0x00, 0x00, 0x00, 0x00, 0x00,
    0x00, 0x00, 0x00, 0x00, 0x00, 0x00, 0x00, 0x00, 0x00, 0x00, 0x00, 0x00,
    0x00, 0x00, 0x00, 0x00, 0x00, 0x00, 0x22, 0x8D, 0x85, 0x8D, 0x57, 0xFE,
    0xD7, 0x5F, 0xFD, 0xB6, 0x9C, 0xFF, 0xBE, 0xBD, 0xFF, 0xBE, 0xBD, 0xFF,
    0xBE, 0xBD, 0xFF, 0xBE, 0xDD, 0xFF, 0xBE, 0xBD, 0xFF, 0xB6, 0x9C, 0xFF,
    0xB6, 0x9D, 0xFF, 0x75, 0x17, 0xFF, 0x5C, 0x55, 0xFF, 0x9E, 0x3C, 0xFF,
    0x9E, 0x1B, 0xFF, 0x9E, 0x3C, 0xFF, 0xA6, 0x3C, 0xFF, 0xA6, 0x3C, 0xFF,
    0x9E, 0x1C, 0xFF, 0x95, 0xFB, 0xFF, 0x95, 0xFB, 0xFD, 0x75, 0x38, 0xFF,
    0x33, 0x30, 0xBF, 0x01, 0xA9, 0x0E, 0x00, 0x00, 0x00, 0x00, 0x00, 0x01,
    0x00, 0x00, 0x00, 0x00, 0x00, 0x00, 0x00, 0x00, 0x00, 0x00, 0x00, 0x00,
    0x00, 0x00, 0x00, 0x00, 0x00, 0x00, 0x00, 0x00, 0x00, 0x00, 0x00, 0x00,
    0x00, 0x00, 0x01, 0x00, 0x00, 0x00, 0x01, 0x69, 0x3F, 0x5C, 0x13, 0xFF,
    0xCF, 0x1E, 0xFD, 0xAE, 0x5C, 0xFF, 0xB6, 0xBD, 0xFF, 0xBE, 0xBD, 0xFF,
    0xBE, 0xBD, 0xFF, 0xBE, 0xBD, 0xFF, 0xBE, 0xBD, 0xFF, 0xBE, 0xBD, 0xFF,
    0xB6, 0xBD, 0xFF, 0xAE, 0x5C, 0xFF, 0x43, 0x92, 0xFF, 0xAE, 0x9D, 0xFF,
    0xAE, 0x7C, 0xFF, 0xAE, 0x9D, 0xFF, 0xAE, 0x9D, 0xFF, 0xAE, 0x9D, 0xFF,
    0xAE, 0x9D, 0xFF, 0xA6, 0x5C, 0xFF, 0x9E, 0x3C, 0xFB, 0x64, 0xD7, 0xFE,
    0x22, 0xAD, 0x95, 0x00, 0x07, 0x04, 0x00, 0x00, 0x00, 0x00, 0x00, 0x01,
    0x00, 0x00, 0x00, 0x00, 0x00, 0x00, 0x00, 0x00, 0x00, 0x00, 0x00, 0x00,
    0x00, 0x00, 0x00, 0x00, 0x00, 0x00, 0x00, 0x00, 0x00, 0x00, 0x00, 0x00,
    0x00, 0x00, 0x01, 0x00, 0x00, 0x00, 0x18, 0xC6, 0x0A, 0x2A, 0xCE, 0xC2,
    0x95, 0xDA, 0xFF, 0xBE, 0xBD, 0xFC, 0xAE, 0x5C, 0xFF, 0xB6, 0xBD, 0xFF,
    0xBE, 0xBD, 0xFF, 0xBE, 0xBD, 0xFF, 0xBE, 0xBD, 0xFF, 0xBE, 0xBD, 0xFF,
    0xBE, 0xBD, 0xFF, 0xB6, 0x9D, 0xFF, 0x8D, 0x79, 0xFF, 0xB6, 0x9D, 0xFF,
    0xB6, 0x9D, 0xFF, 0xB6, 0x9D, 0xFF, 0xB6, 0x9D, 0xFF, 0xB6, 0xBD, 0xFF,
    0xAE, 0x9D, 0xFF, 0x9E, 0x3C, 0xFF, 0x96, 0x1C, 0xFB, 0x54, 0x14, 0xFF,
    0x12, 0x0A, 0x5B, 0x00, 0x00, 0x00, 0x07, 0xFF, 0x01, 0x00, 0x00, 0x00,
    0x00, 0x00, 0x00, 0x00, 0x00, 0x00, 0x00, 0x00, 0x00, 0x00, 0x00, 0x00,
    0x00, 0x00, 0x00, 0x00, 0x00, 0x00, 0x00, 0x00, 0x00, 0x00, 0x00, 0x00,
    0x00, 0x00, 0x00, 0x03, 0xEF, 0x02, 0x00, 0x00, 0x00, 0x09, 0xEA, 0x40,
    0x43, 0x51, 0xF2, 0x9E, 0x1B, 0xFF, 0xAE, 0x7C, 0xFD, 0xA6, 0x5C, 0xFF,
    0xB6, 0x9D, 0xFF, 0xB6, 0x9D, 0xFF, 0xB6, 0xBD, 0xFF, 0xB6, 0xBD, 0xFF,
    0xB6, 0xBD, 0xFF, 0xB6, 0xBD, 0xFF, 0xBE, 0xDE, 0xFF, 0xB6, 0xBD, 0xFF,
    0xB6, 0xBD, 0xFF, 0xB6, 0xBD, 0xFF, 0xB6, 0xBD, 0xFF, 0xB6, 0x9D, 0xFF,
    0xA6, 0x5C, 0xFF, 0x9E, 0x3C, 0xFC, 0x7D, 0x59, 0xFE, 0x33, 0x0F, 0xDA,
    0x11, 0xEA, 0x21, 0x00, 0x00, 0x00, 0x03, 0xEF, 0x02, 0x00, 0x00, 0x00,
    0x00, 0x00, 0x00, 0x00, 0x00, 0x00, 0x00, 0x00, 0x00, 0x00, 0x00, 0x00,
    0x00, 0x00, 0x00, 0x00, 0x00, 0x00, 0x00, 0x00, 0x00, 0x00, 0x00, 0x00,
    0x00, 0x00, 0x00, 0x00, 0x00, 0x00, 0x02, 0xAA, 0x03, 0xFF, 0xFF, 0x01,
    0x11, 0xEB, 0x66, 0x3B, 0x31, 0xFB, 0x95, 0xDB, 0xFF, 0xA6, 0x3C, 0xFF,
    0xA6, 0x5C, 0xFF, 0xAE, 0x7C, 0xFF, 0xAE, 0x9D, 0xFF, 0xB6, 0x9D, 0xFF,
    0xB6, 0x9D, 0xFF, 0xB6, 0xBD, 0xFF, 0xB6, 0xBD, 0xFF, 0xB6, 0xBD, 0xFF,
    0xB6, 0xBD, 0xFF, 0xBE, 0xBD, 0xFF, 0xB6, 0x9D, 0xFF, 0xA6, 0x5C, 0xFF,
    0x9E, 0x1C, 0xFE, 0x8D, 0xDB, 0xFE, 0x4B, 0xF3, 0xFF, 0x12, 0x2C, 0x6C,
    0xFF, 0xFF, 0x01, 0x52, 0xB5, 0x03, 0x00, 0x00, 0x00, 0x00, 0x00, 0x00,
    0x00, 0x00, 0x00, 0x00, 0x00, 0x00, 0x00, 0x00, 0x00, 0x00, 0x00, 0x00,
    0x00, 0x00, 0x00, 0x00, 0x00, 0x00, 0x00, 0x00, 0x00, 0x00, 0x00, 0x00,
    0x00, 0x00, 0x00, 0x00, 0x00, 0x00, 0x00, 0x00, 0x00, 0x7B, 0xEF, 0x02,
    0x00, 0x00, 0x00, 0x1A, 0x0C, 0x55, 0x2A, 0xCF, 0xDE, 0x6C, 0xB7, 0xFC,
    0x85, 0x7A, 0xFE, 0x95, 0xDB, 0xFF, 0x9E, 0x1B, 0xFF, 0xA6, 0x3C, 0xFF,
    0xA6, 0x5C, 0xFF, 0xAE, 0x7C, 0xFF, 0xAE, 0x9C, 0xFF, 0xB6, 0x9C, 0xFF,
    0xAE, 0x7C, 0xFF, 0xAE, 0x5C, 0xFF, 0x9E, 0x1C, 0xFF, 0x95, 0xDB, 0xFF,
    0x7D, 0x79, 0xFC, 0x4B, 0xF4, 0xF8, 0x1A, 0x4D, 0x94, 0xAA, 0xBF, 0x03,
    0x00, 0x00, 0x00, 0x00, 0x1F, 0x01, 0x00, 0x00, 0x00, 0x00, 0x00, 0x00,
    0x00, 0x00, 0x00, 0x00, 0x00, 0x00, 0x00, 0x00, 0x00, 0x00, 0x00, 0x00,
    0x00, 0x00, 0x00, 0x00, 0x00, 0x00, 0x00, 0x00, 0x00, 0x00, 0x00, 0x00,
    0x00, 0x00, 0x00, 0x00, 0x00, 0x00, 0x00, 0x00, 0x00, 0x00, 0x00, 0x00,
    0x07, 0xFF, 0x01, 0x00, 0x00, 0x00, 0x11, 0xEB, 0x18, 0x22, 0x8E, 0xD5,
    0x43, 0xB2, 0xFE, 0x74, 0xF8, 0xFE, 0x96, 0x1C, 0xFF, 0x95, 0xFB, 0xFF,
    0x9E, 0x1C, 0xFF, 0x9E, 0x3C, 0xFF, 0xA6, 0x3C, 0xFF, 0xA6, 0x3C, 0xFF,
    0x9E, 0x1C, 0xFF, 0x95, 0xFB, 0xFF, 0x8D, 0xDB, 0xFF, 0x6D, 0x18, 0xFD,
    0x33, 0x92, 0xFE, 0x1A, 0x6D, 0xB2, 0x00, 0x00, 0x00, 0x00, 0x00, 0x01,
    0x00, 0x00, 0x01, 0x00, 0x00, 0x00, 0x00, 0x00, 0x00, 0x00, 0x00, 0x00,
    0x00, 0x00, 0x00, 0x00, 0x00, 0x00, 0x00, 0x00, 0x00, 0x00, 0x00, 0x00,
    0x00, 0x00, 0x00, 0x00, 0x00, 0x00, 0x00, 0x00, 0x00, 0x00, 0x00, 0x00,
    0x00, 0x00, 0x00, 0x00, 0x00, 0x00, 0x00, 0x00, 0x00, 0x00, 0x00, 0x00,
    0x00, 0x00, 0x00, 0x03, 0xEF, 0x04, 0x00, 0x00, 0x00, 0x22, 0x8E, 0xB9,
    0x95, 0xDA, 0xFC, 0x9E, 0x3C, 0xFB, 0x9E, 0x3C, 0xFD, 0x9E, 0x1C, 0xFE,
    0x9E, 0x1C, 0xFE, 0x9E, 0x3C, 0xFF, 0x9E, 0x3C, 0xFF, 0x9E, 0x3C, 0xFF,
    0x9E, 0x1C, 0xFE, 0x95, 0xFC, 0xFE, 0x95, 0xFB, 0xFD, 0x8D, 0xBA, 0xFA,
    0x5C, 0x75, 0xFE, 0x22, 0x6D, 0x9C, 0x00, 0x1F, 0x01, 0x33, 0x2C, 0x05,
    0x00, 0x00, 0x00, 0x00, 0x00, 0x00, 0x00, 0x00, 0x00, 0x00, 0x00, 0x00,
    0x00, 0x00, 0x00, 0x00, 0x00, 0x00, 0x00, 0x00, 0x00, 0x00, 0x00, 0x00,
    0x00, 0x00, 0x00, 0x00, 0x00, 0x00, 0x00, 0x00, 0x00, 0x00, 0x00, 0x00,
    0x00, 0x00, 0x00, 0x00, 0x00, 0x00, 0x00, 0x00, 0x00, 0x00, 0x00, 0x00,
    0x00, 0x00, 0x00, 0x00, 0x00, 0x01, 0x00, 0x1F, 0x01, 0x1A, 0x2C, 0x5E,
    0x4B, 0xB2, 0xFF, 0x7D, 0x59, 0xFF, 0x85, 0x9A, 0xFF, 0x8D, 0xDB, 0xFF,
    0x96, 0x1C, 0xFF, 0x9E, 0x3C, 0xFE, 0x9E, 0x3C, 0xFE, 0x96, 0x1C, 0xFE,
    0x8D, 0xDB, 0xFF, 0x85, 0x9A, 0xFF, 0x7D, 0x39, 0xFF, 0x64, 0xD7, 0xFF,
    0x33, 0x10, 0xFB, 0x22, 0x2D, 0x47, 0x00, 0x00, 0x00, 0x00, 0x0F, 0x02,
    0x00, 0x00, 0x00, 0x00, 0x00, 0x00, 0x00, 0x00, 0x00, 0x00, 0x00, 0x00,
    0x00, 0x00, 0x00, 0x00, 0x00, 0x00, 0x00, 0x00, 0x00, 0x00, 0x00, 0x00,
    0x00, 0x00, 0x00, 0x00, 0x00, 0x00, 0x00, 0x00, 0x00, 0x00, 0x00, 0x00,
    0x00, 0x00, 0x00, 0x00, 0x00, 0x00, 0x00, 0x00, 0x00, 0x00, 0x00, 0x00,
    0x00, 0x00, 0x00, 0x00, 0x00, 0x00, 0x00, 0x00, 0x00, 0x03, 0xEF, 0x02,
    0x0A, 0x0B, 0x50, 0x2A, 0xCF, 0xA0, 0x33, 0x30, 0xCC, 0x3B, 0x50, 0xE7,
    0x3B, 0x71, 0xF6, 0x3B, 0x72, 0xFD, 0x3B, 0x72, 0xFF, 0x3B, 0x51, 0xFC,
    0x33, 0x31, 0xF0, 0x33, 0x10, 0xDC, 0x33, 0x10, 0xC4, 0x22, 0xAE, 0x9A,
    0x12, 0x0C, 0x43, 0x00, 0x00, 0x00, 0x00, 0x00, 0x00, 0x00, 0x00, 0x00,
    0x00, 0x00, 0x00, 0x00, 0x00, 0x00, 0x00, 0x00, 0x00, 0x00, 0x00, 0x00,
    0x00, 0x00, 0x00, 0x00, 0x00, 0x00, 0x00, 0x00, 0x00, 0x00, 0x00, 0x00,
    0x00, 0x00, 0x00, 0x00, 0x00, 0x00, 0x00, 0x00, 0x00, 0x00, 0x00, 0x00,
    0x00, 0x00, 0x00, 0x00, 0x00, 0x00, 0x00, 0x00, 0x00, 0x00, 0x00, 0x00,
    0x00, 0x00, 0x00, 0x00, 0x00, 0x00, 0x00, 0x00, 0x00, 0x00, 0x00, 0x00,
    0x00, 0x00, 0x00, 0x01, 0x45, 0x06, 0x00, 0xE7, 0x12, 0x00, 0xE7, 0x18,
    0x01, 0x07, 0x1D, 0x00, 0xE8, 0x21, 0x01, 0x49, 0x23, 0x01, 0x09, 0x1F,
    0x01, 0x28, 0x1B, 0x01, 0x08, 0x16, 0x00, 0xE7, 0x10, 0x00, 0x06, 0x05,
    0x00, 0x00, 0x00, 0x00, 0x00, 0x00, 0x00, 0x00, 0x00, 0x00, 0x00, 0x00,
    0x00, 0x00, 0x00, 0x00, 0x00, 0x00, 0x00, 0x00, 0x00, 0x00, 0x00, 0x00,
    0x00, 0x00, 0x00, 0x00, 0x00, 0x00, 0x00, 0x00, 0x00, 0x00, 0x00, 0x00,
};

const lv_img_dsc_t img_gesture_2 = {
    .header.cf = LV_IMG_CF_TRUE_COLOR_ALPHA,
    .header.always_zero = 0,
    .header.reserved = 0,
    .header.w = 36,
    .header.h = 36,
    .data_size = 3888,
    .data = img_gesture_2_data,
};

/* gesture: 3 (36x36) */
static const uint8_t img_gesture_3_data[3888] = {
    0x00, 0x00, 0x00, 0x00, 0x00, 0x00, 0x00, 0x00, 0x00, 0x00, 0x00, 0x00,
    0x00, 0x00, 0x00, 0x00, 0x00, 0x00, 0x00, 0x00, 0x00, 0x00, 0x00, 0x00,
    0x00, 0x00, 0x00, 0x7B, 0xEF, 0x02, 0x7B, 0xEF, 0x02, 0x00, 0x00, 0x01,
    0x00, 0x00, 0x00, 0x00, 0x00, 0x00, 0x00, 0x1F, 0x01, 0x00, 0x00, 0x00,
    0x33, 0x2C, 0x05, 0x01, 0xEB, 0x19, 0x01, 0xEB, 0x18, 0x55, 0x55, 0x03,
    0x00, 0x00, 0x00, 0x00, 0x00, 0x01, 0x00, 0x00, 0x00, 0x00, 0x00, 0x00,
    0x00, 0x00, 0x00, 0x00, 0x00, 0x00, 0x00, 0x00, 0x00, 0x00, 0x00, 0x00,
    0x00, 0x00, 0x00, 0x00, 0x00, 0x00, 0x00, 0x00, 0x00, 0x00, 0x00, 0x00,
    0x00, 0x00, 0x00, 0x00, 0x00, 0x00, 0x00, 0x00, 0x00, 0x00, 0x00, 0x00,
    0x00, 0x00, 0x00, 0x00, 0x00, 0x00, 0x00, 0x00, 0x00, 0x00, 0x00, 0x00,
    0x00, 0x00, 0x00, 0x00, 0x00, 0x00, 0x00, 0x00, 0x00, 0x00, 0x00, 0x01,
    0x39, 0xEF, 0x04, 0x00, 0x00, 0x00, 0x00, 0x00, 0x00, 0x52, 0xB5, 0x03,
    0x07, 0xFF, 0x01, 0x03, 0xEF, 0x02, 0x00, 0x00, 0x00, 0x33, 0x0F, 0x1D,
    0x53, 0xF2, 0x9B, 0x6C, 0x94, 0xE7, 0x64, 0x73, 0xE6, 0x4B, 0xD1, 0x8F,
    0x4B, 0x91, 0x14, 0x03, 0xEF, 0x02, 0x03, 0xEF, 0x02, 0x00, 0x00, 0x00,
    0x7B, 0xEF, 0x02, 0x3B, 0xEF, 0x04, 0x52, 0xB5, 0x03, 0x00, 0x00, 0x00,
    0x00, 0x00, 0x00, 0x00, 0x00, 0x00, 0x00, 0x00, 0x00, 0x00, 0x00, 0x00,
    0x00, 0x00, 0x00, 0x00, 0x00, 0x00, 0x00, 0x00, 0x00, 0x00, 0x00, 0x00,
    0x00, 0x00, 0x00, 0x00, 0x00, 0x00, 0x00, 0x00, 0x00, 0x00, 0x00, 0x00,
    0x00, 0x00, 0x00, 0x00, 0x00, 0x00, 0x07, 0xFF, 0x01, 0x00, 0x00, 0x00,
    0x00, 0x00, 0x00, 0x5C, 0x34, 0x11, 0x3B, 0xD1, 0x19, 0x00, 0x00, 0x00,
    0x00, 0x00, 0x00, 0x52, 0xAA, 0x03, 0x3B, 0x4F, 0x0C, 0x4B, 0xB1, 0xAB,
    0xAE, 0x3A, 0xFF, 0xE7, 0x7E, 0xFD, 0xCF, 0x1D, 0xFF, 0x8D, 0x78, 0xFF,
    0x43, 0x70, 0x8D, 0xFF, 0xFF, 0x01, 0x52, 0xB5, 0x03, 0x55, 0x55, 0x03,
    0x00, 0x00, 0x00, 0x00, 0x00, 0x00, 0x00, 0x00, 0x00, 0x7B, 0xEF, 0x02,
    0x00, 0x00, 0x01, 0x00, 0x00, 0x00, 0x00, 0x00, 0x00, 0x00, 0x00, 0x00,
    0x00, 0x00, 0x00, 0x00, 0x00, 0x00, 0x00, 0x00, 0x00, 0x00, 0x00, 0x00,
    0x00, 0x00, 0x00, 0x00, 0x00, 0x00, 0x00, 0x00, 0x00, 0x00, 0x00, 0x00,
    0x00, 0x00, 0x00, 0xFF, 0xFF, 0x01, 0x00, 0x00, 0x01, 0x63, 0xF3, 0x0A,
    0x3B, 0x50, 0x7D, 0x54, 0x13, 0xC0, 0x5C, 0x53, 0xC6, 0x43, 0x90, 0x8F,
    0x4B, 0x6F, 0x0E, 0x00, 0x00, 0x00, 0x2A, 0xCE, 0x40, 0x84, 0xD5, 0xF1,
    0xFF, 0xFF, 0xFB, 0xF7, 0xDF, 0xFC, 0xDF, 0x5E, 0xFA, 0xB6, 0xBD, 0xFC,
    0x53, 0xD3, 0xCE, 0x42, 0xEF, 0x1B, 0x00, 0x00, 0x00, 0x00, 0x00, 0x00,
    0x3A, 0xEF, 0x1B, 0x22, 0xCE, 0x4E, 0x2B, 0x0F, 0x35, 0x00, 0x00, 0x00,
    0x00, 0x00, 0x00, 0x07, 0xFF, 0x01, 0x00, 0x00, 0x00, 0x00, 0x00, 0x00,
    0x00, 0x00, 0x00, 0x00, 0x00, 0x00, 0x00, 0x00, 0x00, 0x00, 0x00, 0x00,
    0x00, 0x00, 0x00, 0x00, 0x00, 0x00, 0x00, 0x00, 0x00, 0x00, 0x00, 0x00,
    0x00, 0x00, 0x00, 0x00, 0x00, 0x01, 0x00, 0x00, 0x00, 0x3B, 0x2F, 0x72,
    0x8D, 0x57, 0xFF, 0xDF, 0x3D, 0xFF, 0xC6, 0xFD, 0xFF, 0x7D, 0x37, 0xFF,
    0x43, 0x70, 0x95, 0x00, 0x00, 0x00, 0x2A, 0xEE, 0x62, 0xA5, 0xF9, 0xFF,
    0xFF, 0xFF, 0xFB, 0xEF, 0x9E, 0xFF, 0xD7, 0x3D, 0xFD, 0xAE, 0x7C, 0xFF,
    0x64, 0x54, 0xE1, 0x32, 0xEF, 0x36, 0x00, 0x00, 0x00, 0x3B, 0x30, 0x51,
    0x53, 0xD1, 0xD6, 0x85, 0x36, 0xEF, 0x6C, 0x94, 0xE4, 0x3B, 0x70, 0x90,
    0x53, 0xF2, 0x0C, 0x00, 0x00, 0x00, 0x03, 0xEF, 0x02, 0x00, 0x00, 0x00,
    0x00, 0x00, 0x00, 0x00, 0x00, 0x00, 0x00, 0x00, 0x00, 0x00, 0x00, 0x00,
    0x00, 0x00, 0x00, 0x00, 0x00, 0x00, 0x00, 0x00, 0x00, 0x00, 0x00, 0x00,
    0x00, 0x00, 0x01, 0x00, 0x00, 0x00, 0x01, 0xC8, 0x12, 0x64, 0x33, 0xD6,
    0xDF, 0x5D, 0xFE, 0xFF, 0xFF, 0xF9, 0xDF, 0x7E, 0xFB, 0xB6, 0xBD, 0xFC,
    0x53, 0xF2, 0xF0, 0x5B, 0xEF, 0x0E, 0x22, 0xCE, 0x69, 0xB6, 0x5A, 0xFE,
    0xF7, 0xFF, 0xFA, 0xDF, 0x5D, 0xFF, 0xDF, 0x3D, 0xFD, 0xAE, 0x9C, 0xFF,
    0x64, 0x74, 0xE9, 0x32, 0xEF, 0x36, 0x33, 0x0F, 0x17, 0x53, 0xD2, 0xE6,
    0xE7, 0x5E, 0xFF, 0xE7, 0x9E, 0xFF, 0xCF, 0x1E, 0xFF, 0x74, 0xF6, 0xFF,
    0x2A, 0xCE, 0x56, 0x00, 0x00, 0x00, 0x07, 0xFF, 0x01, 0x00, 0x00, 0x00,
    0x00, 0x00, 0x00, 0x00, 0x00, 0x00, 0x00, 0x00, 0x00, 0x00, 0x00, 0x00,
    0x00, 0x00, 0x00, 0x00, 0x00, 0x00, 0x00, 0x00, 0x00, 0x00, 0x00, 0x00,
    0x00, 0x1F, 0x01, 0x00, 0x00, 0x00, 0x01, 0x49, 0x1D, 0x74, 0x74, 0xFA,
    0xF7, 0xDF, 0xFE, 0xEF, 0xBE, 0xFE, 0xDF, 0x3D, 0xFE, 0xC6, 0xDD, 0xFF,
    0x6C, 0xB6, 0xFD, 0x43, 0x50, 0x4E, 0x22, 0xCE, 0x64, 0xB6, 0x7A, 0xFF,
    0xF7, 0xFF, 0xF9, 0xDF, 0x5D, 0xFF, 0xDF, 0x5D, 0xFD, 0xAE, 0x7C, 0xFF,
    0x64, 0x74, 0xEC, 0x3B, 0x70, 0x28, 0x2A, 0xCE, 0x7A, 0xA5, 0xD8, 0xFF,
    0xFF, 0xFF, 0xFD, 0xEF, 0x9E, 0xFE, 0xD7, 0x5F, 0xF9, 0x8D, 0x9A, 0xFF,
    0x43, 0x51, 0x8F, 0x00, 0x00, 0x01, 0x00, 0x00, 0x00, 0x00, 0x00, 0x00,
    0x00, 0x00, 0x00, 0x00, 0x00, 0x00, 0x00, 0x00, 0x00, 0x00, 0x00, 0x00,
    0x00, 0x00, 0x00, 0x00, 0x00, 0x00, 0x00, 0x00, 0x00, 0x00, 0x00, 0x00,
    0x00, 0x1F, 0x01, 0x00, 0x00, 0x00, 0x01, 0x8B, 0x1A, 0x6C, 0x74, 0xF4,
    0xEF, 0xBE, 0xFF, 0xE7, 0x9E, 0xFE, 0xE7, 0x5D, 0xFF, 0xCE, 0xFD, 0xFE,
    0x8D, 0x99, 0xFF, 0x3B, 0x50, 0x89, 0x22, 0xAE, 0x61, 0xB6, 0x7B, 0xFF,
    0xF7, 0xFF, 0xF9, 0xDF, 0x5D, 0xFF, 0xDF, 0x3D, 0xFD, 0xAE, 0x7C, 0xFF,
    0x5C, 0x54, 0xE5, 0x43, 0x90, 0x33, 0x43, 0x4F, 0xBA, 0xDF, 0x5E, 0xFF,
    0xEF, 0xBE, 0xFD, 0xDF, 0x5D, 0xFF, 0xCF, 0x1E, 0xFB, 0x85, 0x79, 0xFE,
    0x43, 0x71, 0x8F, 0x00, 0x00, 0x02, 0x00, 0x00, 0x00, 0x00, 0x00, 0x00,
    0x00, 0x00, 0x00, 0x00, 0x00, 0x00, 0x00, 0x00, 0x00, 0x00, 0x00, 0x00,
    0x00, 0x00, 0x00, 0x00, 0x00, 0x00, 0x00, 0x00, 0x00, 0x00, 0x00, 0x00,
    0x00, 0x00, 0x01, 0x00, 0x00, 0x00, 0x01, 0x4A, 0x13, 0x6C, 0x33, 0xD4,
    0xDF, 0x1C, 0xFF, 0xE7, 0x7E, 0xFE, 0xDF, 0x5D, 0xFF, 0xD7, 0x3D, 0xFD,
    0xA6, 0x5C, 0xFF, 0x4B, 0xB1, 0xB3, 0x2B, 0x0F, 0x71, 0xAE, 0x7B, 0xFF,
    0xEF, 0xFF, 0xFA, 0xD7, 0x3D, 0xFF, 0xD7, 0x3D, 0xFD, 0xA6, 0x5C, 0xFF,
    0x5C, 0x54, 0xD5, 0x33, 0x0E, 0x64, 0x74, 0xB4, 0xDA, 0xE7, 0x9E, 0xFF,
    0xE7, 0x7D, 0xFD, 0xD7, 0x1D, 0xFF, 0xC6, 0xFE, 0xFA, 0x7D, 0x38, 0xFF,
    0x32, 0xEF, 0x66, 0x00, 0x00, 0x00, 0x00, 0x00, 0x01, 0x00, 0x00, 0x00,
    0x00, 0x00, 0x00, 0x00, 0x00, 0x00, 0x00, 0x00, 0x00, 0x00, 0x00, 0x00,
    0x00, 0x00, 0x00, 0x00, 0x00, 0x00, 0x00, 0x00, 0x00, 0x00, 0x00, 0x00,
    0x00, 0x00, 0x00, 0x00, 0x00, 0x00, 0x00, 0xEB, 0x08, 0x53, 0xD2, 0xA9,
    0xC6, 0x9B, 0xFF, 0xEF, 0xBE, 0xFC, 0xD7, 0x3D, 0xFF, 0xD7, 0x3D, 0xFD,
    0xAE, 0x9C, 0xFF, 0x5C, 0x54, 0xCB, 0x33, 0x0E, 0x9A, 0xA6, 0x3A, 0xFF,
    0xEF, 0xBF, 0xFC, 0xD7, 0x1D, 0xFF, 0xD7, 0x3D, 0xFC, 0xA6, 0x5C, 0xFF,
    0x5C, 0x34, 0xC4, 0x2A, 0xCE, 0x95, 0x9D, 0xB8, 0xF9, 0xE7, 0x9E, 0xFF,
    0xDF, 0x3D, 0xFF, 0xD7, 0x1D, 0xFE, 0xB6, 0x7C, 0xFD, 0x5C, 0x54, 0xFA,
    0x1A, 0x4D, 0x3B, 0x00, 0x00, 0x00, 0x7B, 0xEF, 0x02, 0x00, 0x00, 0x00,
    0x00, 0x00, 0x00, 0x00, 0x00, 0x00, 0x00, 0x00, 0x00, 0x00, 0x00, 0x00,
    0x00, 0x00, 0x00, 0x00, 0x00, 0x00, 0x00, 0x00, 0x00, 0x00, 0x00, 0x00,
    0x00, 0x00, 0x00, 0xFF, 0xFF, 0x01, 0x00, 0x00, 0x00, 0x32, 0xEE, 0x75,
    0xA5, 0xF9, 0xFF, 0xF7, 0xFF, 0xFA, 0xCF, 0x1D, 0xFF, 0xD7, 0x1D, 0xFE,
    0xB6, 0xBD, 0xFF, 0x6C, 0xD6, 0xDD, 0x2A, 0xAE, 0xB7, 0x9D, 0xFA, 0xFF,
    0xDF, 0x9F, 0xFD, 0xCE, 0xFD, 0xFF, 0xC6, 0xFD, 0xFD, 0x9E, 0x3C, 0xFF,
    0x54, 0x14, 0xC7, 0x32, 0xEF, 0xC1, 0xBE, 0x9B, 0xFF, 0xE7, 0x9E, 0xFD,
    0xD7, 0x1D, 0xFF, 0xCF, 0x1D, 0xFB, 0x95, 0xDA, 0xFF, 0x43, 0x91, 0xCC,
    0x22, 0x4C, 0x1B, 0x00, 0x00, 0x00, 0x03, 0xEF, 0x02, 0x00, 0x00, 0x00,
    0x00, 0x00, 0x00, 0x00, 0x00, 0x00, 0x00, 0x00, 0x00, 0x00, 0x00, 0x00,
    0x00, 0x00, 0x00, 0x00, 0x00, 0x00, 0x00, 0x00, 0x00, 0x00, 0x00, 0x00,
    0x00, 0x00, 0x00, 0x52, 0xAA, 0x03, 0x00, 0x00, 0x00, 0x09, 0xCB, 0x48,
    0x8D, 0x57, 0xFF, 0xEF, 0xBF, 0xFA, 0xCE, 0xFD, 0xFF, 0xCE, 0xFD, 0xFF,
    0xBE, 0xDD, 0xFF, 0x7D, 0x58, 0xF5, 0x2A, 0xEF, 0xE7, 0x95, 0xB9, 0xFF,
    0xD7, 0x5F, 0xFF, 0xC6, 0xDD, 0xFF, 0xC6, 0xFD, 0xFF, 0x95, 0xFB, 0xFF,
    0x4B, 0xF3, 0xF0, 0x5C, 0x33, 0xF0, 0xC6, 0xBC, 0xFF, 0xDF, 0x5E, 0xFF,
    0xCE, 0xFC, 0xFF, 0xC6, 0xFE, 0xF9, 0x85, 0x59, 0xFF, 0x2A, 0xAE, 0x8B,
    0x00, 0x1F, 0x01, 0x7B, 0xEF, 0x02, 0x00, 0x00, 0x01, 0x00, 0x00, 0x00,
    0x00, 0x00, 0x00, 0x00, 0x00, 0x00, 0x00, 0x00, 0x00, 0x00, 0x00, 0x00,
    0x00, 0x00, 0x00, 0x00, 0x00, 0x00, 0x00, 0x00, 0x00, 0x00, 0x00, 0x00,
    0x00, 0x00, 0x00, 0x7B, 0xEF, 0x02, 0x00, 0x00, 0x00, 0x09, 0xCB, 0x2B,
    0x74, 0x94, 0xE9, 0xCF, 0x1D, 0xFF, 0xC6, 0xFD, 0xFD, 0xC6, 0xDD, 0xFF,
    0xBE, 0xDD, 0xFF, 0x95, 0xBA, 0xFF, 0x2B, 0x30, 0xFF, 0x95, 0xB9, 0xFF,
    0xCF, 0x5F, 0xFF, 0xBE, 0xDD, 0xFF, 0xC6, 0xDD, 0xFF, 0x95, 0xFB, 0xFF,
    0x3B, 0x92, 0xFF, 0x7C, 0xF6, 0xFF, 0xCE, 0xFD, 0xFF, 0xCE, 0xFD, 0xFF,
    0xC6, 0xDD, 0xFE, 0xAE, 0x7C, 0xFD, 0x64, 0x75, 0xFE, 0x22, 0x4D, 0x56,
    0x00, 0x00, 0x00, 0x3B, 0xEF, 0x04, 0x00, 0x00, 0x00, 0x00, 0x00, 0x00,
    0x00, 0x00, 0x00, 0x00, 0x00, 0x00, 0x00, 0x00, 0x00, 0x00, 0x00, 0x00,
    0x00, 0x00, 0x00, 0x00, 0x00, 0x00, 0x00, 0x00, 0x00, 0x00, 0x00, 0x00,
    0x00, 0x00, 0x00, 0x03, 0xEF, 0x02, 0x00, 0x00, 0x00, 0x0A, 0x4D, 0x11,
    0x53, 0xF2, 0xB9, 0xB6, 0x9C, 0xFF, 0xCF, 0x1E, 0xFC, 0xBE, 0xBD, 0xFF,
    0xBE, 0xDD, 0xFF, 0x9E, 0x1B, 0xFF, 0x3B, 0x92, 0xFF, 0x85, 0x79, 0xFF,
    0xCF, 0x3F, 0xFF, 0xBE, 0xBD, 0xFF, 0xBE, 0xDD, 0xFF, 0x95, 0xFB, 0xFF,
    0x33, 0x71, 0xFF, 0x95, 0x99, 0xFF, 0xD7, 0x3E, 0xFF, 0xC6, 0xDD, 0xFF,
    0xC6, 0xDD, 0xFC, 0x9D, 0xFB, 0xFF, 0x43, 0x92, 0xD0, 0x2A, 0x4D, 0x22,
    0x39, 0xEF, 0x04, 0x52, 0xAA, 0x03, 0x00, 0x00, 0x00, 0x00, 0x00, 0x00,
    0x00, 0x00, 0x00, 0x00, 0x00, 0x00, 0x00, 0x00, 0x00, 0x00, 0x00, 0x00,
    0x00, 0x00, 0x00, 0x00, 0x00, 0x00, 0x00, 0x00, 0x00, 0x00, 0x00, 0x00,
    0x00, 0x00, 0x00, 0x00, 0x00, 0x00, 0x7B, 0xEF, 0x02, 0x00, 0x00, 0x00,
    0x2A, 0xAE, 0x89, 0xA6, 0x1A, 0xFF, 0xCF, 0x5F, 0xF9, 0xB6, 0x9C, 0xFF,
    0xBE, 0xBD, 0xFF, 0xAE, 0x7C, 0xFF, 0x5C, 0x54, 0xFF, 0x85, 0x38, 0xFF,
    0xC7, 0x1E, 0xFF, 0xBE, 0xBD, 0xFF, 0xC6, 0xFE, 0xFF, 0x95, 0xDA, 0xFF,
    0x43, 0x92, 0xFF, 0xA6, 0x1B, 0xFF, 0xCF, 0x1E, 0xFF, 0xBE, 0xBD, 0xFF,
    0xBE, 0xDD, 0xFB, 0x8D, 0xBA, 0xFF, 0x22, 0xAE, 0xB5, 0x53, 0x4F, 0x0C,
    0x00, 0x00, 0x00, 0x00, 0x0F, 0x02, 0x00, 0x00, 0x01, 0x00, 0x00, 0x00,
    0x00, 0x00, 0x00, 0x00, 0x00, 0x00, 0x00, 0x00, 0x00, 0x00, 0x00, 0x00,
    0x00, 0x00, 0x00, 0x00, 0x00, 0x00, 0x00, 0x00, 0x00, 0x00, 0x00, 0x00,
    0x00, 0x00, 0x00, 0x00, 0x00, 0x00, 0x33, 0x2C, 0x05, 0x00, 0x00, 0x00,
    0x12, 0x0C, 0x63, 0x85, 0x58, 0xFF, 0xC7, 0x1E, 0xFB, 0xBE, 0xBD, 0xFF,
    0xBE, 0xDD, 0xFF, 0xC6, 0xFE, 0xFF, 0xAE, 0x7C, 0xFF, 0xB6, 0x9D, 0xFF,
    0xCF, 0x3E, 0xFF, 0xC6, 0xDD, 0xFF, 0xC6, 0xFD, 0xFF, 0xAE, 0x5B, 0xFF,
    0x8D, 0x78, 0xFF, 0xBE, 0xBD, 0xFF, 0xC6, 0xFD, 0xFF, 0xC6, 0xDD, 0xFF,
    0xAE, 0x5C, 0xFE, 0x54, 0x13, 0xFF, 0x43, 0xB1, 0xEB, 0x43, 0x91, 0xB9,
    0x22, 0x8E, 0x6B, 0x00, 0x00, 0x00, 0x00, 0x00, 0x01, 0x00, 0x00, 0x01,
    0x00, 0x00, 0x00, 0x00, 0x00, 0x00, 0x00, 0x00, 0x00, 0x00, 0x00, 0x00,
    0x00, 0x00, 0x00, 0x00, 0x00, 0x00, 0x00, 0x00, 0x00, 0x00, 0x00, 0x00,
    0x00, 0x00, 0x00, 0x00, 0x00, 0x00, 0x39, 0xEF, 0x04, 0x00, 0x00, 0x00,
    0x1A, 0x4C, 0x43, 0x6C, 0x95, 0xF2, 0xAE, 0x7C, 0xFF, 0x9D, 0xFA, 0xFD,
    0x8D, 0x99, 0xFF, 0x7D, 0x37, 0xFF, 0x6C, 0xD6, 0xFF, 0x64, 0x95, 0xFF,
    0x6C, 0xD6, 0xFF, 0xAE, 0x7C, 0xFF, 0xC6, 0xDD, 0xFF, 0xC6, 0xDD, 0xFF,
    0xC6, 0xFD, 0xFF, 0xC6, 0xDD, 0xFF, 0xC6, 0xDD, 0xFF, 0xBE, 0xBD, 0xFF,
    0x64, 0x75, 0xFF, 0x9D, 0x98, 0xFF, 0xDF, 0x5D, 0xFF, 0xCF, 0x1D, 0xFF,
    0x64, 0x53, 0xFC, 0x2A, 0xAE, 0x65, 0x00, 0x00, 0x00, 0x00, 0x00, 0x00,
    0x00, 0x00, 0x00, 0x00, 0x00, 0x00, 0x00, 0x00, 0x00, 0x00, 0x00, 0x00,
    0x00, 0x00, 0x00, 0x00, 0x00, 0x00, 0x00, 0x00, 0x00, 0x00, 0x00, 0x00,
    0x00, 0x00, 0x00, 0x00, 0x00, 0x00, 0x39, 0xEF, 0x04, 0x00, 0x00, 0x00,
    0x2A, 0xCE, 0x38, 0x3B, 0x70, 0xE5, 0x5C, 0x33, 0xFF, 0x7C, 0xF6, 0xFD,
    0x95, 0x98, 0xFF, 0xAD, 0xF9, 0xFF, 0xBE, 0x7A, 0xFF, 0xCE, 0xFC, 0xFF,
    0x9D, 0xB9, 0xFF, 0x5C, 0x34, 0xFF, 0xB6, 0x9D, 0xFF, 0xBE, 0xDD, 0xFF,
    0xBE, 0xDD, 0xFF, 0xBE, 0xDD, 0xFF, 0xC6, 0xFE, 0xFF, 0x7D, 0x17, 0xFF,
    0x7C, 0xD6, 0xFF, 0xEF, 0xDF, 0xFF, 0xE7, 0x7E, 0xFE, 0xDF, 0x7E, 0xFB,
    0xB6, 0x7B, 0xFF, 0x3B, 0x50, 0xDE, 0x00, 0x00, 0x05, 0x00, 0x00, 0x00,
    0x00, 0x00, 0x00, 0x00, 0x00, 0x00, 0x00, 0x00, 0x00, 0x00, 0x00, 0x00,
    0x00, 0x00, 0x00, 0x00, 0x00, 0x00, 0x00, 0x00, 0x00, 0x00, 0x00, 0x00,
    0x00, 0x00, 0x00, 0x03, 0xEF, 0x02, 0x00, 0x00, 0x00, 0x22, 0x4B, 0x23,
    0x43, 0x2F, 0xCB, 0xA5, 0xB8, 0xFE, 0xEF, 0x9E, 0xFC, 0xEF, 0xBE, 0xFF,
    0xEF, 0x9E, 0xFF, 0xEF, 0xBE, 0xFF, 0xF7, 0xDF, 0xFF, 0xEF, 0x9E, 0xFF,
    0xD7, 0x3E, 0xFF, 0x6C, 0x95, 0xFF, 0x8D, 0x99, 0xFF, 0xBE, 0xDD, 0xFF,
    0xBE, 0xBD, 0xFF, 0xBE, 0xDD, 0xFF, 0xAE, 0x5C, 0xFF, 0x53, 0xF3, 0xFF,
    0xCF, 0x1D, 0xFF, 0xD7, 0x3E, 0xFF, 0xCF, 0x1D, 0xFF, 0xC6, 0xDD, 0xFF,
    0xB6, 0xBD, 0xFE, 0x3B, 0x51, 0xFA, 0x00, 0xE7, 0x10, 0x00, 0x00, 0x00,
    0x00, 0x00, 0x00, 0x00, 0x00, 0x00, 0x00, 0x00, 0x00, 0x00, 0x00, 0x00,
    0x00, 0x00, 0x00, 0x00, 0x00, 0x00, 0x00, 0x00, 0x00, 0x00, 0x00, 0x00,
    0x00, 0x00, 0x01, 0x00, 0x00, 0x00, 0x01, 0x27, 0x0D, 0x32, 0xEE, 0xBC,
    0xB6, 0x3A, 0xFF, 0xFF, 0xFF, 0xFD, 0xDF, 0x7E, 0xFF, 0xDF, 0x5D, 0xFF,
    0xDF, 0x5D, 0xFF, 0xDF, 0x5D, 0xFF, 0xDF, 0x3D, 0xFF, 0xCE, 0xFD, 0xFF,
    0xC6, 0xDD, 0xFF, 0x74, 0xF7, 0xFF, 0x7D, 0x17, 0xFF, 0xB6, 0xBD, 0xFF,
    0xB6, 0x9D, 0xFF, 0xC7, 0x1E, 0xFF, 0x64, 0x95, 0xFF, 0x85, 0x38, 0xFF,
    0xCF, 0x1E, 0xFF, 0xCE, 0xFD, 0xFF, 0xCE, 0xFD, 0xFF, 0xAE, 0x5C, 0xFF,
    0x8D, 0xDB, 0xFF, 0x3B, 0x30, 0xED, 0x00, 0xE3, 0x08, 0x00, 0x00, 0x00,
    0x00, 0x00, 0x00, 0x00, 0x00, 0x00, 0x00, 0x00, 0x00, 0x00, 0x00, 0x00,
    0x00, 0x00, 0x00, 0x00, 0x00, 0x00, 0x00, 0x00, 0x00, 0x00, 0x00, 0x00,
    0x00, 0x00, 0x01, 0x00, 0x00, 0x00, 0x2A, 0x8D, 0x70, 0x8D, 0x36, 0xFF,
    0xFF, 0xFF, 0xFD, 0xD7, 0x1D, 0xFF, 0xCF, 0x1D, 0xFF, 0xCF, 0x1D, 0xFF,
    0xC6, 0xFD, 0xFF, 0xC6, 0xDD, 0xFF, 0xBE, 0x9C, 0xFF, 0xB6, 0xBD, 0xFF,
    0xAE, 0x5C, 0xFF, 0x4B, 0xD3, 0xFF, 0x85, 0x79, 0xFF, 0xB6, 0x7C, 0xFF,
    0xB6, 0x9D, 0xFF, 0xB6, 0x9D, 0xFF, 0x4C, 0x13, 0xFF, 0x95, 0xDA, 0xFF,
    0xBE, 0xBD, 0xFF, 0xBE, 0x9C, 0xFF, 0xBE, 0xBD, 0xFF, 0x6C, 0xB6, 0xFE,
    0x4C, 0x14, 0xFF, 0x3B, 0x30, 0xC4, 0x00, 0x00, 0x01, 0x00, 0x00, 0x00,
    0x00, 0x00, 0x00, 0x00, 0x00, 0x00, 0x00, 0x00, 0x00, 0x00, 0x00, 0x00,
    0x00, 0x00, 0x00, 0x00, 0x00, 0x00, 0x00, 0x00, 0x00, 0x00, 0x00, 0x00,
    0x00, 0x00, 0x00, 0x00, 0x03, 0x09, 0x43, 0x50, 0xE1, 0xE7, 0x5D, 0xFD,
    0xE7, 0x7E, 0xFF, 0xCE, 0xFD, 0xFF, 0xC6, 0xDD, 0xFF, 0xB6, 0x9C, 0xFF,
    0xB6, 0x9D, 0xFF, 0xB6, 0x9D, 0xFF, 0xA6, 0x5C, 0xFF, 0x85, 0x99, 0xFF,
    0x4C, 0x14, 0xFF, 0x54, 0x35, 0xFF, 0x95, 0xFB, 0xFF, 0xAE, 0x7C, 0xFF,
    0xBE, 0xBD, 0xFF, 0xAE, 0x5C, 0xFF, 0x4C, 0x13, 0xFF, 0x95, 0xFB, 0xFF,
    0xAE, 0x5C, 0xFF, 0xAE, 0x7D, 0xFF, 0x85, 0x59, 0xFF, 0x4C, 0x14, 0xFD,
    0x54, 0x35, 0xFF, 0x2A, 0xEF, 0x82, 0x00, 0x00, 0x00, 0x00, 0x00, 0x00,
    0x00, 0x00, 0x00, 0x00, 0x00, 0x00, 0x00, 0x00, 0x00, 0x00, 0x00, 0x00,
    0x00, 0x00, 0x00, 0x00, 0x00, 0x00, 0x00, 0x00, 0x00, 0x00, 0x00, 0x01,
    0x00, 0x00, 0x00, 0x09, 0xAA, 0x38, 0x63, 0xF2, 0xFE, 0xFF, 0xFF, 0xFF,
    0xCE, 0xFD, 0xFF, 0xC6, 0xDD, 0xFF, 0xBE, 0xBD, 0xFF, 0xAE, 0x7C, 0xFF,
    0x7D, 0x38, 0xFF, 0x5C, 0x55, 0xFF, 0x43, 0xB2, 0xFF, 0x3B, 0xB2, 0xFF,
    0x5C, 0x96, 0xFF, 0x85, 0x9A, 0xFF, 0x9E, 0x1B, 0xFF, 0xB6, 0x7C, 0xFF,
    0xB6, 0x9C, 0xFF, 0xBE, 0xDD, 0xFF, 0x5C, 0x54, 0xFF, 0x54, 0x34, 0xFF,
    0x8D, 0xBA, 0xFF, 0x7D, 0x18, 0xFF, 0x3B, 0x92, 0xFF, 0x75, 0x39, 0xFD,
    0x54, 0x14, 0xFF, 0x11, 0xEB, 0x49, 0x00, 0x00, 0x00, 0x00, 0x00, 0x01,
    0x00, 0x00, 0x00, 0x00, 0x00, 0x00, 0x00, 0x00, 0x00, 0x00, 0x00, 0x00,
    0x00, 0x00, 0x00, 0x00, 0x00, 0x00, 0x00, 0x00, 0x00, 0x00, 0x1F, 0x01,
    0x00, 0x00, 0x00, 0x1A, 0x4C, 0x59, 0x7C, 0xB4, 0xFE, 0xEF, 0xBF, 0xFF,
    0xC6, 0xDD, 0xFF, 0xC6, 0xDD, 0xFF, 0xBE, 0xDD, 0xFF, 0xB6, 0x9D, 0xFF,
    0x5C, 0x55, 0xFF, 0x54, 0x55, 0xFF, 0x64, 0xD7, 0xFF, 0x43, 0xB3, 0xFF,
    0x54, 0x55, 0xFF, 0x8D, 0xDB, 0xFF, 0xA6, 0x3C, 0xFF, 0xB6, 0x7C, 0xFF,
    0xB6, 0x9C, 0xFF, 0xBE, 0xBD, 0xFF, 0x9E, 0x3B, 0xFF, 0x5C, 0x75, 0xFF,
    0x43, 0xD3, 0xFF, 0x4B, 0xF4, 0xFF, 0x6C, 0xF8, 0xFF, 0x95, 0xFC, 0xFD,
    0x3B, 0x91, 0xFF, 0x01, 0x88, 0x25, 0x00, 0x00, 0x00, 0x00, 0x00, 0x01,
    0x00, 0x00, 0x00, 0x00, 0x00, 0x00, 0x00, 0x00, 0x00, 0x00, 0x00, 0x00,
    0x00, 0x00, 0x00, 0x00, 0x00, 0x00, 0x00, 0x00, 0x00, 0x00, 0x1F, 0x01,
    0x00, 0x00, 0x00, 0x1A, 0x4C, 0x54, 0x7C, 0xD4, 0xFD, 0xE7, 0xBF, 0xFF,
    0xBE, 0xBD, 0xFF, 0xBE, 0xDD, 0xFF, 0xBE, 0xDD, 0xFF, 0xBE, 0xBD, 0xFF,
    0x7D, 0x17, 0xFF, 0x9D, 0xFB, 0xFF, 0x9E, 0x3C, 0xFF, 0x9E, 0x3C, 0xFF,
    0x54, 0x14, 0xFF, 0x6C, 0xD7, 0xFF, 0xAE, 0x7C, 0xFF, 0xB6, 0x7C, 0xFF,
    0xB6, 0x9C, 0xFF, 0xB6, 0xBD, 0xFF, 0xB6, 0x9D, 0xFF, 0x9E, 0x3B, 0xFF,
    0x8D, 0xBA, 0xFF, 0x8D, 0xBA, 0xFF, 0x95, 0xFB, 0xFE, 0x8D, 0xDB, 0xFF,
    0x3B, 0x50, 0xF1, 0x01, 0x48, 0x19, 0x00, 0x00, 0x00, 0x00, 0x00, 0x01,
    0x00, 0x00, 0x00, 0x00, 0x00, 0x00, 0x00, 0x00, 0x00, 0x00, 0x00, 0x00,
    0x00, 0x00, 0x00, 0x00, 0x00, 0x00, 0x00, 0x00, 0x00, 0x00, 0x00, 0x01,
    0x00, 0x00, 0x00, 0x01, 0x89, 0x2A, 0x53, 0xD1, 0xFC, 0xDF, 0x9F, 0xFF,
    0xB6, 0x7C, 0xFF, 0xBE, 0xBD, 0xFF, 0xBE, 0xDD, 0xFF, 0xBE, 0xDD, 0xFF,
    0xC6, 0xDE, 0xFF, 0xBE, 0xDD, 0xFF, 0xB6, 0xBD, 0xFF, 0xB6, 0x9D, 0xFF,
    0xAE, 0x5C, 0xFF, 0x53, 0xD3, 0xFF, 0xA6, 0x3C, 0xFF, 0xB6, 0x9D, 0xFF,
    0xB6, 0x9D, 0xFF, 0xB6, 0xBD, 0xFF, 0xB6, 0x9D, 0xFF, 0xB6, 0x9D, 0xFF,
    0xAE, 0x9D, 0xFF, 0xAE, 0x7C, 0xFF, 0xA6, 0x3C, 0xFD, 0x85, 0x7A, 0xFF,
    0x3B, 0x30, 0xD3, 0x01, 0x48, 0x13, 0x00, 0x00, 0x00, 0x00, 0x00, 0x01,
    0x00, 0x00, 0x00, 0x00, 0x00, 0x00, 0x00, 0x00, 0x00, 0x00, 0x00, 0x00,
    0x00, 0x00, 0x00, 0x00, 0x00, 0x00, 0x00, 0x00, 0x00, 0x00, 0x00, 0x00,
    0x00, 0x00, 0x00, 0x00, 0x00, 0x04, 0x32, 0xEE, 0xD8, 0xB6, 0x9C, 0xFD,
    0xBE, 0xBD, 0xFF, 0xB6, 0x9C, 0xFF, 0xBE, 0xBD, 0xFF, 0xBE, 0xBD, 0xFF,
    0xBE, 0xDD, 0xFF, 0xBE, 0xDD, 0xFF, 0xBE, 0xDD, 0xFF, 0xBE, 0xBD, 0xFF,
    0xBE, 0xFE, 0xFF, 0x6C, 0x95, 0xFF, 0x8D, 0x78, 0xFF, 0xBE, 0xBD, 0xFF,
    0xB6, 0x9D, 0xFF, 0xB6, 0x9D, 0xFF, 0xB6, 0x9D, 0xFF, 0xB6, 0xBD, 0xFF,
    0xB6, 0x9D, 0xFF, 0xAE, 0x5C, 0xFF, 0xA6, 0x5C, 0xFC, 0x74, 0xF8, 0xFE,
    0x2A, 0xEE, 0xA8, 0x21, 0x29, 0x07, 0x00, 0x00, 0x00, 0x00, 0x00, 0x01,
    0x00, 0x00, 0x00, 0x00, 0x00, 0x00, 0x00, 0x00, 0x00, 0x00, 0x00, 0x00,
    0x00, 0x00, 0x00, 0x00, 0x00, 0x00, 0x00, 0x00, 0x00, 0x00, 0x00, 0x00,
    0x00, 0x00, 0x01, 0x00, 0x00, 0x00, 0x12, 0x0B, 0x67, 0x6C, 0x95, 0xFF,
    0xC7, 0x1E, 0xFD, 0xAE, 0x5C, 0xFF, 0xB6, 0x9D, 0xFF, 0xB6, 0xBD, 0xFF,
    0xBE, 0xBD, 0xFF, 0xBE, 0xBD, 0xFF, 0xBE, 0xDD, 0xFF, 0xBE, 0xDD, 0xFF,
    0xBE, 0xDD, 0xFF, 0x9D, 0xFA, 0xFF, 0x9D, 0xDA, 0xFF, 0xBE, 0xBD, 0xFF,
    0xB6, 0x9D, 0xFF, 0xB6, 0x9D, 0xFF, 0xB6, 0x9D, 0xFF, 0xB6, 0xBD, 0xFF,
    0xB6, 0x9D, 0xFF, 0xA6, 0x3C, 0xFF, 0x9E, 0x3C, 0xFA, 0x5C, 0x55, 0xFF,
    0x12, 0x2B, 0x69, 0x00, 0x00, 0x00, 0x07, 0xFF, 0x01, 0x00, 0x00, 0x00,
    0x00, 0x00, 0x00, 0x00, 0x00, 0x00, 0x00, 0x00, 0x00, 0x00, 0x00, 0x00,
    0x00, 0x00, 0x00, 0x00, 0x00, 0x00, 0x00, 0x00, 0x00, 0x00, 0x00, 0x00,
    0x00, 0x00, 0x01, 0x00, 0x00, 0x00, 0x00, 0x84, 0x0D, 0x22, 0x8D, 0xC0,
    0x85, 0x79, 0xFF, 0xB6, 0x9D, 0xFC, 0xA6, 0x3B, 0xFF, 0xB6, 0x9D, 0xFF,
    0xB6, 0x9D, 0xFF, 0xB6, 0xBD, 0xFF, 0xB6, 0xBD, 0xFF, 0xBE, 0xBD, 0xFF,
    0xB6, 0xBD, 0xFF, 0xBE, 0xBD, 0xFF, 0xBE, 0xBD, 0xFF, 0xB6, 0xBD, 0xFF,
    0xB6, 0x9D, 0xFF, 0xB6, 0x9D, 0xFF, 0xB6, 0xBD, 0xFF, 0xB6, 0xBD, 0xFF,
    0xAE, 0x7D, 0xFF, 0x9E, 0x1C, 0xFD, 0x85, 0x9A, 0xFD, 0x3B, 0x50, 0xEA,
    0x09, 0xE9, 0x2D, 0x00, 0x00, 0x00, 0x03, 0xEF, 0x02, 0x00, 0x00, 0x00,
    0x00, 0x00, 0x00, 0x00, 0x00, 0x00, 0x00, 0x00, 0x00, 0x00, 0x00, 0x00,
    0x00, 0x00, 0x00, 0x00, 0x00, 0x00, 0x00, 0x00, 0x00, 0x00, 0x00, 0x00,
    0x00, 0x00, 0x00, 0x03, 0xEF, 0x02, 0x00, 0x00, 0x00, 0x11, 0xE9, 0x2A,
    0x22, 0x8D, 0xD7, 0x7D, 0x38, 0xFF, 0xA6, 0x5C, 0xFE, 0xAE, 0x5C, 0xFF,
    0xAE, 0x7C, 0xFF, 0xB6, 0x9D, 0xFF, 0xB6, 0x9D, 0xFF, 0xB6, 0x9D, 0xFF,
    0xB6, 0x9D, 0xFF, 0xB6, 0x9D, 0xFF, 0xB6, 0x9D, 0xFF, 0xB6, 0x9D, 0xFF,
    0xB6, 0x9D, 0xFF, 0xB6, 0x9D, 0xFF, 0xB6, 0xBD, 0xFF, 0xAE, 0x7D, 0xFF,
    0x9E, 0x1C, 0xFF, 0x95, 0xFB, 0xFC, 0x54, 0x35, 0xFF, 0x1A, 0x2C, 0x84,
    0xAA, 0xAA, 0x03, 0x03, 0xEF, 0x02, 0x00, 0x00, 0x00, 0x00, 0x00, 0x00,
    0x00, 0x00, 0x00, 0x00, 0x00, 0x00, 0x00, 0x00, 0x00, 0x00, 0x00, 0x00,
    0x00, 0x00, 0x00, 0x00, 0x00, 0x00, 0x00, 0x00, 0x00, 0x00, 0x00, 0x00,
    0x00, 0x00, 0x00, 0x00, 0x00, 0x00, 0x02, 0xAA, 0x03, 0x00, 0x00, 0x00,
    0x11, 0xEA, 0x29, 0x1A, 0x6D, 0xC1, 0x5C, 0x54, 0xFA, 0x8D, 0x99, 0xFE,
    0x95, 0xDA, 0xFF, 0x9E, 0x3B, 0xFF, 0xA6, 0x5C, 0xFF, 0xAE, 0x5C, 0xFF,
    0xAE, 0x7C, 0xFF, 0xAE, 0x7D, 0xFF, 0xAE, 0x7D, 0xFF, 0xAE, 0x7D, 0xFF,
    0xAE, 0x7C, 0xFF, 0xAE, 0x7C, 0xFF, 0xA6, 0x3C, 0xFF, 0x95, 0xFB, 0xFF,
    0x8D, 0xBA, 0xFC, 0x5C, 0x55, 0xFC, 0x1A, 0x6D, 0xAF, 0x2A, 0x4D, 0x11,
    0x00, 0x00, 0x00, 0x03, 0xEF, 0x02, 0x00, 0x00, 0x00, 0x00, 0x00, 0x00,
    0x00, 0x00, 0x00, 0x00, 0x00, 0x00, 0x00, 0x00, 0x00, 0x00, 0x00, 0x00,
    0x00, 0x00, 0x00, 0x00, 0x00, 0x00, 0x00, 0x00, 0x00, 0x00, 0x00, 0x00,
    0x00, 0x00, 0x00, 0x00, 0x00, 0x00, 0x00, 0x00, 0x00, 0x00, 0x0F, 0x02,
    0x00, 0x00, 0x00, 0x01, 0x45, 0x06, 0x12, 0x2C, 0x8F, 0x2B, 0x10, 0xFC,
    0x5C, 0x75, 0xFF, 0x95, 0xDB, 0xFF, 0x9D, 0xFB, 0xFF, 0x9E, 0x1B, 0xFF,
    0x9E, 0x3B, 0xFF, 0xA6, 0x3C, 0xFF, 0xA6, 0x3C, 0xFF, 0xA6, 0x3C, 0xFF,
    0x9E, 0x1B, 0xFF, 0x9D, 0xFB, 0xFF, 0x95, 0xDB, 0xFF, 0x75, 0x18, 0xFD,
    0x43, 0xB3, 0xFF, 0x1A, 0x6D, 0xC8, 0x21, 0x8A, 0x0F, 0x00, 0x00, 0x00,
    0x03, 0xEF, 0x02, 0x00, 0x00, 0x00, 0x00, 0x00, 0x00, 0x00, 0x00, 0x00,
    0x00, 0x00, 0x00, 0x00, 0x00, 0x00, 0x00, 0x00, 0x00, 0x00, 0x00, 0x00,
    0x00, 0x00, 0x00, 0x00, 0x00, 0x00, 0x00, 0x00, 0x00, 0x00, 0x00, 0x00,
    0x00, 0x00, 0x00, 0x00, 0x00, 0x00, 0x00, 0x00, 0x00, 0x00, 0x00, 0x00,
    0x01, 0xE7, 0x04, 0x00, 0x00, 0x00, 0x09, 0xCB, 0x42, 0x43, 0xB1, 0xF3,
    0x8D, 0xDB, 0xFC, 0x95, 0xFB, 0xFD, 0x95, 0xFB, 0xFF, 0x95, 0xFB, 0xFF,
    0x9E, 0x1B, 0xFF, 0x9E, 0x1B, 0xFF, 0x9E, 0x1B, 0xFF, 0x9E, 0x1B, 0xFF,
    0x95, 0xFB, 0xFF, 0x95, 0xDB, 0xFF, 0x8D, 0xDA, 0xFE, 0x7D, 0x39, 0xFB,
    0x5C, 0x76, 0xFC, 0x1A, 0x4C, 0xAD, 0x00, 0x00, 0x00, 0x22, 0x4D, 0x07,
    0x00, 0x00, 0x00, 0x00, 0x00, 0x00, 0x00, 0x00, 0x00, 0x00, 0x00, 0x00,
    0x00, 0x00, 0x00, 0x00, 0x00, 0x00, 0x00, 0x00, 0x00, 0x00, 0x00, 0x00,
    0x00, 0x00, 0x00, 0x00, 0x00, 0x00, 0x00, 0x00, 0x00, 0x00, 0x00, 0x00,
    0x00, 0x00, 0x00, 0x00, 0x00, 0x00, 0x00, 0x00, 0x00, 0x00, 0x00, 0x00,
    0x00, 0x00, 0x01, 0x07, 0xFF, 0x01, 0x09, 0xAA, 0x18, 0x2A, 0xCE, 0xE0,
    0x7D, 0x59, 0xFF, 0x95, 0xDA, 0xFF, 0x9E, 0x1C, 0xFD, 0xA6, 0x3C, 0xFD,
    0xA6, 0x5C, 0xFD, 0xA6, 0x5C, 0xFD, 0xA6, 0x5D, 0xFD, 0xA6, 0x3C, 0xFD,
    0x9E, 0x1C, 0xFD, 0x95, 0xFB, 0xFD, 0x85, 0x9A, 0xFE, 0x75, 0x39, 0xFF,
    0x43, 0xB2, 0xFF, 0x1A, 0x4C, 0x6A, 0x00, 0x00, 0x01, 0x02, 0xAA, 0x03,
    0x00, 0x00, 0x00, 0x00, 0x00, 0x00, 0x00, 0x00, 0x00, 0x00, 0x00, 0x00,
    0x00, 0x00, 0x00, 0x00, 0x00, 0x00, 0x00, 0x00, 0x00, 0x00, 0x00, 0x00,
    0x00, 0x00, 0x00, 0x00, 0x00, 0x00, 0x00, 0x00, 0x00, 0x00, 0x00, 0x00,
    0x00, 0x00, 0x00, 0x00, 0x00, 0x00, 0x00, 0x00, 0x00, 0x00, 0x00, 0x00,
    0x00, 0x00, 0x00, 0x00, 0x00, 0x00, 0x00, 0x00, 0x00, 0x12, 0x0B, 0x37,
    0x22, 0xAE, 0xA7, 0x3B, 0x31, 0xE7, 0x3B, 0x71, 0xFF, 0x43, 0xB2, 0xFF,
    0x4B, 0xF4, 0xFF, 0x4C, 0x14, 0xFF, 0x4C, 0x14, 0xFF, 0x4B, 0xF3, 0xFF,
    0x43, 0xB3, 0xFF, 0x3B, 0x71, 0xFF, 0x33, 0x30, 0xF5, 0x2A, 0xEF, 0xCD,
    0x1A, 0x4C, 0x69, 0x3A, 0xEF, 0x08, 0x00, 0x00, 0x01, 0x00, 0x00, 0x00,
    0x00, 0x00, 0x00, 0x00, 0x00, 0x00, 0x00, 0x00, 0x00, 0x00, 0x00, 0x00,
    0x00, 0x00, 0x00, 0x00, 0x00, 0x00, 0x00, 0x00, 0x00, 0x00, 0x00, 0x00,
    0x00, 0x00, 0x00, 0x00, 0x00, 0x00, 0x00, 0x00, 0x00, 0x00, 0x00, 0x00,
    0x00, 0x00, 0x00, 0x00, 0x00, 0x00, 0x00, 0x00, 0x00, 0x00, 0x00, 0x00,
    0x00, 0x00, 0x00, 0x00, 0x00, 0x00, 0x00, 0x00, 0x01, 0x00, 0x00, 0x00,
    0x01, 0xE7, 0x08, 0x00, 0xE7, 0x19, 0x01, 0x48, 0x26, 0x09, 0xEA, 0x38,
    0x12, 0x2D, 0x4B, 0x1A, 0x6D, 0x57, 0x12, 0x4D, 0x57, 0x12, 0x2D, 0x4E,
    0x09, 0xAB, 0x3C, 0x01, 0x49, 0x2A, 0x01, 0x08, 0x1D, 0x01, 0x48, 0x12,
    0x00, 0x00, 0x00, 0x00, 0x00, 0x00, 0x00, 0x00, 0x00, 0x00, 0x00, 0x00,
    0x00, 0x00, 0x00, 0x00, 0x00, 0x00, 0x00, 0x00, 0x00, 0x00, 0x00, 0x00,
    0x00, 0x00, 0x00, 0x00, 0x00, 0x00, 0x00, 0x00, 0x00, 0x00, 0x00, 0x00,
};

const lv_img_dsc_t img_gesture_3 = {
    .header.cf = LV_IMG_CF_TRUE_COLOR_ALPHA,
    .header.always_zero = 0,
    .header.reserved = 0,
    .header.w = 36,
    .header.h = 36,
    .data_size = 3888,
    .data = img_gesture_3_data,
};

/* gesture: 4 (36x36) */
static const uint8_t img_gesture_4_data[3888] = {
    0x00, 0x00, 0x00, 0x00, 0x00, 0x00, 0x00, 0x00, 0x00, 0x00, 0x00, 0x00,
    0x00, 0x00, 0x00, 0x00, 0x00, 0x00, 0x00, 0x00, 0x00, 0x00, 0x00, 0x00,
    0x00, 0x00, 0x00, 0x00, 0x00, 0x00, 0x00, 0x00, 0x00, 0x00, 0x00, 0x00,
    0x03, 0xEF, 0x02, 0x00, 0x00, 0x00, 0x00, 0x00, 0x00, 0x00, 0x00, 0x00,
    0x00, 0x00, 0x00, 0x00, 0x00, 0x01, 0x00, 0x00, 0x00, 0x00, 0x00, 0x00,
    0x00, 0x00, 0x00, 0x00, 0x00, 0x00, 0x00, 0x00, 0x00, 0x00, 0x00, 0x00,
    0x00, 0x00, 0x00, 0x00, 0x00, 0x00, 0x00, 0x00, 0x00, 0x00, 0x00, 0x00,
    0x00, 0x00, 0x00, 0x00, 0x00, 0x00, 0x00, 0x00, 0x00, 0x00, 0x00, 0x00,
    0x00, 0x00, 0x00, 0x00, 0x00, 0x00, 0x00, 0x00, 0x00, 0x00, 0x00, 0x00,
    0x00, 0x00, 0x00, 0x00, 0x00, 0x00, 0x00, 0x00, 0x00, 0x00, 0x00, 0x00,
    0x00, 0x00, 0x00, 0x00, 0x00, 0x00, 0x00, 0x00, 0x00, 0x00, 0x00, 0x00,
    0x00, 0x00, 0x00, 0x00, 0x00, 0x00, 0x00, 0x00, 0x00, 0x00, 0x00, 0x00,
    0x00, 0x00, 0x00, 0x32, 0xCE, 0x2A, 0x22, 0xEF, 0x68, 0x2B, 0x0E, 0x6B,
    0x33, 0x0E, 0x32, 0x00, 0x00, 0x00, 0x00, 0x00, 0x00, 0x00, 0x00, 0x00,
    0x00, 0x00, 0x01, 0x3B, 0xEF, 0x04, 0x39, 0xEF, 0x04, 0x33, 0x2C, 0x05,
    0x7B, 0xEF, 0x02, 0x00, 0x00, 0x00, 0x00, 0x00, 0x00, 0x00, 0x00, 0x00,
    0x00, 0x00, 0x00, 0x00, 0x00, 0x00, 0x00, 0x00, 0x00, 0x00, 0x00, 0x00,
    0x00, 0x00, 0x00, 0x00, 0x00, 0x00, 0x00, 0x00, 0x00, 0x00, 0x00, 0x00,
    0x00, 0x00, 0x00, 0x00, 0x00, 0x00, 0x00, 0x00, 0x00, 0x00, 0x00, 0x00,
    0x00, 0x00, 0x00, 0x00, 0x00, 0x01, 0x3B, 0xEF, 0x04, 0x33, 0x33, 0x05,
    0x33, 0x33, 0x05, 0x07, 0xFF, 0x01, 0x00, 0x00, 0x01, 0x00, 0x00, 0x00,
    0x32, 0xEF, 0x34, 0x53, 0xF2, 0xE0, 0x8D, 0x98, 0xFF, 0x8D, 0x98, 0xFF,
    0x54, 0x12, 0xEE, 0x3B, 0x0F, 0x43, 0x00, 0x00, 0x00, 0x00, 0x00, 0x01,
    0x00, 0x00, 0x00, 0x00, 0x00, 0x00, 0x00, 0x00, 0x00, 0x00, 0x00, 0x00,
    0x00, 0x00, 0x00, 0x00, 0x00, 0x01, 0x00, 0x00, 0x00, 0x00, 0x00, 0x00,
    0x00, 0x00, 0x00, 0x00, 0x00, 0x00, 0x00, 0x00, 0x00, 0x00, 0x00, 0x00,
    0x00, 0x00, 0x00, 0x00, 0x00, 0x00, 0x00, 0x00, 0x00, 0x00, 0x00, 0x00,
    0x00, 0x00, 0x00, 0x00, 0x00, 0x00, 0x00, 0x00, 0x00, 0x00, 0x00, 0x00,
    0x00, 0x00, 0x00, 0x00, 0x00, 0x00, 0x00, 0x00, 0x00, 0x00, 0x00, 0x00,
    0x00, 0x00, 0x00, 0x00, 0x00, 0x00, 0x00, 0x00, 0x00, 0x00, 0x00, 0x00,
    0x4B, 0x91, 0xB9, 0xB6, 0x5A, 0xFF, 0xFF, 0xFF, 0xF8, 0xE7, 0x9F, 0xFA,
    0x95, 0xDA, 0xFF, 0x43, 0x70, 0xCD, 0x00, 0x00, 0x03, 0x00, 0x00, 0x00,
    0x6C, 0x96, 0x07, 0x32, 0xEF, 0x6B, 0x2B, 0x0F, 0xA0, 0x33, 0x2F, 0x83,
    0x4C, 0x12, 0x1D, 0x00, 0x00, 0x00, 0x00, 0x1F, 0x01, 0x00, 0x00, 0x00,
    0x00, 0x00, 0x00, 0x00, 0x00, 0x00, 0x00, 0x00, 0x00, 0x00, 0x00, 0x00,
    0x00, 0x00, 0x00, 0x00, 0x00, 0x00, 0x00, 0x00, 0x00, 0x00, 0x00, 0x00,
    0x00, 0x00, 0x00, 0x00, 0x00, 0x00, 0x00, 0x00, 0x00, 0x00, 0x00, 0x00,
    0x00, 0x00, 0x00, 0x3A, 0xAF, 0x0C, 0x3B, 0x10, 0x82, 0x3B, 0x2F, 0xB8,
    0x33, 0x4F, 0x8E, 0x3B, 0x4F, 0x1A, 0x00, 0x00, 0x00, 0x01, 0x69, 0x10,
    0x53, 0xD1, 0xF3, 0xF7, 0xBF, 0xFD, 0xF7, 0xBE, 0xFF, 0xD7, 0x1D, 0xFF,
    0xBE, 0xDD, 0xFD, 0x4B, 0xB2, 0xFC, 0x1A, 0x2A, 0x1D, 0xFF, 0xFF, 0x02,
    0x3B, 0x0F, 0x82, 0x7C, 0xD5, 0xFE, 0xB6, 0x7B, 0xFF, 0x85, 0x57, 0xFF,
    0x43, 0x90, 0xC3, 0x4B, 0x8F, 0x14, 0x00, 0x00, 0x00, 0x07, 0xFF, 0x01,
    0x00, 0x00, 0x00, 0x00, 0x00, 0x00, 0x00, 0x00, 0x00, 0x00, 0x00, 0x00,
    0x00, 0x00, 0x00, 0x00, 0x00, 0x00, 0x00, 0x00, 0x00, 0x00, 0x00, 0x00,
    0x00, 0x00, 0x00, 0x00, 0x00, 0x00, 0x00, 0x00, 0x01, 0x00, 0x00, 0x00,
    0x01, 0xEF, 0x04, 0x43, 0x30, 0xB7, 0x8D, 0x37, 0xFF, 0xBE, 0x9B, 0xFF,
    0x7D, 0x57, 0xFF, 0x43, 0x90, 0xB9, 0x53, 0x4F, 0x13, 0x01, 0x8B, 0x19,
    0x53, 0xF2, 0xFC, 0xFF, 0xFF, 0xFF, 0xEF, 0xBE, 0xFF, 0xDF, 0x3D, 0xFF,
    0xBE, 0xFD, 0xFF, 0x54, 0x13, 0xFE, 0x3B, 0x0F, 0x34, 0x12, 0x0C, 0x2F,
    0x64, 0x33, 0xFC, 0xE7, 0x7D, 0xFE, 0xFF, 0xFF, 0xF8, 0xD7, 0x3D, 0xFD,
    0x6C, 0xB5, 0xFF, 0x3B, 0x2F, 0x67, 0x00, 0x00, 0x00, 0x3B, 0xEF, 0x04,
    0x00, 0x00, 0x00, 0x00, 0x00, 0x00, 0x00, 0x00, 0x00, 0x00, 0x00, 0x00,
    0x00, 0x00, 0x00, 0x00, 0x00, 0x00, 0x00, 0x00, 0x00, 0x00, 0x00, 0x00,
    0x00, 0x00, 0x00, 0x00, 0x00, 0x00, 0x52, 0xAA, 0x03, 0x00, 0x00, 0x00,
    0x32, 0xAE, 0x4F, 0x74, 0x74, 0xFA, 0xF7, 0xDF, 0xFF, 0xE7, 0x9E, 0xFB,
    0xCF, 0x1D, 0xFB, 0x6C, 0xF6, 0xFF, 0x3B, 0x0E, 0x64, 0x01, 0x6A, 0x16,
    0x53, 0xF2, 0xFA, 0xFF, 0xFF, 0xFF, 0xD7, 0x5D, 0xFF, 0xDF, 0x5D, 0xFF,
    0xC6, 0xFD, 0xFF, 0x5C, 0x54, 0xFF, 0x53, 0xD1, 0x54, 0x22, 0x8D, 0x6D,
    0x95, 0xB8, 0xFF, 0xFF, 0xFF, 0xF9, 0xE7, 0x7E, 0xFF, 0xD7, 0x3D, 0xFF,
    0x7D, 0x58, 0xFE, 0x33, 0x2F, 0x8E, 0x00, 0x00, 0x00, 0x3A, 0xEB, 0x08,
    0x3B, 0xEF, 0x04, 0x7B, 0xEF, 0x02, 0x00, 0x00, 0x00, 0x00, 0x00, 0x00,
    0x00, 0x00, 0x00, 0x00, 0x00, 0x00, 0x00, 0x00, 0x00, 0x00, 0x00, 0x00,
    0x00, 0x00, 0x00, 0x00, 0x00, 0x00, 0x3B, 0xEF, 0x04, 0x00, 0x00, 0x00,
    0x32, 0xCF, 0x70, 0x95, 0x57, 0xFD, 0xFF, 0xFF, 0xFF, 0xEF, 0xBE, 0xFF,
    0xD7, 0x3D, 0xFC, 0x95, 0xB9, 0xFF, 0x4B, 0x91, 0xC0, 0x01, 0x8A, 0x23,
    0x53, 0xD1, 0xF3, 0xF7, 0xDF, 0xFF, 0xD7, 0x5D, 0xFF, 0xDF, 0x5D, 0xFF,
    0xC6, 0xFD, 0xFF, 0x64, 0x75, 0xFD, 0x3B, 0x50, 0x6B, 0x4B, 0x91, 0xA4,
    0xBE, 0x7A, 0xFF, 0xF7, 0xFF, 0xFC, 0xDF, 0x5D, 0xFF, 0xCE, 0xFD, 0xFF,
    0x75, 0x17, 0xFF, 0x3B, 0x2F, 0x87, 0x39, 0xEF, 0x04, 0x00, 0x00, 0x00,
    0x00, 0x00, 0x00, 0x00, 0x00, 0x00, 0x52, 0xB5, 0x03, 0x00, 0x00, 0x00,
    0x00, 0x00, 0x00, 0x00, 0x00, 0x00, 0x00, 0x00, 0x00, 0x00, 0x00, 0x00,
    0x00, 0x00, 0x00, 0x00, 0x00, 0x00, 0x39, 0xEF, 0x04, 0x00, 0x00, 0x00,
    0x32, 0xCF, 0x63, 0x85, 0x16, 0xFA, 0xF7, 0xDF, 0xFF, 0xE7, 0x9E, 0xFF,
    0xDF, 0x3D, 0xFF, 0xB6, 0x9C, 0xFE, 0x53, 0xF2, 0xF9, 0x0A, 0x0B, 0x37,
    0x53, 0xF1, 0xEC, 0xEF, 0x9E, 0xFF, 0xD7, 0x5D, 0xFF, 0xDF, 0x5D, 0xFF,
    0xC6, 0xFD, 0xFF, 0x64, 0x95, 0xFA, 0x22, 0xCE, 0x76, 0x5B, 0xF2, 0xD8,
    0xD7, 0x1C, 0xFF, 0xDF, 0x7D, 0xFD, 0xDF, 0x3D, 0xFF, 0xC6, 0xDD, 0xFF,
    0x64, 0x75, 0xFC, 0x3B, 0x2F, 0x68, 0x00, 0x00, 0x00, 0x33, 0x0E, 0x27,
    0x22, 0xAD, 0x44, 0x3B, 0xB1, 0x1E, 0x00, 0x00, 0x00, 0x00, 0x00, 0x01,
    0x00, 0x00, 0x00, 0x00, 0x00, 0x00, 0x00, 0x00, 0x00, 0x00, 0x00, 0x00,
    0x00, 0x00, 0x00, 0x00, 0x00, 0x00, 0x02, 0xAA, 0x03, 0x00, 0x00, 0x00,
    0x22, 0xAE, 0x3B, 0x64, 0x32, 0xF0, 0xF7, 0xDF, 0xFF, 0xDF, 0x5D, 0xFE,
    0xDF, 0x5D, 0xFF, 0xCF, 0x1E, 0xFD, 0x6C, 0xB6, 0xFF, 0x22, 0xAD, 0x6D,
    0x53, 0xD1, 0xE4, 0xDF, 0x5D, 0xFF, 0xD7, 0x3D, 0xFF, 0xD7, 0x3D, 0xFF,
    0xC6, 0xFD, 0xFF, 0x64, 0x95, 0xF8, 0x12, 0x4C, 0x80, 0x5C, 0x32, 0xFB,
    0xEF, 0xBE, 0xFE, 0xDF, 0x3D, 0xFF, 0xDF, 0x3D, 0xFE, 0xB6, 0xBD, 0xFF,
    0x43, 0xB2, 0xF1, 0x3A, 0xCD, 0x32, 0x22, 0x8E, 0x44, 0x4B, 0xB1, 0xD3,
    0x6C, 0x73, 0xEF, 0x43, 0x90, 0xCC, 0x3B, 0x4F, 0x51, 0x00, 0x00, 0x00,
    0xFF, 0xFF, 0x01, 0x00, 0x00, 0x00, 0x00, 0x00, 0x00, 0x00, 0x00, 0x00,
    0x00, 0x00, 0x00, 0x00, 0x00, 0x00, 0x00, 0x00, 0x00, 0xFF, 0xFF, 0x01,
    0x19, 0xEB, 0x08, 0x43, 0x50, 0xDD, 0xE7, 0x7D, 0xFF, 0xE7, 0x5D, 0xFE,
    0xDF, 0x5D, 0xFF, 0xD7, 0x1D, 0xFE, 0x8D, 0x99, 0xFE, 0x33, 0x0F, 0xB1,
    0x4B, 0xB1, 0xDA, 0xCF, 0x1C, 0xFF, 0xD7, 0x3D, 0xFF, 0xD7, 0x3D, 0xFF,
    0xC6, 0xFD, 0xFF, 0x64, 0x95, 0xFA, 0x2A, 0xEE, 0xB5, 0x6C, 0x94, 0xFF,
    0xEF, 0xDF, 0xFE, 0xD7, 0x1C, 0xFF, 0xD7, 0x1D, 0xFE, 0xAE, 0x5C, 0xFF,
    0x3B, 0x50, 0xD9, 0x1A, 0x4B, 0x35, 0x53, 0xB1, 0xEC, 0xC6, 0xBB, 0xFF,
    0xD7, 0x3D, 0xFE, 0x9E, 0x1B, 0xFF, 0x3B, 0x50, 0xDC, 0x22, 0xCD, 0x0E,
    0x00, 0x00, 0x01, 0x00, 0x1F, 0x01, 0x00, 0x00, 0x00, 0x00, 0x00, 0x00,
    0x00, 0x00, 0x00, 0x00, 0x00, 0x00, 0x00, 0x00, 0x00, 0x7B, 0xEF, 0x02,
    0x00, 0x00, 0x00, 0x3B, 0x0F, 0xA3, 0xAD, 0xF8, 0xFF, 0xEF, 0x9E, 0xFF,
    0xDF, 0x3D, 0xFF, 0xD7, 0x1D, 0xFF, 0xB6, 0x7C, 0xFF, 0x3B, 0x71, 0xF4,
    0x54, 0x12, 0xF3, 0xBE, 0x9B, 0xFF, 0xCF, 0x3E, 0xFF, 0xCE, 0xFD, 0xFF,
    0xBE, 0xDD, 0xFF, 0x6C, 0xB6, 0xFF, 0x43, 0xB1, 0xF9, 0x8D, 0x57, 0xFE,
    0xE7, 0x9E, 0xFF, 0xD7, 0x1D, 0xFF, 0xCE, 0xFD, 0xFF, 0x8D, 0x99, 0xFF,
    0x33, 0x2F, 0xB8, 0x32, 0xAE, 0x99, 0x9D, 0xB8, 0xFF, 0xFF, 0xFF, 0xF9,
    0xE7, 0x7E, 0xFD, 0xBE, 0xDE, 0xFC, 0x4B, 0xB2, 0xF1, 0x3B, 0x10, 0x37,
    0x00, 0x00, 0x00, 0x7B, 0xEF, 0x02, 0x00, 0x00, 0x00, 0x00, 0x00, 0x00,
    0x00, 0x00, 0x00, 0x00, 0x00, 0x00, 0x00, 0x00, 0x00, 0x00, 0x1F, 0x01,
    0x00, 0x00, 0x00, 0x2A, 0x8D, 0x52, 0x74, 0x73, 0xFF, 0xEF, 0xBF, 0xFF,
    0xCE, 0xFC, 0xFF, 0xD7, 0x1D, 0xFF, 0xC6, 0xDD, 0xFF, 0x5C, 0x54, 0xFF,
    0x3B, 0x92, 0xFF, 0xA6, 0x1A, 0xFF, 0xCF, 0x1E, 0xFF, 0xC6, 0xFD, 0xFF,
    0xBE, 0xDD, 0xFF, 0x6C, 0xB6, 0xFF, 0x43, 0x91, 0xFF, 0xAE, 0x19, 0xFF,
    0xD7, 0x3D, 0xFF, 0xCE, 0xFC, 0xFF, 0xC6, 0xDD, 0xFF, 0x74, 0xD6, 0xFC,
    0x3B, 0x30, 0xC1, 0x5C, 0x12, 0xF6, 0xDF, 0x5E, 0xFE, 0xD7, 0x3D, 0xFF,
    0xCE, 0xFD, 0xFE, 0xAE, 0x7C, 0xFF, 0x3B, 0x71, 0xEA, 0x32, 0xCD, 0x25,
    0x00, 0x00, 0x00, 0x03, 0xEF, 0x02, 0x00, 0x00, 0x00, 0x00, 0x00, 0x00,
    0x00, 0x00, 0x00, 0x00, 0x00, 0x00, 0x00, 0x00, 0x00, 0x00, 0x00, 0x00,
    0x00, 0x00, 0x00, 0x00, 0xE9, 0x10, 0x4B, 0x70, 0xED, 0xD7, 0x3D, 0xFF,
    0xCE, 0xFD, 0xFF, 0xC6, 0xDD, 0xFF, 0xBE, 0xBD, 0xFF, 0x85, 0x78, 0xFF,
    0x3B, 0x71, 0xFF, 0x95, 0xBA, 0xFF, 0xC6, 0xFE, 0xFF, 0xBE, 0xBD, 0xFF,
    0xBE, 0xDD, 0xFF, 0x6C, 0xD7, 0xFF, 0x43, 0xD2, 0xFF, 0xC6, 0xDC, 0xFF,
    0xCE, 0xFD, 0xFF, 0xCE, 0xFD, 0xFF, 0xBE, 0xDD, 0xFF, 0x54, 0x13, 0xFF,
    0x43, 0xB2, 0xFF, 0x9D, 0xD9, 0xFF, 0xDF, 0x7E, 0xFF, 0xC6, 0xDD, 0xFF,
    0xBE, 0xBD, 0xFE, 0x85, 0x79, 0xFE, 0x32, 0xEF, 0xC7, 0x00, 0x00, 0x00,
    0x03, 0xEF, 0x02, 0x00, 0x00, 0x00, 0x00, 0x00, 0x00, 0x00, 0x00, 0x00,
    0x00, 0x00, 0x00, 0x00, 0x00, 0x00, 0x00, 0x00, 0x00, 0x00, 0x00, 0x00,
    0x00, 0x00, 0x00, 0x00, 0x00, 0x00, 0x3B, 0x0F, 0xA4, 0x9D, 0xB8, 0xFE,
    0xD7, 0x5E, 0xFE, 0xB6, 0xBD, 0xFF, 0xBE, 0xBD, 0xFF, 0xA6, 0x5C, 0xFF,
    0x3B, 0x71, 0xFF, 0x7D, 0x38, 0xFF, 0xBE, 0xDE, 0xFF, 0xB6, 0xBD, 0xFF,
    0xBE, 0xDD, 0xFF, 0x6C, 0xF6, 0xFF, 0x4B, 0xD2, 0xFF, 0xD7, 0x5E, 0xFF,
    0xC6, 0xDD, 0xFF, 0xC6, 0xFD, 0xFF, 0xB6, 0x9C, 0xFF, 0x3B, 0x71, 0xFF,
    0x4B, 0xD2, 0xFE, 0xCF, 0x1E, 0xFF, 0xC6, 0xDD, 0xFF, 0xC6, 0xDD, 0xFF,
    0xB6, 0x9D, 0xFF, 0x53, 0xF3, 0xFF, 0x22, 0xAD, 0x61, 0x00, 0x00, 0x00,
    0x03, 0xEF, 0x02, 0x00, 0x00, 0x00, 0x00, 0x00, 0x00, 0x00, 0x00, 0x00,
    0x00, 0x00, 0x00, 0x00, 0x00, 0x00, 0x00, 0x00, 0x00, 0x00, 0x00, 0x00,
    0x00, 0x00, 0x01, 0x00, 0x00, 0x01, 0x11, 0xEB, 0x4B, 0x6C, 0x74, 0xFF,
    0xD7, 0x7F, 0xFD, 0xB6, 0x9D, 0xFF, 0xB6, 0xBD, 0xFF, 0xB6, 0x7C, 0xFF,
    0x85, 0x58, 0xFF, 0x95, 0xDA, 0xFF, 0xBE, 0xDD, 0xFF, 0xBE, 0xDD, 0xFF,
    0xC6, 0xFD, 0xFF, 0x9D, 0xFA, 0xFF, 0x8D, 0x78, 0xFF, 0xCF, 0x1E, 0xFF,
    0xC6, 0xDD, 0xFF, 0xCE, 0xFD, 0xFF, 0x9D, 0xFA, 0xFF, 0x33, 0x71, 0xFF,
    0x8D, 0x99, 0xFF, 0xC6, 0xFE, 0xFF, 0xC6, 0xDC, 0xFF, 0xBE, 0xBD, 0xFF,
    0x85, 0x99, 0xFE, 0x32, 0xEF, 0xDE, 0x11, 0x47, 0x0C, 0x00, 0x00, 0x00,
    0x00, 0x00, 0x00, 0x00, 0x00, 0x00, 0x00, 0x00, 0x00, 0x00, 0x00, 0x00,
    0x00, 0x00, 0x00, 0x00, 0x00, 0x00, 0x00, 0x00, 0x00, 0x00, 0x00, 0x00,
    0x00, 0x00, 0x01, 0x00, 0x00, 0x00, 0x00, 0xE7, 0x18, 0x53, 0xB1, 0xE5,
    0xBE, 0x9C, 0xFE, 0xBE, 0xDD, 0xFE, 0xBE, 0xBD, 0xFF, 0xBE, 0xBD, 0xFF,
    0xBE, 0xDE, 0xFF, 0xBE, 0xDE, 0xFF, 0xB6, 0x7C, 0xFF, 0x9E, 0x1A, 0xFF,
    0xA6, 0x1A, 0xFF, 0xC6, 0xFE, 0xFF, 0xC6, 0xFD, 0xFF, 0xC6, 0xFD, 0xFF,
    0xC6, 0xDD, 0xFF, 0xCF, 0x1D, 0xFF, 0x85, 0x58, 0xFF, 0x54, 0x13, 0xFF,
    0xC6, 0xDD, 0xFF, 0xC6, 0xDD, 0xFF, 0xBE, 0xBC, 0xFF, 0xB6, 0x9D, 0xFD,
    0x54, 0x14, 0xFF, 0x1A, 0x6C, 0x6A, 0x00, 0x00, 0x00, 0x00, 0x00, 0x00,
    0x00, 0x00, 0x00, 0x00, 0x00, 0x00, 0x00, 0x00, 0x00, 0x00, 0x00, 0x00,
    0x00, 0x00, 0x00, 0x00, 0x00, 0x00, 0x00, 0x00, 0x00, 0x00, 0x00, 0x00,
    0x00, 0x00, 0x01, 0x00, 0x00, 0x00, 0x02, 0xAF, 0x06, 0x3B, 0x0F, 0xA1,
    0x95, 0xD9, 0xFF, 0xB6, 0xDD, 0xFB, 0x7D, 0x38, 0xFF, 0x6C, 0x95, 0xFF,
    0x5C, 0x34, 0xFF, 0x53, 0xF3, 0xFF, 0x64, 0x53, 0xFF, 0x7C, 0xD5, 0xFF,
    0x64, 0x74, 0xFF, 0x54, 0x34, 0xFF, 0xBE, 0xBD, 0xFF, 0xC6, 0xFD, 0xFF,
    0xC6, 0xDD, 0xFF, 0xC6, 0xFD, 0xFF, 0xB6, 0x7C, 0xFF, 0xAE, 0x7C, 0xFF,
    0xC6, 0xDD, 0xFF, 0xC6, 0xDD, 0xFF, 0xBE, 0xBD, 0xFD, 0x85, 0x59, 0xFF,
    0x33, 0x0F, 0xD9, 0x09, 0xE9, 0x15, 0x00, 0x00, 0x01, 0x00, 0x00, 0x01,
    0x00, 0x00, 0x00, 0x00, 0x00, 0x00, 0x00, 0x00, 0x00, 0x00, 0x00, 0x00,
    0x00, 0x00, 0x00, 0x00, 0x00, 0x00, 0x00, 0x00, 0x00, 0x00, 0x00, 0x00,
    0x00, 0x00, 0x00, 0x00, 0x00, 0x00, 0x00, 0x00, 0x00, 0x2A, 0xCE, 0x68,
    0x54, 0x13, 0xFF, 0x64, 0x74, 0xFA, 0x85, 0x16, 0xFF, 0xB6, 0x3A, 0xFF,
    0xCE, 0xDB, 0xFF, 0xE7, 0x7E, 0xFF, 0xF7, 0xDF, 0xFF, 0xF7, 0xBF, 0xFF,
    0xDF, 0x5E, 0xFF, 0x6C, 0xB6, 0xFF, 0x74, 0xF7, 0xFF, 0xC6, 0xFD, 0xFF,
    0xC6, 0xDD, 0xFF, 0xC6, 0xDC, 0xFF, 0xC6, 0xFD, 0xFF, 0xC6, 0xFD, 0xFF,
    0xC6, 0xDD, 0xFF, 0xBE, 0xBC, 0xFF, 0xAE, 0x7D, 0xFB, 0x54, 0x14, 0xFF,
    0x12, 0x2B, 0x6C, 0x00, 0x00, 0x00, 0x00, 0x00, 0x00, 0x00, 0x00, 0x00,
    0x00, 0x00, 0x00, 0x00, 0x00, 0x00, 0x00, 0x00, 0x00, 0x00, 0x00, 0x00,
    0x00, 0x00, 0x00, 0x00, 0x00, 0x00, 0x00, 0x00, 0x00, 0x00, 0x00, 0x00,
    0x00, 0x00, 0x00, 0x00, 0x00, 0x01, 0x00, 0x00, 0x01, 0x2A, 0x8D, 0x88,
    0x6C, 0x53, 0xFF, 0xE7, 0x3D, 0xFB, 0xF7, 0xDF, 0xFF, 0xE7, 0x7E, 0xFF,
    0xDF, 0x5E, 0xFF, 0xDF, 0x5E, 0xFF, 0xE7, 0x7E, 0xFF, 0xDF, 0x3D, 0xFF,
    0xCE, 0xFD, 0xFF, 0x95, 0xB9, 0xFF, 0x54, 0x34, 0xFF, 0xBE, 0xBD, 0xFF,
    0xBE, 0xBD, 0xFF, 0xBE, 0xDD, 0xFF, 0xC6, 0xDD, 0xFF, 0xC6, 0xDD, 0xFF,
    0xBE, 0xDD, 0xFF, 0xBE, 0xBD, 0xFC, 0x85, 0x79, 0xFF, 0x33, 0x10, 0xD9,
    0x11, 0xEA, 0x20, 0x00, 0x00, 0x00, 0x03, 0xEF, 0x02, 0x00, 0x00, 0x00,
    0x00, 0x00, 0x00, 0x00, 0x00, 0x00, 0x00, 0x00, 0x00, 0x00, 0x00, 0x00,
    0x00, 0x00, 0x00, 0x00, 0x00, 0x00, 0x00, 0x00, 0x00, 0x00, 0x00, 0x00,
    0x00, 0x00, 0x01, 0x00, 0x00, 0x00, 0x11, 0xCB, 0x43, 0x5B, 0xD1, 0xF8,
    0xE7, 0x7E, 0xFE, 0xE7, 0x9E, 0xFF, 0xCE, 0xFC, 0xFF, 0xCF, 0x1D, 0xFF,
    0xCF, 0x1D, 0xFF, 0xCE, 0xFD, 0xFF, 0xC6, 0xDC, 0xFF, 0xBE, 0x9C, 0xFF,
    0xB6, 0x9D, 0xFF, 0x6C, 0xD6, 0xFF, 0x5C, 0x55, 0xFF, 0xB6, 0x7C, 0xFF,
    0xBE, 0xBD, 0xFF, 0xBE, 0xDD, 0xFF, 0xC6, 0xDD, 0xFF, 0xC6, 0xDD, 0xFF,
    0xBE, 0xBD, 0xFF, 0xBE, 0xDD, 0xFB, 0x75, 0x18, 0xFF, 0x22, 0x8D, 0x96,
    0x52, 0xAA, 0x03, 0x00, 0x00, 0x00, 0x00, 0x00, 0x01, 0x00, 0x00, 0x00,
    0x00, 0x00, 0x00, 0x00, 0x00, 0x00, 0x00, 0x00, 0x00, 0x00, 0x00, 0x00,
    0x00, 0x00, 0x00, 0x00, 0x00, 0x00, 0x00, 0x00, 0x00, 0x00, 0x00, 0x00,
    0x00, 0x00, 0x00, 0x00, 0x00, 0x01, 0x32, 0xCE, 0xC5, 0xBE, 0x5A, 0xFF,
    0xEF, 0xBF, 0xFE, 0xCE, 0xFD, 0xFF, 0xC6, 0xFD, 0xFF, 0xB6, 0x9C, 0xFF,
    0xB6, 0x7C, 0xFF, 0xAE, 0x7C, 0xFF, 0xAE, 0x7C, 0xFF, 0xA6, 0x5C, 0xFF,
    0x75, 0x18, 0xFF, 0x33, 0x72, 0xFF, 0x85, 0x59, 0xFF, 0xAE, 0x7C, 0xFF,
    0xBE, 0xBD, 0xFF, 0xBE, 0xBD, 0xFF, 0xBE, 0xDD, 0xFF, 0xBE, 0xDD, 0xFF,
    0xBE, 0xBD, 0xFF, 0xBE, 0xDE, 0xF9, 0x6C, 0xF7, 0xFF, 0x12, 0x2C, 0x84,
    0x00, 0x00, 0x00, 0x03, 0xEF, 0x02, 0x00, 0x00, 0x00, 0x00, 0x00, 0x00,
    0x00, 0x00, 0x00, 0x00, 0x00, 0x00, 0x00, 0x00, 0x00, 0x00, 0x00, 0x00,
    0x00, 0x00, 0x00, 0x00, 0x00, 0x00, 0x00, 0x00, 0x00, 0x00, 0x00, 0x01,
    0x00, 0x00, 0x00, 0x01, 0x49, 0x2A, 0x53, 0x90, 0xFC, 0xF7, 0xDF, 0xFE,
    0xCE, 0xFD, 0xFF, 0xCE, 0xFD, 0xFF, 0xBE, 0xBD, 0xFF, 0xAE, 0x5C, 0xFF,
    0x95, 0xBA, 0xFF, 0x74, 0xF7, 0xFF, 0x64, 0xB6, 0xFF, 0x43, 0xF3, 0xFF,
    0x3B, 0xB3, 0xFF, 0x6C, 0xF8, 0xFF, 0x95, 0xFB, 0xFF, 0xAE, 0x5C, 0xFF,
    0xBE, 0xBD, 0xFF, 0xBE, 0xBD, 0xFF, 0xBE, 0xDD, 0xFF, 0xBE, 0xDD, 0xFF,
    0xBE, 0xBD, 0xFF, 0xB6, 0x9D, 0xF9, 0x64, 0xD7, 0xFF, 0x12, 0x0B, 0x78,
    0x00, 0x00, 0x00, 0x39, 0xEF, 0x04, 0x00, 0x00, 0x00, 0x00, 0x00, 0x00,
    0x00, 0x00, 0x00, 0x00, 0x00, 0x00, 0x00, 0x00, 0x00, 0x00, 0x00, 0x00,
    0x00, 0x00, 0x00, 0x00, 0x00, 0x00, 0x00, 0x00, 0x00, 0x00, 0x1F, 0x01,
    0x00, 0x00, 0x00, 0x12, 0x0C, 0x59, 0x74, 0x73, 0xFE, 0xF7, 0xDF, 0xFF,
    0xC6, 0xDD, 0xFF, 0xC6, 0xDD, 0xFF, 0xBE, 0xBD, 0xFF, 0xAE, 0x7C, 0xFF,
    0x5C, 0x55, 0xFF, 0x33, 0x51, 0xFF, 0x22, 0xF0, 0xFF, 0x4C, 0x34, 0xFF,
    0x85, 0x79, 0xFF, 0x8D, 0xDA, 0xFF, 0x9D, 0xFB, 0xFF, 0xAE, 0x7C, 0xFF,
    0xB6, 0x9C, 0xFF, 0xBE, 0xBD, 0xFF, 0xBE, 0xBD, 0xFF, 0xBE, 0xDD, 0xFF,
    0xB6, 0xBD, 0xFF, 0xAE, 0x7D, 0xF9, 0x64, 0x96, 0xFF, 0x12, 0x0B, 0x6E,
    0x00, 0x00, 0x00, 0x33, 0x2C, 0x05, 0x00, 0x00, 0x00, 0x00, 0x00, 0x00,
    0x00, 0x00, 0x00, 0x00, 0x00, 0x00, 0x00, 0x00, 0x00, 0x00, 0x00, 0x00,
    0x00, 0x00, 0x00, 0x00, 0x00, 0x00, 0x00, 0x00, 0x00, 0x00, 0x1F, 0x01,
    0x00, 0x00, 0x00, 0x1A, 0x2D, 0x66, 0x7C, 0xB5, 0xFE, 0xE7, 0x9F, 0xFF,
    0xBE, 0xBD, 0xFF, 0xBE, 0xBD, 0xFF, 0xBE, 0xBD, 0xFF, 0x95, 0xDA, 0xFF,
    0x43, 0xB3, 0xFF, 0x85, 0x9A, 0xFF, 0x6C, 0xF8, 0xFF, 0x3B, 0x72, 0xFF,
    0x6C, 0xF7, 0xFF, 0x95, 0xFB, 0xFF, 0xA6, 0x3B, 0xFF, 0xAE, 0x7C, 0xFF,
    0xB6, 0x9C, 0xFF, 0xB6, 0xBD, 0xFF, 0xBE, 0xBD, 0xFF, 0xBE, 0xBD, 0xFF,
    0xB6, 0x9D, 0xFE, 0x9E, 0x1C, 0xFB, 0x5C, 0x55, 0xFF, 0x12, 0x0B, 0x5E,
    0x00, 0x00, 0x00, 0x33, 0x2C, 0x05, 0x00, 0x00, 0x00, 0x00, 0x00, 0x00,
    0x00, 0x00, 0x00, 0x00, 0x00, 0x00, 0x00, 0x00, 0x00, 0x00, 0x00, 0x00,
    0x00, 0x00, 0x00, 0x00, 0x00, 0x00, 0x00, 0x00, 0x00, 0x00, 0x1F, 0x01,
    0x00, 0x00, 0x00, 0x11, 0xCC, 0x52, 0x64, 0x13, 0xFE, 0xDF, 0x9F, 0xFF,
    0xB6, 0x9D, 0xFF, 0xBE, 0xBD, 0xFF, 0xB6, 0xBD, 0xFF, 0xA6, 0x1B, 0xFF,
    0xA6, 0x3B, 0xFF, 0xAE, 0x7C, 0xFF, 0xAE, 0x9D, 0xFF, 0x85, 0x79, 0xFF,
    0x43, 0x92, 0xFF, 0x95, 0xBA, 0xFF, 0xAE, 0x7C, 0xFF, 0xAE, 0x7C, 0xFF,
    0xB6, 0x9C, 0xFF, 0xB6, 0xBD, 0xFF, 0xB6, 0xBD, 0xFF, 0xB6, 0x9D, 0xFF,
    0xAE, 0x7C, 0xFE, 0x95, 0xDB, 0xFE, 0x4B, 0xD2, 0xFA, 0x12, 0x2B, 0x4C,
    0x00, 0x00, 0x00, 0x39, 0xEF, 0x04, 0x00, 0x00, 0x00, 0x00, 0x00, 0x00,
    0x00, 0x00, 0x00, 0x00, 0x00, 0x00, 0x00, 0x00, 0x00, 0x00, 0x00, 0x00,
    0x00, 0x00, 0x00, 0x00, 0x00, 0x00, 0x00, 0x00, 0x00, 0x00, 0x00, 0x01,
    0x00, 0x00, 0x00, 0x00, 0xC6, 0x1C, 0x3B, 0x2F, 0xF7, 0xCF, 0x1E, 0xFF,
    0xB6, 0x9C, 0xFF, 0xB6, 0x9D, 0xFF, 0xB6, 0x9C, 0xFF, 0xB6, 0xBD, 0xFF,
    0xB6, 0xBD, 0xFF, 0xBE, 0xBD, 0xFF, 0xB6, 0x9C, 0xFF, 0xC6, 0xFE, 0xFF,
    0x54, 0x14, 0xFF, 0x7D, 0x38, 0xFF, 0xB6, 0x9D, 0xFF, 0xB6, 0x9C, 0xFF,
    0xB6, 0x9C, 0xFF, 0xB6, 0xBD, 0xFF, 0xB6, 0x9D, 0xFF, 0xB6, 0x7D, 0xFF,
    0xA6, 0x3C, 0xFD, 0x85, 0x9A, 0xFF, 0x33, 0x50, 0xDC, 0x22, 0x6B, 0x2E,
    0x00, 0x00, 0x00, 0x52, 0xB5, 0x03, 0x00, 0x00, 0x00, 0x00, 0x00, 0x00,
    0x00, 0x00, 0x00, 0x00, 0x00, 0x00, 0x00, 0x00, 0x00, 0x00, 0x00, 0x00,
    0x00, 0x00, 0x00, 0x00, 0x00, 0x00, 0x00, 0x00, 0x00, 0x00, 0x00, 0x00,
    0x00, 0x00, 0x00, 0x00, 0x00, 0x00, 0x22, 0x6C, 0xB4, 0x85, 0x38, 0xFF,
    0xC6, 0xFE, 0xFE, 0xAE, 0x5C, 0xFF, 0xB6, 0x9D, 0xFF, 0xB6, 0x9C, 0xFF,
    0xB6, 0x9C, 0xFF, 0xB6, 0x9C, 0xFF, 0xB6, 0x9C, 0xFF, 0xBE, 0xDD, 0xFF,
    0x8D, 0x79, 0xFF, 0x85, 0x58, 0xFF, 0xB6, 0x9C, 0xFF, 0xB6, 0x9C, 0xFF,
    0xB6, 0x9C, 0xFF, 0xB6, 0x9D, 0xFF, 0xB6, 0x9D, 0xFF, 0xA6, 0x3C, 0xFF,
    0x9E, 0x1C, 0xFB, 0x75, 0x18, 0xFF, 0x1A, 0x4C, 0xB1, 0x1A, 0xAA, 0x09,
    0x7B, 0xEF, 0x02, 0x00, 0x00, 0x01, 0x00, 0x00, 0x00, 0x00, 0x00, 0x00,
    0x00, 0x00, 0x00, 0x00, 0x00, 0x00, 0x00, 0x00, 0x00, 0x00, 0x00, 0x00,
    0x00, 0x00, 0x00, 0x00, 0x00, 0x00, 0x00, 0x00, 0x00, 0x00, 0x00, 0x00,
    0x00, 0x00, 0x01, 0x00, 0x00, 0x00, 0x09, 0x89, 0x38, 0x3B, 0x10, 0xFA,
    0xA6, 0x1B, 0xFF, 0xAE, 0x7C, 0xFE, 0xAE, 0x5C, 0xFF, 0xB6, 0x9D, 0xFF,
    0xB6, 0x9C, 0xFF, 0xB6, 0x9C, 0xFF, 0xB6, 0x9C, 0xFF, 0xB6, 0x9C, 0xFF,
    0xB6, 0x9C, 0xFF, 0xB6, 0x7C, 0xFF, 0xB6, 0x9C, 0xFF, 0xB6, 0x9C, 0xFF,
    0xB6, 0x9D, 0xFF, 0xB6, 0x9D, 0xFF, 0xAE, 0x5C, 0xFF, 0x9E, 0x1B, 0xFE,
    0x8D, 0xDB, 0xFE, 0x43, 0x72, 0xFA, 0x11, 0xEA, 0x66, 0x00, 0x00, 0x00,
    0x01, 0x8C, 0x05, 0x00, 0x00, 0x00, 0x00, 0x00, 0x00, 0x00, 0x00, 0x00,
    0x00, 0x00, 0x00, 0x00, 0x00, 0x00, 0x00, 0x00, 0x00, 0x00, 0x00, 0x00,
    0x00, 0x00, 0x00, 0x00, 0x00, 0x00, 0x00, 0x00, 0x00, 0x00, 0x00, 0x00,
    0x00, 0x00, 0x00, 0x00, 0x00, 0x01, 0x00, 0x00, 0x00, 0x09, 0xCA, 0x72,
    0x43, 0x71, 0xFF, 0x9D, 0xFB, 0xFF, 0xAE, 0x7C, 0xFF, 0xAE, 0x7C, 0xFF,
    0xAE, 0x7C, 0xFF, 0xAE, 0x7C, 0xFF, 0xB6, 0x7C, 0xFF, 0xB6, 0x7C, 0xFF,
    0xB6, 0x9C, 0xFF, 0xB6, 0x9C, 0xFF, 0xB6, 0x7C, 0xFF, 0xAE, 0x7C, 0xFF,
    0xAE, 0x7C, 0xFF, 0xA6, 0x3C, 0xFF, 0x9E, 0x1B, 0xFF, 0x96, 0x1B, 0xFD,
    0x64, 0x96, 0xFF, 0x1A, 0x4C, 0xBB, 0x2A, 0xAA, 0x06, 0x03, 0xEF, 0x02,
    0x00, 0x00, 0x01, 0x00, 0x00, 0x00, 0x00, 0x00, 0x00, 0x00, 0x00, 0x00,
    0x00, 0x00, 0x00, 0x00, 0x00, 0x00, 0x00, 0x00, 0x00, 0x00, 0x00, 0x00,
    0x00, 0x00, 0x00, 0x00, 0x00, 0x00, 0x00, 0x00, 0x00, 0x00, 0x00, 0x00,
    0x00, 0x00, 0x00, 0x00, 0x00, 0x01, 0x00, 0x00, 0x00, 0x00, 0x00, 0x00,
    0x12, 0x0B, 0x76, 0x33, 0x10, 0xF0, 0x6C, 0xD7, 0xFE, 0x8D, 0x9A, 0xFF,
    0x9E, 0x1B, 0xFF, 0xA6, 0x3C, 0xFF, 0xA6, 0x5C, 0xFF, 0xA6, 0x5C, 0xFF,
    0xA6, 0x5C, 0xFF, 0xA6, 0x5C, 0xFF, 0xA6, 0x3C, 0xFF, 0xA6, 0x3B, 0xFF,
    0x9D, 0xFB, 0xFF, 0x95, 0xFB, 0xFF, 0x85, 0x7A, 0xFE, 0x54, 0x35, 0xFF,
    0x1A, 0x6E, 0xCF, 0x01, 0xE9, 0x22, 0x00, 0x00, 0x00, 0x00, 0x0F, 0x02,
    0x00, 0x00, 0x00, 0x00, 0x00, 0x00, 0x00, 0x00, 0x00, 0x00, 0x00, 0x00,
    0x00, 0x00, 0x00, 0x00, 0x00, 0x00, 0x00, 0x00, 0x00, 0x00, 0x00, 0x00,
    0x00, 0x00, 0x00, 0x00, 0x00, 0x00, 0x00, 0x00, 0x00, 0x00, 0x00, 0x00,
    0x00, 0x00, 0x00, 0x00, 0x00, 0x00, 0x00, 0x00, 0x00, 0x02, 0xB5, 0x03,
    0x00, 0x00, 0x00, 0x12, 0x2C, 0x69, 0x2A, 0xCF, 0xFB, 0x43, 0xB3, 0xFF,
    0x7D, 0x79, 0xFE, 0x95, 0xFB, 0xFF, 0x95, 0xFB, 0xFF, 0x9E, 0x1B, 0xFF,
    0x9E, 0x1B, 0xFF, 0x9E, 0x1B, 0xFF, 0x9E, 0x1B, 0xFF, 0x95, 0xFB, 0xFF,
    0x95, 0xFB, 0xFF, 0x8D, 0xDB, 0xFF, 0x4C, 0x14, 0xFF, 0x1A, 0xCF, 0xFC,
    0x1A, 0x6C, 0x52, 0x00, 0x00, 0x00, 0x00, 0x1F, 0x01, 0x00, 0x00, 0x00,
    0x00, 0x00, 0x00, 0x00, 0x00, 0x00, 0x00, 0x00, 0x00, 0x00, 0x00, 0x00,
    0x00, 0x00, 0x00, 0x00, 0x00, 0x00, 0x00, 0x00, 0x00, 0x00, 0x00, 0x00,
    0x00, 0x00, 0x00, 0x00, 0x00, 0x00, 0x00, 0x00, 0x00, 0x00, 0x00, 0x00,
    0x00, 0x00, 0x00, 0x00, 0x00, 0x00, 0x00, 0x00, 0x00, 0x01, 0xEF, 0x04,
    0x00, 0x1F, 0x01, 0x09, 0xAA, 0x47, 0x43, 0xB2, 0xF1, 0x9E, 0x5D, 0xFA,
    0x96, 0x1C, 0xFA, 0x96, 0x1B, 0xFD, 0x95, 0xFB, 0xFE, 0x96, 0x1B, 0xFE,
    0x96, 0x1B, 0xFE, 0x95, 0xFB, 0xFE, 0x95, 0xFB, 0xFE, 0x95, 0xFB, 0xFE,
    0x95, 0xFB, 0xFD, 0x96, 0x1B, 0xFC, 0x95, 0xFC, 0xFA, 0x3B, 0x71, 0xFF,
    0x09, 0xEA, 0x47, 0x00, 0x00, 0x01, 0x00, 0x00, 0x01, 0x00, 0x00, 0x00,
    0x00, 0x00, 0x00, 0x00, 0x00, 0x00, 0x00, 0x00, 0x00, 0x00, 0x00, 0x00,
    0x00, 0x00, 0x00, 0x00, 0x00, 0x00, 0x00, 0x00, 0x00, 0x00, 0x00, 0x00,
    0x00, 0x00, 0x00, 0x00, 0x00, 0x00, 0x00, 0x00, 0x00, 0x00, 0x00, 0x00,
    0x00, 0x00, 0x00, 0x00, 0x00, 0x00, 0x00, 0x00, 0x00, 0x00, 0x00, 0x01,
    0x03, 0xEF, 0x02, 0x1A, 0x0B, 0x13, 0x1A, 0x4C, 0xB7, 0x5C, 0x55, 0xFF,
    0x6D, 0x18, 0xFF, 0x7D, 0x59, 0xFF, 0x85, 0x9A, 0xFF, 0x8D, 0xBA, 0xFF,
    0x8D, 0xBB, 0xFE, 0x8D, 0xBB, 0xFE, 0x85, 0x9A, 0xFF, 0x7D, 0x79, 0xFF,
    0x75, 0x18, 0xFF, 0x6C, 0xD7, 0xFF, 0x4C, 0x14, 0xFF, 0x1A, 0x6D, 0xC4,
    0x01, 0x29, 0x0E, 0x00, 0x00, 0x00, 0x00, 0x00, 0x00, 0x00, 0x00, 0x00,
    0x00, 0x00, 0x00, 0x00, 0x00, 0x00, 0x00, 0x00, 0x00, 0x00, 0x00, 0x00,
    0x00, 0x00, 0x00, 0x00, 0x00, 0x00, 0x00, 0x00, 0x00, 0x00, 0x00, 0x00,
    0x00, 0x00, 0x00, 0x00, 0x00, 0x00, 0x00, 0x00, 0x00, 0x00, 0x00, 0x00,
    0x00, 0x00, 0x00, 0x00, 0x00, 0x00, 0x00, 0x00, 0x00, 0x00, 0x00, 0x00,
    0x00, 0x00, 0x01, 0x00, 0x00, 0x00, 0x1A, 0x0B, 0x1B, 0x09, 0xCA, 0x6C,
    0x22, 0xAE, 0xAB, 0x2A, 0xEF, 0xCD, 0x2B, 0x10, 0xE5, 0x33, 0x31, 0xF5,
    0x33, 0x31, 0xFA, 0x33, 0x31, 0xF9, 0x33, 0x30, 0xF5, 0x33, 0x10, 0xE3,
    0x2A, 0xCF, 0xCD, 0x22, 0x8E, 0xAE, 0x12, 0x0B, 0x6D, 0x12, 0x2B, 0x19,
    0x00, 0x00, 0x00, 0x00, 0x00, 0x00, 0x00, 0x00, 0x00, 0x00, 0x00, 0x00,
    0x00, 0x00, 0x00, 0x00, 0x00, 0x00, 0x00, 0x00, 0x00, 0x00, 0x00, 0x00,
    0x00, 0x00, 0x00, 0x00, 0x00, 0x00, 0x00, 0x00, 0x00, 0x00, 0x00, 0x00,
    0x00, 0x00, 0x00, 0x00, 0x00, 0x00, 0x00, 0x00, 0x00, 0x00, 0x00, 0x00,
    0x00, 0x00, 0x00, 0x00, 0x00, 0x00, 0x00, 0x00, 0x00, 0x00, 0x00, 0x00,
    0x00, 0x00, 0x00, 0x00, 0x00, 0x01, 0x00, 0x00, 0x00, 0x00, 0x00, 0x00,
    0x00, 0xE7, 0x09, 0x00, 0xE7, 0x12, 0x00, 0xE7, 0x18, 0x01, 0x29, 0x1C,
    0x01, 0x08, 0x1F, 0x01, 0x48, 0x1F, 0x01, 0x48, 0x1D, 0x01, 0x68, 0x17,
    0x01, 0x48, 0x12, 0x01, 0x89, 0x0A, 0x00, 0x00, 0x00, 0x00, 0x00, 0x00,
    0x00, 0x00, 0x01, 0x00, 0x00, 0x00, 0x00, 0x00, 0x00, 0x00, 0x00, 0x00,
    0x00, 0x00, 0x00, 0x00, 0x00, 0x00, 0x00, 0x00, 0x00, 0x00, 0x00, 0x00,
    0x00, 0x00, 0x00, 0x00, 0x00, 0x00, 0x00, 0x00, 0x00, 0x00, 0x00, 0x00,
};

const lv_img_dsc_t img_gesture_4 = {
    .header.cf = LV_IMG_CF_TRUE_COLOR_ALPHA,
    .header.always_zero = 0,
    .header.reserved = 0,
    .header.w = 36,
    .header.h = 36,
    .data_size = 3888,
    .data = img_gesture_4_data,
};

/* gesture: 5 (36x36) */
static const uint8_t img_gesture_5_data[3888] = {
    0x00, 0x00, 0x00, 0x00, 0x00, 0x00, 0x00, 0x00, 0x00, 0x00, 0x00, 0x00,
    0x00, 0x00, 0x00, 0x00, 0x00, 0x00, 0x00, 0x00, 0x00, 0x00, 0x00, 0x00,
    0x00, 0x00, 0x00, 0x00, 0x00, 0x00, 0x00, 0x00, 0x00, 0x00, 0x00, 0x00,
    0x00, 0x00, 0x00, 0x00, 0x00, 0x00, 0x00, 0x00, 0x00, 0x07, 0xFF, 0x01,
    0x00, 0x00, 0x00, 0xFF, 0xFF, 0x01, 0x02, 0x2A, 0x0F, 0x02, 0xAA, 0x06,
    0x00, 0x00, 0x00, 0x00, 0x00, 0x01, 0x00, 0x00, 0x00, 0x00, 0x00, 0x00,
    0x00, 0x00, 0x00, 0x00, 0x00, 0x00, 0x00, 0x00, 0x00, 0x00, 0x00, 0x00,
    0x00, 0x00, 0x00, 0x00, 0x00, 0x00, 0x00, 0x00, 0x00, 0x00, 0x00, 0x00,
    0x00, 0x00, 0x00, 0x00, 0x00, 0x00, 0x00, 0x00, 0x00, 0x00, 0x00, 0x00,
    0x00, 0x00, 0x00, 0x00, 0x00, 0x00, 0x00, 0x00, 0x00, 0x00, 0x00, 0x00,
    0x00, 0x00, 0x00, 0x00, 0x00, 0x00, 0x00, 0x00, 0x00, 0x00, 0x00, 0x00,
    0x00, 0x00, 0x00, 0x7B, 0xEF, 0x02, 0x52, 0xB5, 0x03, 0x00, 0x00, 0x01,
    0x00, 0x00, 0x00, 0x00, 0x00, 0x00, 0x00, 0x1F, 0x01, 0x00, 0x00, 0x00,
    0x33, 0x2E, 0x21, 0x3B, 0x2F, 0x8A, 0x53, 0xF2, 0xBE, 0x4B, 0xF2, 0x9F,
    0x33, 0x4F, 0x39, 0x00, 0x00, 0x00, 0x07, 0xFF, 0x01, 0x00, 0x00, 0x00,
    0x00, 0x00, 0x00, 0x00, 0x1F, 0x01, 0x3B, 0xEF, 0x04, 0x52, 0xB5, 0x03,
    0x00, 0x00, 0x01, 0x00, 0x00, 0x00, 0x00, 0x00, 0x00, 0x00, 0x00, 0x00,
    0x00, 0x00, 0x00, 0x00, 0x00, 0x00, 0x00, 0x00, 0x00, 0x00, 0x00, 0x00,
    0x00, 0x00, 0x00, 0x00, 0x00, 0x00, 0x00, 0x00, 0x00, 0x00, 0x00, 0x00,
    0x00, 0x00, 0x00, 0x00, 0x00, 0x00, 0x00, 0x00, 0x00, 0x00, 0x00, 0x01,
    0x52, 0xAA, 0x03, 0x00, 0x00, 0x00, 0x00, 0x00, 0x00, 0x7B, 0xEF, 0x02,
    0x07, 0xFF, 0x01, 0x00, 0x1F, 0x01, 0x7B, 0xEF, 0x02, 0x4B, 0x70, 0x15,
    0x4B, 0x70, 0xC2, 0x9D, 0xB8, 0xFF, 0xBE, 0x9B, 0xFF, 0x95, 0xD9, 0xFF,
    0x53, 0xF2, 0xE3, 0x3B, 0x4F, 0x2C, 0x00, 0x00, 0x00, 0x55, 0x55, 0x03,
    0x03, 0xEF, 0x02, 0x00, 0x00, 0x00, 0x00, 0x00, 0x00, 0x00, 0x00, 0x00,
    0x7B, 0xEF, 0x02, 0x00, 0x00, 0x01, 0x00, 0x00, 0x00, 0x00, 0x00, 0x00,
    0x00, 0x00, 0x00, 0x00, 0x00, 0x00, 0x00, 0x00, 0x00, 0x00, 0x00, 0x00,
    0x00, 0x00, 0x00, 0x00, 0x00, 0x00, 0x00, 0x00, 0x00, 0x00, 0x00, 0x00,
    0x00, 0x00, 0x00, 0x00, 0x00, 0x00, 0x00, 0x1F, 0x01, 0x00, 0x00, 0x00,
    0x00, 0x00, 0x00, 0x32, 0xEF, 0x28, 0x2A, 0xCF, 0x35, 0x00, 0x00, 0x00,
    0x00, 0x00, 0x00, 0x53, 0xEF, 0x06, 0x00, 0x00, 0x00, 0x32, 0xEE, 0x69,
    0x85, 0x16, 0xFB, 0xFF, 0xFF, 0xF9, 0xEF, 0x9E, 0xFC, 0xCF, 0x3E, 0xF7,
    0x7D, 0x58, 0xFF, 0x32, 0xEE, 0x7F, 0x00, 0x00, 0x00, 0x55, 0x55, 0x03,
    0x00, 0x00, 0x00, 0x3A, 0xF3, 0x08, 0x32, 0xEF, 0x45, 0x33, 0x2F, 0x39,
    0x00, 0x00, 0x00, 0x00, 0x00, 0x00, 0x00, 0x00, 0x01, 0x00, 0x00, 0x00,
    0x00, 0x00, 0x00, 0x00, 0x00, 0x00, 0x00, 0x00, 0x00, 0x00, 0x00, 0x00,
    0x00, 0x00, 0x00, 0x00, 0x00, 0x00, 0x00, 0x00, 0x00, 0x00, 0x00, 0x00,
    0x00, 0x00, 0x00, 0x03, 0xEF, 0x02, 0x00, 0x00, 0x00, 0x3B, 0xAE, 0x0D,
    0x3B, 0x0F, 0x91, 0x5C, 0x13, 0xDD, 0x64, 0x53, 0xE3, 0x3B, 0x70, 0xBA,
    0x3B, 0x4F, 0x24, 0x07, 0xE0, 0x01, 0x00, 0x00, 0x00, 0x22, 0xAE, 0x97,
    0xB6, 0x7A, 0xFF, 0xFF, 0xFF, 0xFA, 0xE7, 0x7E, 0xFF, 0xCE, 0xFE, 0xFB,
    0x8D, 0xBA, 0xFD, 0x33, 0x2F, 0xA3, 0x4C, 0x8D, 0x07, 0x00, 0x00, 0x00,
    0x33, 0x0E, 0x27, 0x43, 0x50, 0xC4, 0x6C, 0x94, 0xEB, 0x5C, 0x53, 0xE6,
    0x3B, 0x70, 0xA7, 0x3B, 0xB1, 0x0D, 0x00, 0x00, 0x00, 0x00, 0x00, 0x01,
    0x00, 0x00, 0x00, 0x00, 0x00, 0x00, 0x00, 0x00, 0x00, 0x00, 0x00, 0x00,
    0x00, 0x00, 0x00, 0x00, 0x00, 0x00, 0x00, 0x00, 0x00, 0x00, 0x00, 0x00,
    0x00, 0x00, 0x00, 0x00, 0x00, 0x00, 0x00, 0x00, 0x00, 0x2A, 0xAD, 0x69,
    0x85, 0x16, 0xFF, 0xDF, 0x5E, 0xFF, 0xBE, 0xDD, 0xFF, 0x85, 0x79, 0xFF,
    0x43, 0x70, 0xC3, 0x31, 0x8C, 0x05, 0x00, 0x00, 0x00, 0x1A, 0x8E, 0xA4,
    0xBE, 0xBB, 0xFF, 0xF7, 0xFF, 0xFA, 0xDF, 0x5D, 0xFF, 0xCF, 0x1E, 0xFB,
    0x8D, 0xDA, 0xFF, 0x43, 0x91, 0xB6, 0x53, 0xB3, 0x0F, 0x00, 0x00, 0x01,
    0x43, 0x50, 0xC4, 0xAE, 0x19, 0xFF, 0xE7, 0x9E, 0xFF, 0xC6, 0xDD, 0xFF,
    0x64, 0xB5, 0xFF, 0x33, 0x2F, 0x67, 0x00, 0x00, 0x00, 0x00, 0x00, 0x00,
    0x00, 0x00, 0x00, 0x00, 0x00, 0x00, 0x00, 0x00, 0x00, 0x00, 0x00, 0x00,
    0x00, 0x00, 0x00, 0x00, 0x00, 0x00, 0x00, 0x00, 0x00, 0x00, 0x00, 0x00,
    0x00, 0x00, 0x01, 0x00, 0x00, 0x00, 0x01, 0xEB, 0x08, 0x4B, 0x70, 0xAC,
    0xBE, 0x7A, 0xFF, 0xFF, 0xFF, 0xFA, 0xD7, 0x3D, 0xFC, 0xB6, 0xBD, 0xFD,
    0x5C, 0x54, 0xFD, 0x33, 0x2E, 0x61, 0x00, 0x00, 0x00, 0x1A, 0x8D, 0xAB,
    0xC6, 0xDC, 0xFF, 0xEF, 0xBE, 0xFB, 0xD7, 0x3D, 0xFF, 0xCF, 0x1E, 0xFB,
    0x8D, 0xDA, 0xFF, 0x4B, 0xB2, 0xBA, 0x6B, 0xF7, 0x0C, 0x2A, 0xCE, 0x54,
    0x6C, 0x74, 0xFF, 0xFF, 0xFF, 0xFD, 0xEF, 0x9E, 0xFE, 0xC6, 0xFE, 0xFC,
    0x85, 0x78, 0xFE, 0x43, 0x70, 0xA8, 0x00, 0x00, 0x00, 0x00, 0x00, 0x00,
    0x00, 0x00, 0x00, 0x00, 0x00, 0x00, 0x00, 0x00, 0x00, 0x00, 0x00, 0x00,
    0x00, 0x00, 0x00, 0x00, 0x00, 0x00, 0x00, 0x00, 0x00, 0x00, 0x00, 0x00,
    0x00, 0x00, 0x01, 0x00, 0x00, 0x00, 0x01, 0x8C, 0x0A, 0x4B, 0xB1, 0xB2,
    0xC6, 0x9A, 0xFF, 0xFF, 0xFF, 0xFC, 0xDF, 0x5D, 0xFF, 0xBE, 0xBD, 0xFD,
    0x8D, 0xB9, 0xFF, 0x3B, 0x2F, 0xB5, 0x00, 0x00, 0x00, 0x22, 0x8E, 0xAC,
    0xC6, 0xDC, 0xFF, 0xEF, 0xBE, 0xFB, 0xD7, 0x3D, 0xFF, 0xCF, 0x1E, 0xFB,
    0x8D, 0xBA, 0xFF, 0x43, 0x91, 0xB8, 0x7D, 0xFF, 0x04, 0x3B, 0x10, 0xB6,
    0xBE, 0x5A, 0xFF, 0xF7, 0xDF, 0xFF, 0xDF, 0x5E, 0xFF, 0xBE, 0xBD, 0xFE,
    0x7D, 0x58, 0xFF, 0x3B, 0x50, 0xA4, 0x00, 0x00, 0x00, 0x00, 0x00, 0x00,
    0x00, 0x00, 0x00, 0x00, 0x00, 0x00, 0x00, 0x00, 0x00, 0x00, 0x00, 0x00,
    0x00, 0x00, 0x00, 0x00, 0x00, 0x00, 0x00, 0x00, 0x00, 0x00, 0x00, 0x00,
    0x00, 0x00, 0x01, 0x00, 0x00, 0x00, 0x55, 0x55, 0x03, 0x3B, 0x0F, 0x94,
    0xAE, 0x19, 0xFE, 0xFF, 0xFF, 0xFC, 0xDF, 0x3D, 0xFF, 0xCE, 0xFD, 0xFD,
    0xAE, 0x5C, 0xFF, 0x43, 0x91, 0xE3, 0x4B, 0xD1, 0x21, 0x22, 0x6E, 0xA0,
    0xBE, 0xDC, 0xFF, 0xE7, 0xBF, 0xFA, 0xD7, 0x1D, 0xFF, 0xCF, 0x1E, 0xFB,
    0x8D, 0xBA, 0xFF, 0x3B, 0x50, 0xA9, 0x2A, 0x6D, 0x24, 0x53, 0x91, 0xE5,
    0xEF, 0xBE, 0xFF, 0xDF, 0x5D, 0xFE, 0xCE, 0xFD, 0xFF, 0xBE, 0xDD, 0xFD,
    0x6C, 0xB6, 0xFE, 0x32, 0xEE, 0x75, 0x00, 0x1F, 0x01, 0x33, 0x2C, 0x05,
    0x2A, 0xAF, 0x06, 0x52, 0xB5, 0x03, 0x00, 0x00, 0x00, 0x00, 0x00, 0x00,
    0x00, 0x00, 0x00, 0x00, 0x00, 0x00, 0x00, 0x00, 0x00, 0x00, 0x00, 0x00,
    0x00, 0x00, 0x00, 0xFF, 0xFF, 0x01, 0x00, 0x00, 0x00, 0x1A, 0x2C, 0x60,
    0x95, 0x77, 0xFF, 0xF7, 0xFF, 0xFA, 0xD7, 0x1D, 0xFF, 0xD7, 0x1D, 0xFF,
    0xB6, 0x7C, 0xFE, 0x6C, 0x95, 0xFC, 0x3B, 0x4F, 0x66, 0x22, 0x6D, 0x92,
    0xBE, 0xBC, 0xFF, 0xE7, 0x9E, 0xFB, 0xCF, 0x1D, 0xFF, 0xCF, 0x1E, 0xFA,
    0x85, 0x9A, 0xFF, 0x3B, 0x50, 0x97, 0x32, 0xCE, 0x75, 0x84, 0xF6, 0xF9,
    0xE7, 0x9E, 0xFF, 0xDF, 0x3D, 0xFF, 0xC6, 0xDD, 0xFE, 0xAE, 0x7C, 0xFE,
    0x5C, 0x13, 0xFF, 0x2A, 0x8C, 0x36, 0x00, 0x00, 0x00, 0x00, 0x00, 0x00,
    0x00, 0x00, 0x00, 0x00, 0x00, 0x00, 0x00, 0x00, 0x00, 0x00, 0x00, 0x00,
    0x00, 0x00, 0x00, 0x00, 0x00, 0x00, 0x00, 0x00, 0x00, 0x00, 0x00, 0x00,
    0x00, 0x00, 0x00, 0x7B, 0xEF, 0x02, 0x00, 0x00, 0x00, 0x12, 0x2D, 0x33,
    0x6C, 0x53, 0xF1, 0xDF, 0x3D, 0xFE, 0xDF, 0x5E, 0xFE, 0xD7, 0x1D, 0xFF,
    0xC6, 0xDD, 0xFB, 0x8D, 0xBA, 0xFF, 0x33, 0x0F, 0x9A, 0x22, 0xAE, 0x9C,
    0xAE, 0x7C, 0xFF, 0xDF, 0x7E, 0xFB, 0xCE, 0xFD, 0xFF, 0xC6, 0xFE, 0xFB,
    0x85, 0x9A, 0xFF, 0x3B, 0x30, 0x91, 0x32, 0xCE, 0xB8, 0xBE, 0x9B, 0xFF,
    0xDF, 0x7E, 0xFD, 0xD7, 0x1D, 0xFF, 0xC6, 0xDD, 0xFD, 0x8D, 0x99, 0xFE,
    0x43, 0x91, 0xD5, 0x32, 0x6C, 0x0A, 0x22, 0x2C, 0x1D, 0x22, 0x8D, 0x95,
    0x2A, 0xCE, 0xA9, 0x32, 0xEE, 0x5A, 0x7B, 0xFF, 0x02, 0x00, 0x00, 0x00,
    0x00, 0x00, 0x00, 0x00, 0x00, 0x00, 0x00, 0x00, 0x00, 0x00, 0x00, 0x00,
    0x00, 0x00, 0x00, 0x07, 0xFF, 0x01, 0x00, 0x00, 0x00, 0x2A, 0xD0, 0x11,
    0x43, 0x30, 0xB9, 0xC6, 0x9B, 0xFF, 0xE7, 0x9E, 0xFB, 0xCE, 0xFC, 0xFF,
    0xCE, 0xFD, 0xFD, 0x9E, 0x1B, 0xFF, 0x43, 0xB2, 0xC6, 0x22, 0xAD, 0xC3,
    0xA6, 0x3B, 0xFF, 0xD7, 0x3E, 0xFD, 0xC6, 0xDC, 0xFF, 0xC6, 0xFE, 0xFC,
    0x85, 0x79, 0xFF, 0x2A, 0xEF, 0xB4, 0x43, 0x91, 0xD8, 0xCF, 0x1D, 0xFF,
    0xDF, 0x3E, 0xFE, 0xCE, 0xDD, 0xFF, 0xBE, 0xDD, 0xFB, 0x6C, 0xD7, 0xFF,
    0x2A, 0xCE, 0x76, 0x2A, 0xAE, 0x2D, 0x43, 0x50, 0xDB, 0x95, 0x77, 0xFF,
    0xAE, 0x3A, 0xFF, 0x54, 0x13, 0xF8, 0x2A, 0xAE, 0x64, 0x00, 0x00, 0x00,
    0x00, 0x00, 0x00, 0x00, 0x00, 0x00, 0x00, 0x00, 0x00, 0x00, 0x00, 0x00,
    0x00, 0x00, 0x00, 0x00, 0x00, 0x00, 0x52, 0xAA, 0x03, 0x00, 0x00, 0x00,
    0x1A, 0x4C, 0x77, 0x9D, 0xB8, 0xFF, 0xE7, 0x7E, 0xFB, 0xCE, 0xFD, 0xFF,
    0xCE, 0xFD, 0xFF, 0xAE, 0x7C, 0xFF, 0x64, 0x95, 0xF9, 0x22, 0xCF, 0xF8,
    0x9D, 0xFA, 0xFF, 0xCF, 0x1E, 0xFF, 0xC6, 0xBC, 0xFF, 0xC6, 0xFE, 0xFF,
    0x7D, 0x38, 0xFF, 0x2A, 0xEF, 0xF8, 0x7C, 0xF6, 0xFB, 0xCF, 0x1E, 0xFF,
    0xCF, 0x1D, 0xFF, 0xC6, 0xDD, 0xFE, 0xA6, 0x3C, 0xFD, 0x53, 0xD2, 0xF5,
    0x22, 0x4C, 0x54, 0x43, 0x50, 0xCD, 0xBE, 0x7A, 0xFF, 0xFF, 0xFF, 0xFD,
    0xE7, 0x9F, 0xFB, 0x9D, 0xFA, 0xFF, 0x3B, 0x50, 0xC6, 0x09, 0xE9, 0x10,
    0x00, 0x00, 0x00, 0x00, 0x00, 0x00, 0x00, 0x00, 0x00, 0x00, 0x00, 0x00,
    0x00, 0x1F, 0x01, 0x00, 0x00, 0x00, 0x3B, 0xEF, 0x04, 0x00, 0x00, 0x00,
    0x1A, 0x6D, 0x3D, 0x64, 0x12, 0xED, 0xCE, 0xFD, 0xFF, 0xCF, 0x1D, 0xFE,
    0xC6, 0xDC, 0xFF, 0xC6, 0xFD, 0xFF, 0x7D, 0x38, 0xFF, 0x22, 0xEF, 0xFF,
    0x9D, 0xFA, 0xFF, 0xCF, 0x1E, 0xFF, 0xBE, 0xBC, 0xFF, 0xC6, 0xFE, 0xFF,
    0x7D, 0x59, 0xFF, 0x22, 0xCE, 0xFF, 0xA6, 0x1A, 0xFF, 0xCF, 0x3E, 0xFF,
    0xBE, 0xDD, 0xFF, 0xC6, 0xFD, 0xFC, 0x8D, 0xBA, 0xFF, 0x3B, 0x50, 0xB6,
    0x32, 0xCE, 0xBD, 0x9D, 0x97, 0xFF, 0xEF, 0xBF, 0xFE, 0xDF, 0x7E, 0xFF,
    0xCF, 0x1E, 0xFD, 0x8D, 0xBA, 0xFD, 0x3B, 0x2F, 0xC9, 0x09, 0xE9, 0x10,
    0x00, 0x00, 0x00, 0x00, 0x00, 0x00, 0x39, 0xEF, 0x04, 0x39, 0xEF, 0x04,
    0x03, 0xE0, 0x02, 0x33, 0x2C, 0x05, 0x33, 0x2C, 0x05, 0x7B, 0xEF, 0x02,
    0x43, 0x2E, 0x0F, 0x2A, 0xCE, 0xBB, 0xB6, 0x7B, 0xFE, 0xD7, 0x3E, 0xFB,
    0xBE, 0xDD, 0xFF, 0xC6, 0xFD, 0xFF, 0xA6, 0x1B, 0xFF, 0x2B, 0x30, 0xFF,
    0x8D, 0xB9, 0xFF, 0xCF, 0x3E, 0xFF, 0xBE, 0xDC, 0xFF, 0xC7, 0x1E, 0xFF,
    0x75, 0x17, 0xFF, 0x3B, 0x51, 0xFF, 0xB6, 0x9C, 0xFF, 0xCF, 0x1D, 0xFF,
    0xBE, 0xDD, 0xFF, 0xB6, 0x9D, 0xFE, 0x6C, 0xD6, 0xFF, 0x22, 0xCE, 0xE6,
    0x74, 0xB5, 0xF5, 0xDF, 0x5E, 0xFE, 0xCE, 0xFD, 0xFE, 0xC6, 0xDD, 0xFF,
    0xC6, 0xDE, 0xFB, 0x64, 0xB6, 0xFF, 0x1A, 0x6C, 0x84, 0x55, 0x55, 0x03,
    0x00, 0x00, 0x00, 0x00, 0x00, 0x01, 0x00, 0x00, 0x00, 0x00, 0x00, 0x00,
    0x00, 0x00, 0x00, 0x00, 0x00, 0x00, 0x00, 0x00, 0x00, 0x3B, 0xE7, 0x04,
    0x00, 0x00, 0x00, 0x1A, 0x4C, 0x81, 0x7D, 0x37, 0xFF, 0xC6, 0xFD, 0xFD,
    0xC6, 0xDD, 0xFF, 0xC6, 0xDD, 0xFF, 0xBE, 0xDD, 0xFF, 0x7D, 0x37, 0xFF,
    0xA6, 0x3B, 0xFF, 0xCF, 0x3E, 0xFF, 0xC6, 0xFD, 0xFF, 0xCF, 0x3E, 0xFF,
    0x95, 0xD9, 0xFF, 0x85, 0x58, 0xFF, 0xC6, 0xFD, 0xFF, 0xC6, 0xFD, 0xFF,
    0xC6, 0xFD, 0xFF, 0xA6, 0x3B, 0xFF, 0x3B, 0x71, 0xFF, 0x4B, 0xF2, 0xFF,
    0xC6, 0xDD, 0xFF, 0xC6, 0xFD, 0xFF, 0xBE, 0xBD, 0xFF, 0xC6, 0xFD, 0xFD,
    0x95, 0xDA, 0xFD, 0x33, 0x10, 0xE2, 0x1A, 0x2B, 0x29, 0x00, 0x00, 0x00,
    0x00, 0x00, 0x00, 0x03, 0xEF, 0x02, 0x22, 0x6D, 0x6A, 0x22, 0xAE, 0xBC,
    0x2A, 0xCE, 0xC7, 0x22, 0xCE, 0xAF, 0x22, 0xAE, 0x69, 0x22, 0xAE, 0x0F,
    0x00, 0x00, 0x00, 0x22, 0x8C, 0x41, 0x4B, 0xD1, 0xEB, 0xBE, 0xDD, 0xFF,
    0xC6, 0xFD, 0xFD, 0xC6, 0xDD, 0xFF, 0xC6, 0xFD, 0xFF, 0xCF, 0x1D, 0xFF,
    0xCE, 0xFD, 0xFF, 0xCF, 0x1D, 0xFF, 0xCF, 0x1D, 0xFF, 0xCF, 0x1D, 0xFF,
    0xCE, 0xFD, 0xFF, 0xCE, 0xFD, 0xFF, 0xCF, 0x1D, 0xFF, 0xC6, 0xFD, 0xFF,
    0xCF, 0x1E, 0xFF, 0x85, 0x79, 0xFF, 0x2A, 0xEF, 0xFF, 0xA6, 0x1A, 0xFE,
    0xCF, 0x1E, 0xFE, 0xBE, 0xBD, 0xFF, 0xBE, 0xDD, 0xFE, 0xA6, 0x3C, 0xFE,
    0x43, 0xB2, 0xFF, 0x1A, 0x4C, 0x6A, 0xFB, 0xFF, 0x02, 0x52, 0xB5, 0x03,
    0x63, 0x2C, 0x05, 0x22, 0x8C, 0x92, 0x64, 0x53, 0xFC, 0xCE, 0xBB, 0xFF,
    0xDF, 0x3D, 0xFF, 0xBE, 0x7A, 0xFF, 0x6C, 0x74, 0xFB, 0x2A, 0xCE, 0xCE,
    0x22, 0x8E, 0x3D, 0x00, 0x00, 0x00, 0x33, 0x0F, 0xCB, 0xAE, 0x9C, 0xFF,
    0xCF, 0x1E, 0xFC, 0xC6, 0xFD, 0xFF, 0xCE, 0xFD, 0xFF, 0xCF, 0x1D, 0xFF,
    0xCF, 0x1D, 0xFF, 0xCF, 0x1D, 0xFF, 0xD7, 0x1D, 0xFF, 0xCF, 0x1D, 0xFF,
    0xCF, 0x1D, 0xFF, 0xCF, 0x1D, 0xFF, 0xCF, 0x1D, 0xFF, 0xCF, 0x1D, 0xFF,
    0xCF, 0x1D, 0xFF, 0x9D, 0xFA, 0xFF, 0x85, 0x58, 0xFF, 0xC6, 0xFE, 0xFF,
    0xBE, 0xDD, 0xFF, 0xBE, 0xBD, 0xFF, 0xAE, 0x7D, 0xFC, 0x5C, 0x55, 0xFF,
    0x1A, 0x2C, 0xA3, 0x7B, 0xEF, 0x04, 0x03, 0xEF, 0x02, 0x00, 0x00, 0x02,
    0x01, 0x69, 0x34, 0x4B, 0xB1, 0xFF, 0xD7, 0x1E, 0xFF, 0xF7, 0xDF, 0xFC,
    0xFF, 0xFF, 0xFC, 0xE7, 0x7E, 0xFD, 0xDF, 0x7E, 0xFF, 0xA5, 0xF9, 0xFF,
    0x3B, 0x30, 0xF2, 0x2A, 0xAF, 0x3D, 0x32, 0xEF, 0xA9, 0x9E, 0x3B, 0xFF,
    0xC6, 0xFD, 0xFD, 0xC6, 0xDD, 0xFF, 0xC6, 0xFD, 0xFF, 0xCE, 0xFD, 0xFF,
    0xCF, 0x1D, 0xFF, 0xCF, 0x1D, 0xFF, 0xCF, 0x1D, 0xFF, 0xCF, 0x1D, 0xFF,
    0xCF, 0x1D, 0xFF, 0xCF, 0x1D, 0xFF, 0xCF, 0x1D, 0xFF, 0xCF, 0x1D, 0xFF,
    0xCE, 0xFD, 0xFF, 0xC6, 0xFD, 0xFF, 0xC6, 0xDD, 0xFF, 0xBE, 0xBD, 0xFF,
    0xBE, 0xBD, 0xFF, 0xB6, 0x9D, 0xFD, 0x75, 0x18, 0xFF, 0x1A, 0x4D, 0xCD,
    0x22, 0x2B, 0x1A, 0x00, 0x00, 0x00, 0x03, 0xEF, 0x02, 0x00, 0x00, 0x00,
    0x01, 0xAA, 0x4B, 0x54, 0x13, 0xFF, 0xCF, 0x5F, 0xFA, 0xC6, 0xDC, 0xFF,
    0xD7, 0x3D, 0xFF, 0xD7, 0x3D, 0xFF, 0xD7, 0x3D, 0xFF, 0xDF, 0x5E, 0xFD,
    0xA6, 0x3A, 0xFF, 0x3B, 0x50, 0xDF, 0x22, 0xCF, 0xE1, 0x95, 0xBA, 0xFF,
    0xC6, 0xFD, 0xFF, 0xCF, 0x3E, 0xFF, 0xCF, 0x3E, 0xFF, 0xC6, 0xFD, 0xFF,
    0xC6, 0xFD, 0xFF, 0xCE, 0xFD, 0xFF, 0xCE, 0xFD, 0xFF, 0xCE, 0xFD, 0xFF,
    0xCE, 0xFD, 0xFF, 0xCF, 0x1D, 0xFF, 0xCF, 0x1D, 0xFF, 0xCF, 0x1D, 0xFF,
    0xCF, 0x1D, 0xFF, 0xCE, 0xFD, 0xFF, 0xC6, 0xDD, 0xFF, 0xBE, 0xBD, 0xFF,
    0xBE, 0xBD, 0xFE, 0x8D, 0x9A, 0xFF, 0x2A, 0xEF, 0xED, 0x1A, 0x2B, 0x3A,
    0x00, 0x00, 0x00, 0x02, 0xAA, 0x03, 0x00, 0x00, 0x00, 0x00, 0x00, 0x00,
    0x11, 0xEA, 0x1D, 0x33, 0x0F, 0xE7, 0x85, 0x79, 0xFF, 0xB6, 0xDD, 0xFB,
    0xBE, 0xBC, 0xFF, 0xCF, 0x1D, 0xFF, 0xCF, 0x1D, 0xFF, 0xCE, 0xFD, 0xFF,
    0xCF, 0x1D, 0xFF, 0x9D, 0xFA, 0xFF, 0x4B, 0xF3, 0xFF, 0x7C, 0xF7, 0xFF,
    0xBE, 0xBD, 0xFF, 0x8D, 0x98, 0xFF, 0x9D, 0xD9, 0xFF, 0xCF, 0x1E, 0xFF,
    0xCF, 0x1D, 0xFF, 0xC6, 0xDD, 0xFF, 0xC6, 0xFD, 0xFF, 0xCE, 0xFD, 0xFF,
    0xCE, 0xFD, 0xFF, 0xCE, 0xFD, 0xFF, 0xCE, 0xFD, 0xFF, 0xCE, 0xFD, 0xFF,
    0xC6, 0xFD, 0xFF, 0xC6, 0xFD, 0xFF, 0xC6, 0xDD, 0xFF, 0xBE, 0xBD, 0xFF,
    0xA6, 0x3C, 0xFF, 0x3B, 0x71, 0xFF, 0x1A, 0x4C, 0x69, 0x00, 0x00, 0x00,
    0x03, 0xEF, 0x02, 0x00, 0x00, 0x00, 0x00, 0x00, 0x00, 0x00, 0x00, 0x00,
    0x00, 0x00, 0x00, 0x11, 0xEB, 0x48, 0x2A, 0xCF, 0xE4, 0x64, 0xB6, 0xFF,
    0xA6, 0x7C, 0xFC, 0xBE, 0xBC, 0xFF, 0xC6, 0xDD, 0xFF, 0xC6, 0xFD, 0xFF,
    0xC6, 0xDC, 0xFF, 0xC6, 0xFD, 0xFE, 0xB6, 0x9C, 0xFE, 0xA6, 0x3B, 0xFF,
    0xBE, 0xBD, 0xFF, 0x8D, 0x78, 0xFF, 0x64, 0x75, 0xFF, 0x64, 0x75, 0xFF,
    0xAE, 0x5B, 0xFF, 0xC6, 0xFD, 0xFF, 0xC6, 0xDD, 0xFF, 0xC6, 0xDD, 0xFF,
    0xC6, 0xFD, 0xFF, 0xC6, 0xFD, 0xFF, 0xC6, 0xFD, 0xFF, 0xC6, 0xFD, 0xFF,
    0xC6, 0xFD, 0xFF, 0xC6, 0xDD, 0xFF, 0xBE, 0xDD, 0xFF, 0xB6, 0x9D, 0xFF,
    0x7D, 0x38, 0xFF, 0x2A, 0xAE, 0xC8, 0x00, 0x00, 0x01, 0x03, 0xEF, 0x02,
    0x00, 0x00, 0x00, 0x00, 0x00, 0x00, 0x00, 0x00, 0x00, 0x00, 0x00, 0x00,
    0x00, 0x00, 0x01, 0x00, 0x00, 0x00, 0x09, 0xA9, 0x30, 0x1A, 0x6D, 0xBE,
    0x4C, 0x13, 0xFF, 0x9E, 0x3B, 0xFE, 0xB6, 0x9C, 0xFF, 0xBE, 0xDD, 0xFF,
    0xC6, 0xDD, 0xFF, 0xBE, 0xBC, 0xFF, 0xC6, 0xFD, 0xFF, 0xC7, 0x1D, 0xFF,
    0xCE, 0xFD, 0xFF, 0xD7, 0x3E, 0xFF, 0xC6, 0xDC, 0xFF, 0x8D, 0x58, 0xFF,
    0x4B, 0xD3, 0xFF, 0xA6, 0x3B, 0xFF, 0xC6, 0xFD, 0xFF, 0xC6, 0xDD, 0xFF,
    0xC6, 0xDD, 0xFF, 0xC6, 0xDD, 0xFF, 0xC6, 0xDD, 0xFF, 0xC6, 0xDD, 0xFF,
    0xC6, 0xDD, 0xFF, 0xBE, 0xDD, 0xFF, 0xBE, 0xBD, 0xFF, 0xAE, 0x7D, 0xFD,
    0x64, 0x96, 0xFF, 0x2A, 0x8D, 0x89, 0x07, 0xFF, 0x01, 0x00, 0x00, 0x00,
    0x00, 0x00, 0x00, 0x00, 0x00, 0x00, 0x00, 0x00, 0x00, 0x00, 0x00, 0x00,
    0x00, 0x00, 0x00, 0x00, 0x0F, 0x02, 0x00, 0x00, 0x00, 0x11, 0xC9, 0x0D,
    0x1A, 0x4C, 0x97, 0x3B, 0x92, 0xFF, 0x9E, 0x1B, 0xFF, 0xAE, 0x7C, 0xFF,
    0xBE, 0xBD, 0xFF, 0xBE, 0xDD, 0xFF, 0xC6, 0xDD, 0xFF, 0xC6, 0xFD, 0xFF,
    0xCE, 0xFD, 0xFF, 0xCE, 0xFD, 0xFF, 0xCF, 0x1D, 0xFF, 0xD7, 0x5E, 0xFF,
    0x95, 0x98, 0xFF, 0x53, 0xF3, 0xFF, 0xBE, 0xBD, 0xFF, 0xC6, 0xDD, 0xFF,
    0xBE, 0xDD, 0xFF, 0xC6, 0xDD, 0xFF, 0xC6, 0xDD, 0xFF, 0xC6, 0xDD, 0xFF,
    0xBE, 0xDD, 0xFF, 0xBE, 0xDD, 0xFF, 0xB6, 0x9D, 0xFF, 0xA6, 0x5C, 0xFD,
    0x54, 0x35, 0xFF, 0x1A, 0x4C, 0x6D, 0x00, 0x00, 0x01, 0x00, 0x00, 0x00,
    0x00, 0x00, 0x00, 0x00, 0x00, 0x00, 0x00, 0x00, 0x00, 0x00, 0x00, 0x00,
    0x00, 0x00, 0x00, 0x00, 0x00, 0x00, 0x03, 0xEF, 0x02, 0x00, 0x00, 0x00,
    0x00, 0x00, 0x00, 0x12, 0x0C, 0x8B, 0x43, 0x72, 0xFF, 0xA6, 0x5C, 0xFD,
    0xAE, 0x5C, 0xFF, 0xBE, 0xBD, 0xFF, 0xC6, 0xDD, 0xFF, 0xC6, 0xFD, 0xFF,
    0xC6, 0xFD, 0xFF, 0xCE, 0xFD, 0xFF, 0xCE, 0xFD, 0xFF, 0xCE, 0xFD, 0xFF,
    0xD7, 0x3E, 0xFF, 0x64, 0x74, 0xFF, 0x8D, 0x58, 0xFF, 0xC6, 0xDE, 0xFF,
    0xBE, 0xBD, 0xFF, 0xBE, 0xDD, 0xFF, 0xBE, 0xDD, 0xFF, 0xBE, 0xDD, 0xFF,
    0xBE, 0xDD, 0xFF, 0xBE, 0xDD, 0xFF, 0xAE, 0x7C, 0xFF, 0xA6, 0x3C, 0xFD,
    0x43, 0xD3, 0xFF, 0x0A, 0x0B, 0x51, 0x00, 0x00, 0x00, 0x00, 0x00, 0x00,
    0x00, 0x00, 0x00, 0x00, 0x00, 0x00, 0x00, 0x00, 0x00, 0x00, 0x00, 0x00,
    0x00, 0x00, 0x00, 0x00, 0x00, 0x00, 0x00, 0x00, 0x00, 0x00, 0x00, 0x01,
    0x00, 0x00, 0x00, 0x00, 0x00, 0x00, 0x11, 0xEB, 0x9E, 0x5C, 0x55, 0xFF,
    0xB6, 0x9D, 0xFE, 0xAE, 0x5C, 0xFF, 0xBE, 0xBD, 0xFF, 0xC6, 0xDD, 0xFF,
    0xC6, 0xDD, 0xFF, 0xC6, 0xFD, 0xFF, 0xC6, 0xFD, 0xFF, 0xC6, 0xFD, 0xFF,
    0xC7, 0x1D, 0xFF, 0xA6, 0x3B, 0xFF, 0x5C, 0x34, 0xFF, 0xC6, 0xFE, 0xFF,
    0xBE, 0xDD, 0xFF, 0xBE, 0xDD, 0xFF, 0xBE, 0xDD, 0xFF, 0xBE, 0xDD, 0xFF,
    0xBE, 0xBD, 0xFF, 0xB6, 0xBD, 0xFF, 0xA6, 0x5C, 0xFF, 0x8D, 0xDB, 0xFE,
    0x3B, 0x71, 0xFE, 0x01, 0xCA, 0x2C, 0x00, 0x00, 0x00, 0x00, 0x00, 0x01,
    0x00, 0x00, 0x00, 0x00, 0x00, 0x00, 0x00, 0x00, 0x00, 0x00, 0x00, 0x00,
    0x00, 0x00, 0x00, 0x00, 0x00, 0x00, 0x00, 0x00, 0x00, 0x00, 0x00, 0x00,
    0x00, 0x00, 0x01, 0x00, 0x00, 0x01, 0x00, 0xE5, 0x10, 0x22, 0x8E, 0xD4,
    0x8D, 0x9A, 0xFE, 0xB6, 0x9D, 0xFC, 0xAE, 0x5C, 0xFF, 0xBE, 0xBD, 0xFF,
    0xBE, 0xDD, 0xFF, 0xBE, 0xDD, 0xFF, 0xC6, 0xDD, 0xFF, 0xC6, 0xDD, 0xFF,
    0xC6, 0xDD, 0xFF, 0xBE, 0xDD, 0xFF, 0x8D, 0x99, 0xFF, 0xBE, 0xDE, 0xFF,
    0xBE, 0xDD, 0xFF, 0xBE, 0xDD, 0xFF, 0xBE, 0xDD, 0xFF, 0xBE, 0xBD, 0xFF,
    0xB6, 0xBD, 0xFF, 0xB6, 0x9D, 0xFF, 0x9E, 0x1C, 0xFE, 0x75, 0x38, 0xFF,
    0x2A, 0xEF, 0xE2, 0x01, 0x89, 0x15, 0x00, 0x00, 0x00, 0x00, 0x00, 0x01,
    0x00, 0x00, 0x00, 0x00, 0x00, 0x00, 0x00, 0x00, 0x00, 0x00, 0x00, 0x00,
    0x00, 0x00, 0x00, 0x00, 0x00, 0x00, 0x00, 0x00, 0x00, 0x00, 0x00, 0x00,
    0x00, 0x00, 0x00, 0x03, 0xEF, 0x02, 0x00, 0x00, 0x00, 0x01, 0x89, 0x51,
    0x43, 0x92, 0xFE, 0xA6, 0x5C, 0xFC, 0xA6, 0x1B, 0xFE, 0xAE, 0x7C, 0xFF,
    0xBE, 0xBD, 0xFF, 0xBE, 0xBD, 0xFF, 0xBE, 0xDD, 0xFF, 0xBE, 0xDD, 0xFF,
    0xBE, 0xDD, 0xFF, 0xBE, 0xDD, 0xFF, 0xC6, 0xFE, 0xFF, 0xBE, 0xBD, 0xFF,
    0xBE, 0xDD, 0xFF, 0xBE, 0xDD, 0xFF, 0xB6, 0xBD, 0xFF, 0xB6, 0xBD, 0xFF,
    0xB6, 0xBD, 0xFF, 0xA6, 0x3C, 0xFF, 0x9E, 0x1C, 0xFB, 0x5C, 0x75, 0xFE,
    0x12, 0x2C, 0x9D, 0x33, 0x2C, 0x05, 0x00, 0x00, 0x00, 0x00, 0x00, 0x00,
    0x00, 0x00, 0x00, 0x00, 0x00, 0x00, 0x00, 0x00, 0x00, 0x00, 0x00, 0x00,
    0x00, 0x00, 0x00, 0x00, 0x00, 0x00, 0x00, 0x00, 0x00, 0x00, 0x00, 0x00,
    0x00, 0x00, 0x00, 0x00, 0x00, 0x01, 0x02, 0xAA, 0x03, 0x4A, 0x4D, 0x07,
    0x11, 0xCB, 0xA0, 0x64, 0x55, 0xFF, 0xA6, 0x5C, 0xFB, 0x9E, 0x1B, 0xFF,
    0xAE, 0x7C, 0xFF, 0xB6, 0xBD, 0xFF, 0xB6, 0xBD, 0xFF, 0xBE, 0xBD, 0xFF,
    0xBE, 0xBD, 0xFF, 0xB6, 0xBD, 0xFF, 0xB6, 0xBD, 0xFF, 0xBE, 0xBD, 0xFF,
    0xB6, 0xBD, 0xFF, 0xB6, 0xBD, 0xFF, 0xB6, 0xBD, 0xFF, 0xB6, 0xBD, 0xFF,
    0xA6, 0x5C, 0xFF, 0x9E, 0x1B, 0xFE, 0x85, 0x9A, 0xFE, 0x33, 0x30, 0xFF,
    0x01, 0x89, 0x48, 0x00, 0x00, 0x00, 0x03, 0xEF, 0x02, 0x00, 0x00, 0x00,
    0x00, 0x00, 0x00, 0x00, 0x00, 0x00, 0x00, 0x00, 0x00, 0x00, 0x00, 0x00,
    0x00, 0x00, 0x00, 0x00, 0x00, 0x00, 0x00, 0x00, 0x00, 0x00, 0x00, 0x00,
    0x00, 0x00, 0x00, 0x00, 0x00, 0x00, 0x00, 0x0F, 0x02, 0x00, 0x00, 0x00,
    0x11, 0xAA, 0x18, 0x1A, 0x0C, 0xC1, 0x64, 0x76, 0xFF, 0x9E, 0x1B, 0xFE,
    0x9E, 0x1B, 0xFF, 0xA6, 0x3C, 0xFF, 0xAE, 0x7C, 0xFF, 0xAE, 0x7D, 0xFF,
    0xAE, 0x7C, 0xFF, 0xAE, 0x7C, 0xFF, 0xAE, 0x7C, 0xFF, 0xB6, 0x9C, 0xFF,
    0xB6, 0x9D, 0xFF, 0xB6, 0x9D, 0xFF, 0xAE, 0x7C, 0xFF, 0xA6, 0x3C, 0xFF,
    0x9E, 0x1C, 0xFF, 0x8D, 0xDB, 0xFC, 0x4C, 0x34, 0xFF, 0x12, 0x0C, 0x9F,
    0x39, 0xE7, 0x04, 0x00, 0x00, 0x00, 0x00, 0x00, 0x01, 0x00, 0x00, 0x00,
    0x00, 0x00, 0x00, 0x00, 0x00, 0x00, 0x00, 0x00, 0x00, 0x00, 0x00, 0x00,
    0x00, 0x00, 0x00, 0x00, 0x00, 0x00, 0x00, 0x00, 0x00, 0x00, 0x00, 0x00,
    0x00, 0x00, 0x00, 0x00, 0x00, 0x00, 0x00, 0x00, 0x00, 0x03, 0xEF, 0x02,
    0x00, 0x00, 0x00, 0x11, 0x89, 0x1A, 0x1A, 0x2C, 0xB1, 0x3B, 0x72, 0xF8,
    0x74, 0xF8, 0xFE, 0x85, 0x79, 0xFF, 0x8D, 0xBB, 0xFF, 0x95, 0xDB, 0xFF,
    0x95, 0xFB, 0xFF, 0x95, 0xFB, 0xFF, 0x9E, 0x1C, 0xFF, 0x9E, 0x3C, 0xFF,
    0xA6, 0x3C, 0xFF, 0x9E, 0x3C, 0xFF, 0x95, 0xFB, 0xFF, 0x8D, 0xDB, 0xFF,
    0x7D, 0x59, 0xFC, 0x43, 0xD3, 0xFD, 0x12, 0x2C, 0xBB, 0x19, 0xC9, 0x1A,
    0x00, 0x00, 0x00, 0x03, 0xEF, 0x02, 0x00, 0x00, 0x00, 0x00, 0x00, 0x00,
    0x00, 0x00, 0x00, 0x00, 0x00, 0x00, 0x00, 0x00, 0x00, 0x00, 0x00, 0x00,
    0x00, 0x00, 0x00, 0x00, 0x00, 0x00, 0x00, 0x00, 0x00, 0x00, 0x00, 0x00,
    0x00, 0x00, 0x00, 0x00, 0x00, 0x00, 0x00, 0x00, 0x00, 0x00, 0x00, 0x00,
    0x00, 0x00, 0x01, 0x00, 0x00, 0x00, 0x00, 0x00, 0x00, 0x1A, 0x4D, 0xB5,
    0x33, 0x30, 0xFE, 0x4C, 0x14, 0xFF, 0x7D, 0x7A, 0xFF, 0x8D, 0xBB, 0xFF,
    0x8D, 0xDB, 0xFF, 0x95, 0xFB, 0xFF, 0x96, 0x1C, 0xFF, 0x9E, 0x1C, 0xFF,
    0x9E, 0x1B, 0xFF, 0x96, 0x1B, 0xFF, 0x95, 0xDB, 0xFF, 0x85, 0x9A, 0xFE,
    0x3B, 0x92, 0xFF, 0x1A, 0xAE, 0xF2, 0x12, 0x4C, 0x4C, 0x00, 0x00, 0x00,
    0x01, 0xEF, 0x04, 0x00, 0x00, 0x00, 0x00, 0x00, 0x00, 0x00, 0x00, 0x00,
    0x00, 0x00, 0x00, 0x00, 0x00, 0x00, 0x00, 0x00, 0x00, 0x00, 0x00, 0x00,
    0x00, 0x00, 0x00, 0x00, 0x00, 0x00, 0x00, 0x00, 0x00, 0x00, 0x00, 0x00,
    0x00, 0x00, 0x00, 0x00, 0x00, 0x00, 0x00, 0x00, 0x00, 0x00, 0x00, 0x00,
    0x00, 0x00, 0x00, 0x03, 0xEF, 0x02, 0x00, 0x1F, 0x01, 0x1A, 0x2C, 0x8D,
    0x6C, 0xB6, 0xFF, 0x9E, 0x7D, 0xFB, 0x8D, 0xBA, 0xFD, 0x95, 0xFB, 0xFE,
    0x9E, 0x1C, 0xFE, 0xA6, 0x3C, 0xFF, 0xA6, 0x5C, 0xFF, 0xA6, 0x5C, 0xFF,
    0x9E, 0x3C, 0xFF, 0x9E, 0x1B, 0xFE, 0x95, 0xFB, 0xFD, 0x96, 0x1B, 0xFB,
    0x85, 0x9A, 0xFA, 0x33, 0x30, 0xF1, 0x11, 0xEA, 0x47, 0x00, 0x00, 0x00,
    0x01, 0xEF, 0x04, 0x00, 0x00, 0x00, 0x00, 0x00, 0x00, 0x00, 0x00, 0x00,
    0x00, 0x00, 0x00, 0x00, 0x00, 0x00, 0x00, 0x00, 0x00, 0x00, 0x00, 0x00,
    0x00, 0x00, 0x00, 0x00, 0x00, 0x00, 0x00, 0x00, 0x00, 0x00, 0x00, 0x00,
    0x00, 0x00, 0x00, 0x00, 0x00, 0x00, 0x00, 0x00, 0x00, 0x00, 0x00, 0x00,
    0x00, 0x00, 0x00, 0x00, 0x00, 0x00, 0x00, 0x00, 0x00, 0x09, 0xCA, 0x32,
    0x2A, 0xAE, 0xF0, 0x64, 0xB7, 0xFF, 0x6D, 0x18, 0xFF, 0x7D, 0x7A, 0xFF,
    0x8D, 0xDB, 0xFF, 0x96, 0x1C, 0xFD, 0x9E, 0x1C, 0xFD, 0x96, 0x1C, 0xFD,
    0x8D, 0xDB, 0xFE, 0x85, 0x7A, 0xFF, 0x75, 0x38, 0xFF, 0x64, 0xD7, 0xFF,
    0x3B, 0xB3, 0xFF, 0x12, 0x2C, 0xB0, 0x19, 0xEB, 0x11, 0x03, 0xEF, 0x02,
    0x00, 0x00, 0x01, 0x00, 0x00, 0x00, 0x00, 0x00, 0x00, 0x00, 0x00, 0x00,
    0x00, 0x00, 0x00, 0x00, 0x00, 0x00, 0x00, 0x00, 0x00, 0x00, 0x00, 0x00,
    0x00, 0x00, 0x00, 0x00, 0x00, 0x00, 0x00, 0x00, 0x00, 0x00, 0x00, 0x00,
    0x00, 0x00, 0x00, 0x00, 0x00, 0x00, 0x00, 0x00, 0x00, 0x00, 0x00, 0x00,
    0x00, 0x00, 0x00, 0x00, 0x00, 0x00, 0x00, 0x00, 0x00, 0x00, 0x00, 0x00,
    0x09, 0xEB, 0x36, 0x12, 0x2C, 0x8D, 0x2A, 0xCF, 0xC5, 0x2A, 0xEF, 0xE3,
    0x33, 0x10, 0xF7, 0x33, 0x31, 0xFF, 0x3B, 0x51, 0xFF, 0x3B, 0x51, 0xFF,
    0x33, 0x10, 0xFF, 0x2A, 0xF0, 0xEF, 0x2A, 0xCF, 0xD7, 0x22, 0xAE, 0xB0,
    0x09, 0xEB, 0x6B, 0x11, 0xEA, 0x18, 0x00, 0x00, 0x00, 0x00, 0x00, 0x01,
    0x00, 0x00, 0x00, 0x00, 0x00, 0x00, 0x00, 0x00, 0x00, 0x00, 0x00, 0x00,
    0x00, 0x00, 0x00, 0x00, 0x00, 0x00, 0x00, 0x00, 0x00, 0x00, 0x00, 0x00,
    0x00, 0x00, 0x00, 0x00, 0x00, 0x00, 0x00, 0x00, 0x00, 0x00, 0x00, 0x00,
    0x00, 0x00, 0x00, 0x00, 0x00, 0x00, 0x00, 0x00, 0x00, 0x00, 0x00, 0x00,
    0x00, 0x00, 0x00, 0x00, 0x00, 0x00, 0x00, 0x00, 0x00, 0x00, 0x00, 0x01,
    0x00, 0x00, 0x00, 0x7B, 0xEF, 0x02, 0x00, 0xE7, 0x10, 0x01, 0x08, 0x17,
    0x01, 0x08, 0x1E, 0x01, 0x49, 0x26, 0x01, 0x49, 0x2A, 0x01, 0x49, 0x2A,
    0x01, 0x48, 0x24, 0x01, 0x28, 0x1B, 0x01, 0x27, 0x14, 0x19, 0x89, 0x0A,
    0x00, 0x00, 0x00, 0x00, 0x00, 0x00, 0x00, 0x00, 0x01, 0x00, 0x00, 0x00,
    0x00, 0x00, 0x00, 0x00, 0x00, 0x00, 0x00, 0x00, 0x00, 0x00, 0x00, 0x00,
    0x00, 0x00, 0x00, 0x00, 0x00, 0x00, 0x00, 0x00, 0x00, 0x00, 0x00, 0x00,
};

const lv_img_dsc_t img_gesture_5 = {
    .header.cf = LV_IMG_CF_TRUE_COLOR_ALPHA,
    .header.always_zero = 0,
    .header.reserved = 0,
    .header.w = 36,
    .header.h = 36,
    .data_size = 3888,
    .data = img_gesture_5_data,
};

/* gesture: 6 (36x36) */
static const uint8_t img_gesture_6_data[3888] = {
    0x00, 0x00, 0x00, 0x00, 0x00, 0x00, 0x00, 0x00, 0x00, 0x00, 0x00, 0x00,
    0x00, 0x00, 0x00, 0x00, 0x00, 0x00, 0x00, 0x00, 0x00, 0x00, 0x00, 0x00,
    0x00, 0x00, 0x00, 0x00, 0x00, 0x00, 0x00, 0x00, 0x00, 0x00, 0x00, 0x00,
    0x00, 0x00, 0x00, 0x00, 0x00, 0x00, 0x00, 0x00, 0x00, 0x00, 0x00, 0x00,
    0x00, 0x00, 0x00, 0x00, 0x00, 0x00, 0x00, 0x00, 0x00, 0x00, 0x00, 0x00,
    0x00, 0x00, 0x00, 0x00, 0x00, 0x00, 0x00, 0x00, 0x00, 0x00, 0x00, 0x00,
    0x00, 0x00, 0x00, 0x00, 0x00, 0x00, 0x00, 0x00, 0x00, 0x00, 0x00, 0x00,
    0x00, 0x00, 0x00, 0x00, 0x00, 0x00, 0x00, 0x00, 0x00, 0x00, 0x00, 0x00,
    0x00, 0x00, 0x00, 0x00, 0x00, 0x00, 0x00, 0x00, 0x00, 0x00, 0x00, 0x00,
    0x00, 0x00, 0x00, 0x00, 0x00, 0x00, 0x00, 0x00, 0x00, 0x00, 0x00, 0x00,
    0x00, 0x00, 0x00, 0x00, 0x00, 0x00, 0x00, 0x00, 0x00, 0x00, 0x00, 0x00,
    0x00, 0x00, 0x00, 0x00, 0x00, 0x00, 0x00, 0x00, 0x00, 0x00, 0x00, 0x00,
    0x00, 0x00, 0x00, 0x00, 0x00, 0x00, 0x00, 0x00, 0x00, 0x00, 0x00, 0x00,
    0x00, 0x00, 0x00, 0x00, 0x00, 0x00, 0x00, 0x00, 0x00, 0x00, 0x00, 0x00,
    0x00, 0x00, 0x00, 0x00, 0x00, 0x00, 0x00, 0x00, 0x00, 0x00, 0x00, 0x00,
    0x00, 0x00, 0x00, 0x00, 0x00, 0x00, 0x00, 0x00, 0x00, 0x00, 0x00, 0x00,
    0x00, 0x00, 0x00, 0x00, 0x00, 0x00, 0x00, 0x00, 0x00, 0x00, 0x00, 0x00,
    0x00, 0x00, 0x00, 0x00, 0x00, 0x00, 0x00, 0x00, 0x00, 0x00, 0x00, 0x00,
    0x00, 0x00, 0x00, 0x00, 0x00, 0x00, 0x00, 0x00, 0x00, 0x00, 0x00, 0x00,
    0x00, 0x00, 0x00, 0x00, 0x00, 0x00, 0x00, 0x00, 0x00, 0x00, 0x00, 0x00,
    0x00, 0x00, 0x00, 0x00, 0x00, 0x00, 0x00, 0x00, 0x00, 0x00, 0x00, 0x00,
    0x00, 0x00, 0x00, 0x00, 0x00, 0x00, 0x00, 0x00, 0x00, 0x00, 0x00, 0x00,
    0x00, 0x00, 0x00, 0x00, 0x00, 0x00, 0x00, 0x00, 0x00, 0x00, 0x00, 0x00,
    0x00, 0x00, 0x00, 0x00, 0x00, 0x00, 0x00, 0x00, 0x00, 0x00, 0x00, 0x00,
    0x00, 0x00, 0x00, 0x00, 0x00, 0x00, 0x00, 0x00, 0x00, 0x00, 0x00, 0x00,
    0x00, 0x00, 0x00, 0x00, 0x00, 0x00, 0x00, 0x00, 0x00, 0x00, 0x00, 0x00,
    0x00, 0x00, 0x00, 0x00, 0x00, 0x00, 0x00, 0x00, 0x00, 0x00, 0x00, 0x00,
    0x00, 0x00, 0x00, 0x00, 0x00, 0x00, 0x00, 0x00, 0x00, 0x00, 0x00, 0x00,
    0x00, 0x00, 0x00, 0x00, 0x00, 0x00, 0x00, 0x00, 0x00, 0x00, 0x00, 0x00,
    0x00, 0x00, 0x00, 0x00, 0x00, 0x00, 0x00, 0x00, 0x00, 0x00, 0x00, 0x00,
    0x00, 0x00, 0x00, 0x00, 0x00, 0x00, 0x00, 0x00, 0x00, 0x00, 0x00, 0x00,
    0x00, 0x00, 0x00, 0x00, 0x00, 0x00, 0x00, 0x00, 0x00, 0x00, 0x00, 0x00,
    0x00, 0x00, 0x00, 0x00, 0x00, 0x00, 0x00, 0x00, 0x00, 0x00, 0x00, 0x00,
    0x00, 0x00, 0x00, 0x00, 0x00, 0x00, 0x00, 0x00, 0x00, 0x00, 0x00, 0x00,
    0x00, 0x00, 0x00, 0x00, 0x00, 0x00, 0x00, 0x00, 0x00, 0x00, 0x00, 0x00,
    0x00, 0x00, 0x00, 0x00, 0x00, 0x00, 0x00, 0x00, 0x00, 0x00, 0x00, 0x00,
    0x00, 0x00, 0x00, 0x00, 0x00, 0x00, 0x00, 0x00, 0x00, 0x00, 0x00, 0x00,
    0x00, 0x00, 0x00, 0x00, 0x00, 0x00, 0x00, 0x00, 0x00, 0x00, 0x00, 0x00,
    0x00, 0x00, 0x00, 0x00, 0x00, 0x00, 0x00, 0x00, 0x00, 0x00, 0x00, 0x00,
    0x00, 0x00, 0x00, 0x00, 0x00, 0x00, 0x00, 0x00, 0x00, 0x00, 0x00, 0x00,
    0x00, 0x00, 0x00, 0x00, 0x00, 0x00, 0x00, 0x00, 0x00, 0x00, 0x00, 0x00,
    0x00, 0x00, 0x00, 0x00, 0x00, 0x00, 0x00, 0x00, 0x00, 0x00, 0x00, 0x00,
    0x00, 0x00, 0x00, 0x00, 0x00, 0x00, 0x00, 0x00, 0x00, 0x00, 0x00, 0x00,
    0x00, 0x00, 0x00, 0x00, 0x00, 0x00, 0x00, 0x00, 0x00, 0x00, 0x00, 0x00,
    0x00, 0x00, 0x00, 0x00, 0x00, 0x00, 0x00, 0x00, 0x00, 0x00, 0x00, 0x00,
    0x00, 0x00, 0x00, 0x00, 0x00, 0x00, 0x00, 0x00, 0x00, 0x00, 0x00, 0x00,
    0x00, 0x00, 0x00, 0x00, 0x00, 0x00, 0x00, 0x00, 0x00, 0x00, 0x00, 0x00,
    0x00, 0x00, 0x00, 0x00, 0x00, 0x00, 0x00, 0x00, 0x00, 0x00, 0x00, 0x00,
    0x00, 0x00, 0x00, 0x00, 0x00, 0x00, 0x00, 0x00, 0x00, 0x00, 0x00, 0x00,
    0x00, 0x00, 0x00, 0x00, 0x00, 0x00, 0x00, 0x00, 0x00, 0x00, 0x00, 0x00,
    0x00, 0x00, 0x00, 0x00, 0x00, 0x00, 0x00, 0x00, 0x00, 0x00, 0x00, 0x00,
    0x00, 0x00, 0x00, 0x00, 0x00, 0x00, 0x00, 0x00, 0x00, 0x00, 0x00, 0x00,
    0x00, 0x00, 0x00, 0x00, 0x00, 0x00, 0x03, 0xEF, 0x02, 0x00, 0x00, 0x00,
    0x00, 0x00, 0x00, 0x03, 0xEF, 0x02, 0x00, 0x00, 0x00, 0x00, 0x00, 0x00,
    0x00, 0x00, 0x00, 0x00, 0x00, 0x00, 0x00, 0x00, 0x00, 0x00, 0x00, 0x00,
    0x00, 0x00, 0x00, 0x00, 0x00, 0x00, 0x00, 0x00, 0x00, 0x00, 0x00, 0x00,
    0x00, 0x00, 0x00, 0x00, 0x00, 0x00, 0x00, 0x00, 0x00, 0x00, 0x00, 0x00,
    0x00, 0x00, 0x00, 0x00, 0x00, 0x00, 0x00, 0x00, 0x00, 0x00, 0x00, 0x00,
    0x00, 0x00, 0x00, 0x00, 0x00, 0x00, 0x00, 0x00, 0x00, 0x00, 0x00, 0x00,
    0x00, 0x00, 0x00, 0x00, 0x00, 0x00, 0x00, 0x00, 0x00, 0x00, 0x00, 0x00,
    0x00, 0x00, 0x00, 0x00, 0x00, 0x00, 0x00, 0x00, 0x00, 0x00, 0x00, 0x00,
    0x00, 0x00, 0x00, 0x07, 0xFF, 0x01, 0x00, 0x00, 0x00, 0xFF, 0xFF, 0x02,
    0x00, 0x00, 0x00, 0x00, 0x00, 0x00, 0x00, 0x00, 0x00, 0x00, 0x00, 0x00,
    0x00, 0x00, 0x00, 0x00, 0x00, 0x00, 0x00, 0x00, 0x00, 0x00, 0x00, 0x00,
    0x00, 0x00, 0x00, 0x00, 0x00, 0x00, 0x00, 0x00, 0x00, 0x00, 0x00, 0x00,
    0x00, 0x00, 0x00, 0x00, 0x00, 0x00, 0x00, 0x00, 0x00, 0x00, 0x00, 0x00,
    0x00, 0x00, 0x00, 0x00, 0x00, 0x00, 0x00, 0x00, 0x00, 0x00, 0x00, 0x00,
    0x00, 0x00, 0x00, 0x00, 0x00, 0x00, 0x00, 0x00, 0x00, 0x00, 0x00, 0x00,
    0x00, 0x00, 0x00, 0x00, 0x00, 0x00, 0x00, 0x00, 0x00, 0x00, 0x00, 0x00,
    0x00, 0x00, 0x00, 0x00, 0x00, 0x00, 0x00, 0x00, 0x00, 0x00, 0x00, 0x00,
    0x03, 0xEF, 0x02, 0x00, 0x00, 0x00, 0x32, 0xAE, 0x3E, 0x2A, 0xEF, 0x8E,
    0x33, 0x0F, 0x81, 0x22, 0x8D, 0x2E, 0x00, 0x00, 0x00, 0x00, 0x00, 0x01,
    0x00, 0x00, 0x00, 0x00, 0x00, 0x00, 0x00, 0x00, 0x00, 0x00, 0x00, 0x00,
    0x00, 0x00, 0x00, 0x00, 0x00, 0x00, 0x00, 0x00, 0x00, 0x00, 0x00, 0x00,
    0x00, 0x00, 0x00, 0x00, 0x00, 0x00, 0x00, 0x00, 0x00, 0x00, 0x00, 0x00,
    0x7B, 0xEF, 0x02, 0x3B, 0xEF, 0x04, 0x3B, 0xEF, 0x04, 0x52, 0xAA, 0x03,
    0x00, 0x00, 0x00, 0x00, 0x00, 0x00, 0x52, 0xAA, 0x03, 0x39, 0xEF, 0x04,
    0x7B, 0xEF, 0x02, 0x00, 0x00, 0x00, 0x00, 0x00, 0x00, 0x00, 0x00, 0x00,
    0x00, 0x00, 0x00, 0x00, 0x00, 0x00, 0x00, 0x00, 0x00, 0xFF, 0xFF, 0x01,
    0x00, 0x00, 0x00, 0x32, 0xEF, 0x50, 0x5B, 0xD2, 0xF6, 0xA5, 0xF8, 0xFF,
    0x8D, 0x77, 0xFF, 0x4B, 0xB1, 0xE0, 0x2A, 0xEE, 0x2B, 0x00, 0x00, 0x00,
    0x00, 0x00, 0x00, 0x00, 0x00, 0x00, 0x00, 0x00, 0x00, 0x00, 0x00, 0x00,
    0x00, 0x00, 0x00, 0x00, 0x00, 0x00, 0x00, 0x00, 0x00, 0x00, 0x00, 0x00,
    0x00, 0x00, 0x00, 0x00, 0x00, 0x00, 0x00, 0x00, 0x00, 0x07, 0xFF, 0x01,
    0x00, 0x00, 0x00, 0x00, 0x00, 0x00, 0x00, 0x00, 0x00, 0x00, 0x00, 0x00,
    0x07, 0xFF, 0x01, 0x07, 0xFF, 0x01, 0x00, 0x00, 0x00, 0x00, 0x00, 0x00,
    0x00, 0x00, 0x00, 0x00, 0x00, 0x01, 0x00, 0x00, 0x00, 0x00, 0x00, 0x00,
    0x00, 0x00, 0x01, 0x00, 0x00, 0x00, 0xF8, 0x00, 0x01, 0xFF, 0xFF, 0x01,
    0x2A, 0xAE, 0x1D, 0x43, 0x50, 0xDE, 0xD6, 0xFC, 0xFF, 0xFF, 0xFF, 0xFA,
    0xE7, 0xBF, 0xF6, 0x7D, 0x17, 0xFF, 0x2A, 0xEE, 0x7C, 0x00, 0x00, 0x00,
    0x00, 0x00, 0x00, 0x00, 0x00, 0x00, 0x00, 0x00, 0x00, 0x00, 0x00, 0x00,
    0x00, 0x00, 0x00, 0x00, 0x00, 0x00, 0x00, 0x00, 0x00, 0x00, 0x00, 0x00,
    0x00, 0x00, 0x00, 0x00, 0x00, 0x00, 0x00, 0x00, 0x00, 0x00, 0x00, 0x00,
    0x3B, 0x4F, 0x38, 0x33, 0x4F, 0x7E, 0x33, 0x2F, 0x82, 0x33, 0x0F, 0x49,
    0x00, 0x00, 0x00, 0x00, 0x00, 0x00, 0x32, 0xCF, 0x43, 0x32, 0xEF, 0x66,
    0x2A, 0xEE, 0x41, 0x00, 0x00, 0x02, 0x00, 0x00, 0x00, 0x00, 0x00, 0x00,
    0x00, 0x00, 0x00, 0x00, 0x00, 0x00, 0x33, 0x2C, 0x05, 0x00, 0x00, 0x00,
    0x32, 0xCE, 0x83, 0x8D, 0x36, 0xFE, 0xFF, 0xFF, 0xFD, 0xE7, 0x7E, 0xFF,
    0xCF, 0x1E, 0xFB, 0x85, 0x58, 0xFD, 0x33, 0x0F, 0x92, 0x7B, 0xEF, 0x02,
    0x00, 0x00, 0x00, 0x00, 0x00, 0x00, 0x00, 0x00, 0x00, 0x00, 0x00, 0x00,
    0x00, 0x00, 0x01, 0x00, 0x00, 0x01, 0x00, 0x00, 0x00, 0x00, 0x00, 0x00,
    0x00, 0x00, 0x00, 0x03, 0xEF, 0x02, 0x00, 0x00, 0x00, 0x3B, 0x2F, 0x6D,
    0x53, 0xD1, 0xF0, 0x95, 0x77, 0xFF, 0x9D, 0xD8, 0xFF, 0x6C, 0x94, 0xF4,
    0x43, 0x70, 0x9F, 0x43, 0x50, 0xB2, 0x64, 0x53, 0xF2, 0x8D, 0x16, 0xF9,
    0x6C, 0x73, 0xF2, 0x43, 0x70, 0xB8, 0x33, 0x0F, 0x1D, 0x00, 0xA7, 0x0C,
    0x01, 0xEB, 0x24, 0x01, 0xED, 0x0C, 0x00, 0x00, 0x00, 0x32, 0xCE, 0x14,
    0x3B, 0x2F, 0xD2, 0xDF, 0x3D, 0xFF, 0xE7, 0x7E, 0xFD, 0xCE, 0xFD, 0xFF,
    0xC6, 0xFE, 0xFA, 0x74, 0xF7, 0xFF, 0x2A, 0x8E, 0x77, 0x00, 0x00, 0x00,
    0x00, 0x00, 0x00, 0x00, 0x00, 0x00, 0x03, 0xEF, 0x02, 0x39, 0xEF, 0x04,
    0x07, 0xFF, 0x01, 0x7B, 0xEF, 0x02, 0x3B, 0xEF, 0x04, 0x52, 0xAA, 0x03,
    0x02, 0xAA, 0x03, 0x00, 0x00, 0x01, 0x2A, 0x8E, 0x33, 0x4B, 0xB1, 0xEF,
    0xD7, 0x3D, 0xFF, 0xEF, 0xBE, 0xFF, 0xEF, 0xBE, 0xFF, 0xF7, 0xDF, 0xFF,
    0x6C, 0x94, 0xFF, 0x7C, 0xD6, 0xFF, 0xF7, 0xDF, 0xFF, 0xF7, 0xBE, 0xFF,
    0xF7, 0xFF, 0xFF, 0x95, 0x77, 0xFF, 0x3B, 0x30, 0xD5, 0x53, 0xD2, 0xE9,
    0x5C, 0x12, 0xFC, 0x4B, 0xB1, 0xE4, 0x3B, 0x70, 0x4D, 0x2A, 0xAE, 0x78,
    0x85, 0x16, 0xFF, 0xE7, 0x7E, 0xFF, 0xD7, 0x1D, 0xFE, 0xC6, 0xDD, 0xFF,
    0xAE, 0x5C, 0xFB, 0x54, 0x13, 0xFD, 0x22, 0x4D, 0x42, 0x00, 0x00, 0x00,
    0x00, 0x00, 0x00, 0x03, 0xEF, 0x02, 0x00, 0x00, 0x00, 0x00, 0x00, 0x00,
    0x00, 0x00, 0x00, 0x00, 0x00, 0x00, 0x00, 0x00, 0x00, 0x00, 0x00, 0x00,
    0x3B, 0x8E, 0x09, 0x00, 0x00, 0x00, 0x2A, 0xCE, 0x98, 0x9D, 0x98, 0xFF,
    0xE7, 0x7E, 0xFE, 0xDF, 0x5D, 0xFF, 0xDF, 0x5D, 0xFF, 0xEF, 0xBE, 0xFE,
    0xA5, 0xF9, 0xFF, 0x85, 0x17, 0xFF, 0xDF, 0x5D, 0xFE, 0xDF, 0x5D, 0xFF,
    0xE7, 0x9E, 0xFE, 0xBE, 0x9B, 0xFF, 0x64, 0x74, 0xFF, 0xD7, 0x1D, 0xFF,
    0xFF, 0xFF, 0xFF, 0xCE, 0xDB, 0xFF, 0x5C, 0x12, 0xFB, 0x4B, 0x91, 0xF8,
    0xCE, 0xFC, 0xFF, 0xD7, 0x3E, 0xFE, 0xC6, 0xDC, 0xFF, 0xC6, 0xDD, 0xFB,
    0x85, 0x79, 0xFF, 0x32, 0xEF, 0xBF, 0x3A, 0xCE, 0x14, 0x00, 0x00, 0x00,
    0x00, 0x00, 0x00, 0x00, 0x00, 0x00, 0x32, 0xAE, 0x1D, 0x1A, 0x4C, 0x6D,
    0x1A, 0x6D, 0x8B, 0x1A, 0x6D, 0x86, 0x1A, 0x6C, 0x67, 0x33, 0x0F, 0x2C,
    0x00, 0x00, 0x00, 0x01, 0x29, 0x07, 0x32, 0xEF, 0xCA, 0xA6, 0x3B, 0xFF,
    0xC6, 0xDC, 0xFD, 0xDF, 0x5D, 0xFF, 0xDF, 0x5D, 0xFF, 0xDF, 0x5D, 0xFF,
    0xBE, 0x9B, 0xFF, 0x64, 0x74, 0xFF, 0xD7, 0x1D, 0xFF, 0xDF, 0x5D, 0xFF,
    0xDF, 0x5D, 0xFF, 0xC6, 0xBC, 0xFF, 0x6C, 0x94, 0xFE, 0xC6, 0xDC, 0xFF,
    0xDF, 0x5D, 0xFF, 0xF7, 0xDF, 0xFF, 0x9D, 0xB8, 0xFF, 0x74, 0xD5, 0xFF,
    0xD7, 0x3E, 0xFF, 0xC6, 0xDD, 0xFF, 0xBE, 0xDD, 0xFE, 0xA6, 0x5C, 0xFB,
    0x54, 0x14, 0xFA, 0x22, 0x6C, 0x64, 0x00, 0x00, 0x00, 0x52, 0xB5, 0x03,
    0x00, 0x00, 0x00, 0x1A, 0x0D, 0x2E, 0x43, 0x2F, 0xCB, 0x85, 0x16, 0xFF,
    0xAE, 0x3A, 0xFF, 0xAE, 0x3A, 0xFF, 0x8D, 0x56, 0xFF, 0x4B, 0xB1, 0xDA,
    0x2A, 0xCE, 0x6E, 0x2A, 0xAD, 0x35, 0x4B, 0xB1, 0xDC, 0x7D, 0x58, 0xFF,
    0x95, 0xB9, 0xFD, 0xD7, 0x3E, 0xFF, 0xD7, 0x3D, 0xFF, 0xD7, 0x3D, 0xFF,
    0xBE, 0x9C, 0xFF, 0x54, 0x33, 0xFF, 0xCE, 0xFD, 0xFF, 0xD7, 0x3D, 0xFF,
    0xDF, 0x3D, 0xFF, 0xB6, 0x7B, 0xFF, 0x64, 0x54, 0xFF, 0xBE, 0xBC, 0xFF,
    0xD7, 0x3E, 0xFF, 0xDF, 0x5E, 0xFF, 0xA5, 0xF9, 0xFF, 0x6C, 0x95, 0xFF,
    0xB6, 0x9C, 0xFF, 0xC6, 0xDD, 0xFF, 0xB6, 0x9D, 0xFB, 0x75, 0x38, 0xFF,
    0x22, 0xAE, 0xBF, 0x3A, 0xAE, 0x12, 0x7B, 0xFF, 0x02, 0x78, 0x0F, 0x02,
    0x19, 0xCA, 0x09, 0x2A, 0xCF, 0xA7, 0x8D, 0x58, 0xFF, 0xEF, 0xBF, 0xF7,
    0xFF, 0xFF, 0xFA, 0xFF, 0xFF, 0xF9, 0xEF, 0xBE, 0xFA, 0xCE, 0xFC, 0xFF,
    0x6C, 0x73, 0xFD, 0x2A, 0xCE, 0xCE, 0x64, 0x74, 0xF2, 0x75, 0x38, 0xFF,
    0x85, 0x78, 0xFE, 0xCF, 0x1D, 0xFF, 0xCE, 0xFD, 0xFF, 0xCE, 0xFD, 0xFF,
    0xAE, 0x5B, 0xFF, 0x4C, 0x13, 0xFF, 0xC6, 0xDD, 0xFF, 0xCE, 0xFD, 0xFF,
    0xD7, 0x3E, 0xFF, 0x9D, 0xFA, 0xFF, 0x5C, 0x54, 0xFF, 0xBE, 0xBC, 0xFF,
    0xCF, 0x1E, 0xFF, 0xD7, 0x3E, 0xFF, 0x95, 0xB9, 0xFF, 0x5C, 0x75, 0xFF,
    0xAE, 0x5C, 0xFF, 0xB6, 0xBD, 0xFE, 0x95, 0xFB, 0xFE, 0x3B, 0x71, 0xF2,
    0x1A, 0x4C, 0x54, 0x00, 0x00, 0x00, 0x02, 0xAA, 0x03, 0x00, 0x00, 0x00,
    0x01, 0x27, 0x15, 0x3B, 0x50, 0xDA, 0xAE, 0x5C, 0xFA, 0xCF, 0x1E, 0xFD,
    0xD7, 0x1D, 0xFF, 0xE7, 0x7E, 0xFF, 0xDF, 0x5D, 0xFF, 0xE7, 0x9E, 0xFC,
    0xD7, 0x3D, 0xFF, 0x64, 0x74, 0xFF, 0x5C, 0x54, 0xFF, 0x75, 0x17, 0xFF,
    0x6C, 0xF7, 0xFF, 0xBE, 0xBD, 0xFF, 0xBE, 0xBD, 0xFF, 0xC6, 0xDD, 0xFF,
    0x95, 0xBA, 0xFF, 0x54, 0x14, 0xFF, 0xBE, 0xBD, 0xFF, 0xC6, 0xDD, 0xFF,
    0xCF, 0x1E, 0xFF, 0x7D, 0x37, 0xFF, 0x64, 0x75, 0xFF, 0xBE, 0xBD, 0xFF,
    0xC6, 0xDD, 0xFF, 0xCF, 0x1E, 0xFF, 0x75, 0x17, 0xFF, 0x54, 0x34, 0xFF,
    0xAE, 0x7D, 0xFF, 0xA6, 0x5C, 0xFD, 0x64, 0xB6, 0xFF, 0x1A, 0x6C, 0xB4,
    0x3B, 0xEF, 0x04, 0x31, 0x8C, 0x05, 0x00, 0x00, 0x00, 0x00, 0x00, 0x00,
    0x11, 0x68, 0x0B, 0x2A, 0xAE, 0xAD, 0x75, 0x17, 0xFF, 0xBE, 0xFE, 0xF9,
    0xBE, 0xBD, 0xFE, 0xCE, 0xFD, 0xFF, 0xD7, 0x1D, 0xFF, 0xCF, 0x1D, 0xFF,
    0xD7, 0x3D, 0xFE, 0xC6, 0xDC, 0xFE, 0x54, 0x13, 0xFF, 0x54, 0x54, 0xFF,
    0x54, 0x14, 0xFF, 0xAE, 0x5D, 0xFF, 0xAE, 0x5C, 0xFF, 0xAE, 0x7D, 0xFF,
    0x74, 0xF7, 0xFF, 0x54, 0x35, 0xFF, 0xAE, 0x7C, 0xFF, 0xBE, 0x9C, 0xFF,
    0xBE, 0xDD, 0xFF, 0x54, 0x34, 0xFF, 0x6C, 0xD7, 0xFF, 0xC6, 0xDE, 0xFF,
    0xBE, 0xBD, 0xFF, 0xB6, 0x9D, 0xFF, 0x54, 0x35, 0xFF, 0x5C, 0x76, 0xFF,
    0xAE, 0x7D, 0xFE, 0x95, 0xDB, 0xFF, 0x2B, 0x0F, 0xF2, 0x22, 0x6C, 0x3F,
    0x00, 0x00, 0x00, 0x02, 0xAA, 0x03, 0x00, 0x00, 0x00, 0x00, 0x00, 0x00,
    0x00, 0x00, 0x00, 0x1A, 0x2C, 0x30, 0x2A, 0xCE, 0xDE, 0x6C, 0xD7, 0xFF,
    0xAE, 0x7D, 0xFC, 0xBE, 0x9D, 0xFE, 0xC6, 0xDD, 0xFF, 0xCE, 0xFD, 0xFF,
    0xCE, 0xFD, 0xFF, 0xCF, 0x3E, 0xFF, 0x9D, 0xFA, 0xFF, 0x75, 0x17, 0xFF,
    0x33, 0x51, 0xFF, 0x7D, 0x79, 0xFF, 0x9E, 0x1C, 0xFF, 0x95, 0xFB, 0xFF,
    0x43, 0x92, 0xFF, 0x6C, 0xD7, 0xFF, 0x9E, 0x1C, 0xFF, 0x9E, 0x3C, 0xFF,
    0x9E, 0x1B, 0xFF, 0x43, 0xD3, 0xFF, 0x7D, 0x58, 0xFF, 0xB6, 0x9D, 0xFF,
    0xAE, 0x5C, 0xFF, 0x8D, 0xBA, 0xFF, 0x43, 0xB3, 0xFF, 0x7D, 0x38, 0xFF,
    0xA6, 0x3C, 0xFE, 0x6C, 0xD7, 0xFF, 0x22, 0xAD, 0xB6, 0x00, 0x00, 0x00,
    0x03, 0xEF, 0x02, 0x00, 0x00, 0x00, 0x00, 0x00, 0x00, 0x00, 0x00, 0x00,
    0x07, 0xFF, 0x01, 0x00, 0x00, 0x00, 0x22, 0x4C, 0x2C, 0x1A, 0x4C, 0xBC,
    0x4B, 0xF3, 0xFF, 0xA6, 0x3C, 0xFC, 0xB6, 0x9C, 0xFE, 0xC6, 0xDD, 0xFF,
    0xC6, 0xFD, 0xFF, 0xC6, 0xDC, 0xFF, 0xC6, 0xFD, 0xFF, 0xB6, 0xBD, 0xFF,
    0x74, 0xD7, 0xFF, 0x3B, 0xB3, 0xFF, 0x54, 0x55, 0xFF, 0x3B, 0xB2, 0xFF,
    0x2B, 0x51, 0xFF, 0x54, 0x35, 0xFF, 0x85, 0xBB, 0xFF, 0x95, 0xFC, 0xFF,
    0x5C, 0x55, 0xFF, 0x43, 0x93, 0xFF, 0x8D, 0xBB, 0xFF, 0x9E, 0x1C, 0xFF,
    0x9E, 0x1C, 0xFF, 0x5C, 0x55, 0xFF, 0x43, 0xB3, 0xFF, 0x95, 0xFB, 0xFF,
    0x9E, 0x1C, 0xFF, 0x43, 0xB2, 0xFF, 0x1A, 0x8D, 0x62, 0x00, 0x00, 0x01,
    0x03, 0xEF, 0x02, 0x00, 0x00, 0x00, 0x00, 0x00, 0x00, 0x00, 0x00, 0x00,
    0x00, 0x00, 0x00, 0x02, 0xAA, 0x03, 0x00, 0x00, 0x00, 0x3B, 0x0C, 0x12,
    0x09, 0xEB, 0x9E, 0x43, 0xB2, 0xFF, 0xA6, 0x3C, 0xFE, 0xB6, 0x7C, 0xFE,
    0xC6, 0xDD, 0xFF, 0xC6, 0xDD, 0xFF, 0xBE, 0xDC, 0xFF, 0xBE, 0xBC, 0xFF,
    0xB6, 0x7C, 0xFF, 0x7D, 0x59, 0xFF, 0x5C, 0x76, 0xFF, 0x43, 0xD3, 0xFF,
    0x2B, 0x51, 0xFF, 0x33, 0x72, 0xFF, 0x43, 0xB3, 0xFF, 0x3B, 0xB3, 0xFF,
    0x3B, 0x93, 0xFF, 0x33, 0x31, 0xFF, 0x5C, 0x76, 0xFF, 0x85, 0x7A, 0xFF,
    0x5C, 0x76, 0xFF, 0x33, 0x72, 0xFF, 0x75, 0x38, 0xFF, 0x9D, 0xFB, 0xFF,
    0x9E, 0x3C, 0xFF, 0x33, 0x31, 0xFD, 0x1A, 0x4D, 0x3D, 0x00, 0x00, 0x00,
    0x00, 0x00, 0x01, 0x00, 0x00, 0x00, 0x00, 0x00, 0x00, 0x00, 0x00, 0x00,
    0x00, 0x00, 0x00, 0x00, 0x00, 0x00, 0x01, 0xE7, 0x04, 0x00, 0x00, 0x00,
    0x4B, 0x2C, 0x0A, 0x11, 0xEB, 0xA3, 0x54, 0x14, 0xFF, 0xAE, 0x7D, 0xFE,
    0xB6, 0x7C, 0xFF, 0xBE, 0xDD, 0xFF, 0xC6, 0xDD, 0xFF, 0xC6, 0xDC, 0xFF,
    0xBE, 0xBC, 0xFF, 0xBE, 0xBD, 0xFF, 0xB6, 0x9D, 0xFF, 0x9E, 0x3C, 0xFF,
    0x64, 0xB6, 0xFF, 0x33, 0x51, 0xFF, 0x5C, 0x96, 0xFF, 0x5C, 0xB7, 0xFF,
    0x75, 0x39, 0xFF, 0x6C, 0xD8, 0xFF, 0x43, 0xD3, 0xFF, 0x3B, 0xB3, 0xFF,
    0x43, 0xD4, 0xFF, 0x75, 0x18, 0xFF, 0x9E, 0x1B, 0xFF, 0xA6, 0x1B, 0xFF,
    0x9E, 0x1C, 0xFF, 0x2A, 0xF0, 0xFB, 0x09, 0xAA, 0x29, 0x00, 0x00, 0x00,
    0x00, 0x00, 0x01, 0x00, 0x00, 0x00, 0x00, 0x00, 0x00, 0x00, 0x00, 0x00,
    0x00, 0x00, 0x00, 0x00, 0x00, 0x00, 0x00, 0x00, 0x00, 0x03, 0xEF, 0x02,
    0x00, 0x00, 0x00, 0x11, 0x26, 0x0E, 0x1A, 0x6D, 0xCC, 0x75, 0x18, 0xFF,
    0xB6, 0x9D, 0xFE, 0xBE, 0x9C, 0xFF, 0xBE, 0xDD, 0xFF, 0xC6, 0xDD, 0xFF,
    0xC6, 0xDD, 0xFF, 0xC6, 0xDD, 0xFF, 0xBE, 0xBC, 0xFF, 0xBE, 0xBD, 0xFF,
    0xBE, 0xBD, 0xFF, 0x64, 0x95, 0xFF, 0x54, 0x14, 0xFF, 0x95, 0xFB, 0xFF,
    0x8D, 0xBA, 0xFF, 0x95, 0xDB, 0xFF, 0x85, 0x9A, 0xFF, 0x7D, 0x59, 0xFF,
    0x8D, 0xBA, 0xFF, 0xA6, 0x5C, 0xFF, 0xAE, 0x7C, 0xFF, 0xA6, 0x3C, 0xFF,
    0x8D, 0xDB, 0xFF, 0x2A, 0xCF, 0xF7, 0x01, 0x48, 0x13, 0x00, 0x00, 0x00,
    0x00, 0x00, 0x00, 0x00, 0x00, 0x00, 0x00, 0x00, 0x00, 0x00, 0x00, 0x00,
    0x00, 0x00, 0x00, 0x00, 0x00, 0x00, 0x00, 0x00, 0x00, 0x00, 0x00, 0x00,
    0x00, 0x00, 0x02, 0x00, 0x00, 0x00, 0x01, 0x68, 0x40, 0x3B, 0x51, 0xFC,
    0xA6, 0x5C, 0xFD, 0xAE, 0x7C, 0xFF, 0xBE, 0xBD, 0xFF, 0xC6, 0xDD, 0xFF,
    0xC6, 0xDD, 0xFF, 0xC6, 0xDD, 0xFF, 0xC6, 0xFD, 0xFF, 0xC6, 0xDD, 0xFF,
    0xC6, 0xDD, 0xFF, 0xB6, 0x7C, 0xFF, 0x43, 0x72, 0xFF, 0x8D, 0xBA, 0xFF,
    0xA6, 0x3B, 0xFF, 0xA6, 0x5C, 0xFF, 0xAE, 0x7C, 0xFF, 0xAE, 0x7D, 0xFF,
    0xB6, 0x9D, 0xFF, 0xB6, 0x9D, 0xFF, 0xB6, 0x7D, 0xFF, 0xA6, 0x3C, 0xFF,
    0x7D, 0x59, 0xFF, 0x2A, 0xCE, 0xE2, 0x00, 0x00, 0x03, 0x00, 0x00, 0x00,
    0x00, 0x00, 0x00, 0x00, 0x00, 0x00, 0x00, 0x00, 0x00, 0x00, 0x00, 0x00,
    0x00, 0x00, 0x00, 0x00, 0x00, 0x00, 0x00, 0x00, 0x00, 0x00, 0x00, 0x00,
    0x00, 0x00, 0x01, 0x00, 0x00, 0x00, 0x00, 0xE3, 0x08, 0x1A, 0x4C, 0xB1,
    0x7D, 0x18, 0xFF, 0xB6, 0xBD, 0xFC, 0xB6, 0x7C, 0xFF, 0xBE, 0xBD, 0xFF,
    0xC6, 0xDD, 0xFF, 0xC6, 0xDD, 0xFF, 0xC6, 0xFD, 0xFF, 0xC6, 0xDD, 0xFF,
    0xC6, 0xDD, 0xFF, 0xBE, 0xDD, 0xFF, 0x74, 0xF7, 0xFF, 0x74, 0xF7, 0xFF,
    0xB6, 0xBD, 0xFF, 0xB6, 0x9D, 0xFF, 0xB6, 0x9D, 0xFF, 0xB6, 0x9D, 0xFF,
    0xB6, 0x9D, 0xFF, 0xB6, 0x9D, 0xFF, 0xAE, 0x7C, 0xFF, 0x9E, 0x1C, 0xFE,
    0x6C, 0xB7, 0xFF, 0x22, 0xAE, 0xB8, 0x00, 0x00, 0x01, 0x00, 0x00, 0x00,
    0x00, 0x00, 0x00, 0x00, 0x00, 0x00, 0x00, 0x00, 0x00, 0x00, 0x00, 0x00,
    0x00, 0x00, 0x00, 0x00, 0x00, 0x00, 0x00, 0x00, 0x00, 0x00, 0x00, 0x00,
    0x00, 0x00, 0x00, 0x07, 0xFF, 0x01, 0x00, 0x00, 0x00, 0x01, 0x48, 0x4F,
    0x4B, 0xB2, 0xFC, 0xA6, 0x5C, 0xFB, 0xA6, 0x3B, 0xFF, 0xB6, 0x9C, 0xFF,
    0xBE, 0xBD, 0xFF, 0xBE, 0xDD, 0xFF, 0xBE, 0xDD, 0xFF, 0xBE, 0xDD, 0xFF,
    0xBE, 0xDD, 0xFF, 0xBE, 0xDD, 0xFF, 0xA6, 0x3B, 0xFF, 0x95, 0xBA, 0xFF,
    0xBE, 0xBD, 0xFF, 0xB6, 0xBD, 0xFF, 0xB6, 0xBD, 0xFF, 0xB6, 0xBD, 0xFF,
    0xB6, 0x9D, 0xFF, 0xB6, 0x9D, 0xFF, 0xA6, 0x3C, 0xFF, 0x9E, 0x1C, 0xFD,
    0x4B, 0xF4, 0xFE, 0x1A, 0x4C, 0x7B, 0x00, 0x00, 0x00, 0x00, 0x00, 0x00,
    0x00, 0x00, 0x00, 0x00, 0x00, 0x00, 0x00, 0x00, 0x00, 0x00, 0x00, 0x00,
    0x00, 0x00, 0x00, 0x00, 0x00, 0x00, 0x00, 0x00, 0x00, 0x00, 0x00, 0x00,
    0x00, 0x00, 0x00, 0x03, 0xEF, 0x02, 0x00, 0x1F, 0x01, 0x22, 0x6C, 0x0D,
    0x12, 0x2C, 0xB7, 0x74, 0xF8, 0xFF, 0xA6, 0x5C, 0xFA, 0x9E, 0x1B, 0xFF,
    0xB6, 0x9C, 0xFF, 0xBE, 0xBD, 0xFF, 0xBE, 0xBD, 0xFF, 0xBE, 0xBD, 0xFF,
    0xBE, 0xBD, 0xFF, 0xBE, 0xBD, 0xFF, 0xBE, 0xDD, 0xFF, 0xBE, 0xFE, 0xFF,
    0xBE, 0xBD, 0xFF, 0xBE, 0xBD, 0xFF, 0xB6, 0xBD, 0xFF, 0xB6, 0xBD, 0xFF,
    0xB6, 0x9D, 0xFF, 0xAE, 0x7C, 0xFF, 0x95, 0xFB, 0xFF, 0x85, 0x9A, 0xFE,
    0x2B, 0x10, 0xFE, 0x01, 0x69, 0x31, 0x00, 0x00, 0x00, 0x00, 0x00, 0x01,
    0x00, 0x00, 0x00, 0x00, 0x00, 0x00, 0x00, 0x00, 0x00, 0x00, 0x00, 0x00,
    0x00, 0x00, 0x00, 0x00, 0x00, 0x00, 0x00, 0x00, 0x00, 0x00, 0x00, 0x00,
    0x00, 0x00, 0x00, 0x00, 0x00, 0x00, 0x02, 0xAA, 0x03, 0x00, 0x00, 0x00,
    0x09, 0xCA, 0x3A, 0x22, 0x8E, 0xE6, 0x85, 0x79, 0xFF, 0x9E, 0x3B, 0xFC,
    0x9E, 0x1B, 0xFF, 0xAE, 0x7C, 0xFF, 0xB6, 0x9D, 0xFF, 0xB6, 0xBD, 0xFF,
    0xB6, 0xBD, 0xFF, 0xB6, 0xBD, 0xFF, 0xB6, 0xBD, 0xFF, 0xB6, 0xBD, 0xFF,
    0xBE, 0xBD, 0xFF, 0xBE, 0xBD, 0xFF, 0xBE, 0xBD, 0xFF, 0xB6, 0x9D, 0xFF,
    0xAE, 0x7C, 0xFF, 0x95, 0xFB, 0xFF, 0x96, 0x1C, 0xFB, 0x54, 0x55, 0xFF,
    0x12, 0x0B, 0xA9, 0x31, 0x86, 0x05, 0x00, 0x00, 0x00, 0x00, 0x00, 0x00,
    0x00, 0x00, 0x00, 0x00, 0x00, 0x00, 0x00, 0x00, 0x00, 0x00, 0x00, 0x00,
    0x00, 0x00, 0x00, 0x00, 0x00, 0x00, 0x00, 0x00, 0x00, 0x00, 0x00, 0x00,
    0x00, 0x00, 0x00, 0x00, 0x00, 0x00, 0x00, 0x00, 0x00, 0x02, 0xAA, 0x03,
    0x00, 0x00, 0x00, 0x09, 0xAA, 0x55, 0x22, 0x8E, 0xEE, 0x74, 0xF8, 0xFF,
    0x95, 0xFB, 0xFE, 0x95, 0xFB, 0xFF, 0x9E, 0x1B, 0xFF, 0xA6, 0x3C, 0xFF,
    0xA6, 0x3C, 0xFF, 0xA6, 0x3C, 0xFF, 0xA6, 0x5C, 0xFF, 0xAE, 0x7C, 0xFF,
    0xB6, 0x9D, 0xFF, 0xB6, 0x9D, 0xFF, 0xAE, 0x7D, 0xFF, 0xA6, 0x3C, 0xFF,
    0x95, 0xFB, 0xFF, 0x95, 0xFB, 0xFD, 0x6C, 0xD7, 0xFF, 0x1A, 0x6D, 0xE4,
    0x09, 0xA9, 0x2E, 0x00, 0x00, 0x00, 0x03, 0xEF, 0x02, 0x00, 0x00, 0x00,
    0x00, 0x00, 0x00, 0x00, 0x00, 0x00, 0x00, 0x00, 0x00, 0x00, 0x00, 0x00,
    0x00, 0x00, 0x00, 0x00, 0x00, 0x00, 0x00, 0x00, 0x00, 0x00, 0x00, 0x00,
    0x00, 0x00, 0x00, 0x00, 0x00, 0x00, 0x00, 0x00, 0x00, 0x00, 0x00, 0x00,
    0x03, 0xEF, 0x02, 0x00, 0x00, 0x00, 0x09, 0xCB, 0x3F, 0x1A, 0x4D, 0xD4,
    0x3B, 0x92, 0xFF, 0x64, 0xB7, 0xFF, 0x85, 0x9A, 0xFF, 0x8D, 0xDB, 0xFF,
    0x8D, 0xDB, 0xFF, 0x8D, 0xFB, 0xFF, 0x95, 0xFB, 0xFF, 0x9E, 0x1B, 0xFF,
    0xA6, 0x3C, 0xFF, 0xA6, 0x3C, 0xFF, 0x95, 0xFB, 0xFF, 0x95, 0xDB, 0xFF,
    0x85, 0x79, 0xFE, 0x4C, 0x14, 0xFF, 0x1A, 0x8E, 0xEA, 0x12, 0x0A, 0x49,
    0x00, 0x00, 0x00, 0x02, 0xAA, 0x03, 0x00, 0x00, 0x00, 0x00, 0x00, 0x00,
    0x00, 0x00, 0x00, 0x00, 0x00, 0x00, 0x00, 0x00, 0x00, 0x00, 0x00, 0x00,
    0x00, 0x00, 0x00, 0x00, 0x00, 0x00, 0x00, 0x00, 0x00, 0x00, 0x00, 0x00,
    0x00, 0x00, 0x00, 0x00, 0x00, 0x00, 0x00, 0x00, 0x00, 0x00, 0x00, 0x00,
    0x00, 0x00, 0x00, 0x00, 0x00, 0x01, 0x00, 0x00, 0x00, 0x11, 0xEB, 0x51,
    0x2B, 0x10, 0xFC, 0x54, 0x35, 0xFF, 0x6C, 0xF8, 0xFF, 0x8D, 0xDB, 0xFF,
    0x8D, 0xDB, 0xFF, 0x96, 0x1B, 0xFF, 0x9E, 0x3C, 0xFF, 0x9E, 0x3C, 0xFF,
    0x9E, 0x1B, 0xFF, 0x95, 0xFB, 0xFF, 0x95, 0xDA, 0xFF, 0x8D, 0xBA, 0xFF,
    0x6C, 0xF8, 0xFB, 0x3B, 0xB3, 0xFD, 0x22, 0x8E, 0xB7, 0x62, 0x6C, 0x0A,
    0x00, 0x00, 0x00, 0x00, 0x0F, 0x02, 0x00, 0x00, 0x00, 0x00, 0x00, 0x00,
    0x00, 0x00, 0x00, 0x00, 0x00, 0x00, 0x00, 0x00, 0x00, 0x00, 0x00, 0x00,
    0x00, 0x00, 0x00, 0x00, 0x00, 0x00, 0x00, 0x00, 0x00, 0x00, 0x00, 0x00,
    0x00, 0x00, 0x00, 0x00, 0x00, 0x00, 0x00, 0x00, 0x00, 0x00, 0x00, 0x00,
    0x00, 0x00, 0x00, 0x00, 0x00, 0x01, 0x00, 0x00, 0x01, 0x01, 0x49, 0x3F,
    0x3B, 0x50, 0xFF, 0xAE, 0xDE, 0xFA, 0x9E, 0x3C, 0xFB, 0x95, 0xFB, 0xFD,
    0x9E, 0x1C, 0xFD, 0xA6, 0x3C, 0xFE, 0xA6, 0x5C, 0xFE, 0xA6, 0x5C, 0xFE,
    0x9E, 0x3C, 0xFE, 0x96, 0x1B, 0xFE, 0x95, 0xFB, 0xFD, 0x95, 0xFB, 0xFC,
    0x96, 0x3C, 0xF6, 0x64, 0xB7, 0xFF, 0x12, 0x2C, 0xB7, 0x53, 0x91, 0x09,
    0x00, 0x0F, 0x02, 0x00, 0x1F, 0x01, 0x00, 0x00, 0x00, 0x00, 0x00, 0x00,
    0x00, 0x00, 0x00, 0x00, 0x00, 0x00, 0x00, 0x00, 0x00, 0x00, 0x00, 0x00,
    0x00, 0x00, 0x00, 0x00, 0x00, 0x00, 0x00, 0x00, 0x00, 0x00, 0x00, 0x00,
    0x00, 0x00, 0x00, 0x00, 0x00, 0x00, 0x00, 0x00, 0x00, 0x00, 0x00, 0x00,
    0x00, 0x00, 0x00, 0x00, 0x00, 0x00, 0x00, 0x00, 0x00, 0x00, 0xE7, 0x09,
    0x1A, 0x2C, 0xAC, 0x43, 0xB2, 0xFF, 0x5C, 0x96, 0xFF, 0x6C, 0xD7, 0xFF,
    0x75, 0x18, 0xFF, 0x7D, 0x79, 0xFF, 0x85, 0x9A, 0xFF, 0x85, 0x9A, 0xFF,
    0x7D, 0x79, 0xFF, 0x75, 0x38, 0xFF, 0x64, 0xD7, 0xFF, 0x5C, 0x96, 0xFF,
    0x43, 0xF3, 0xFF, 0x22, 0xAE, 0xE6, 0x1A, 0x2B, 0x4B, 0x00, 0x00, 0x00,
    0x02, 0xB5, 0x03, 0x00, 0x00, 0x00, 0x00, 0x00, 0x00, 0x00, 0x00, 0x00,
    0x00, 0x00, 0x00, 0x00, 0x00, 0x00, 0x00, 0x00, 0x00, 0x00, 0x00, 0x00,
    0x00, 0x00, 0x00, 0x00, 0x00, 0x00, 0x00, 0x00, 0x00, 0x00, 0x00, 0x00,
    0x00, 0x00, 0x00, 0x00, 0x00, 0x00, 0x00, 0x00, 0x00, 0x00, 0x00, 0x00,
    0x00, 0x00, 0x00, 0x00, 0x00, 0x00, 0x00, 0x00, 0x00, 0x00, 0x00, 0x00,
    0x22, 0x2C, 0x0F, 0x01, 0xAA, 0x56, 0x1A, 0x4C, 0x94, 0x22, 0xAF, 0xBB,
    0x2A, 0xD0, 0xD6, 0x2A, 0xF0, 0xE3, 0x2B, 0x10, 0xEA, 0x2B, 0x10, 0xEA,
    0x2A, 0xF0, 0xE5, 0x2A, 0xF0, 0xDB, 0x22, 0xCF, 0xC5, 0x1A, 0x6D, 0xA5,
    0x09, 0xEA, 0x72, 0x09, 0xEA, 0x29, 0x00, 0x00, 0x00, 0x00, 0x00, 0x00,
    0x00, 0x00, 0x00, 0x00, 0x00, 0x00, 0x00, 0x00, 0x00, 0x00, 0x00, 0x00,
    0x00, 0x00, 0x00, 0x00, 0x00, 0x00, 0x00, 0x00, 0x00, 0x00, 0x00, 0x00,
    0x00, 0x00, 0x00, 0x00, 0x00, 0x00, 0x00, 0x00, 0x00, 0x00, 0x00, 0x00,
    0x00, 0x00, 0x00, 0x00, 0x00, 0x00, 0x00, 0x00, 0x00, 0x00, 0x00, 0x00,
    0x00, 0x00, 0x00, 0x00, 0x00, 0x00, 0x00, 0x00, 0x00, 0x00, 0x00, 0x01,
    0x00, 0x00, 0x00, 0x00, 0x00, 0x00, 0x39, 0xEF, 0x04, 0x01, 0x29, 0x0D,
    0x01, 0x8B, 0x14, 0x01, 0x6B, 0x17, 0x01, 0x4A, 0x19, 0x01, 0x4A, 0x19,
    0x01, 0x4A, 0x18, 0x01, 0x8A, 0x15, 0x09, 0x69, 0x10, 0x19, 0xEB, 0x08,
    0x00, 0x00, 0x00, 0x00, 0x00, 0x00, 0x00, 0x00, 0x01, 0x00, 0x00, 0x00,
    0x00, 0x00, 0x00, 0x00, 0x00, 0x00, 0x00, 0x00, 0x00, 0x00, 0x00, 0x00,
    0x00, 0x00, 0x00, 0x00, 0x00, 0x00, 0x00, 0x00, 0x00, 0x00, 0x00, 0x00,
};

const lv_img_dsc_t img_gesture_6 = {
    .header.cf = LV_IMG_CF_TRUE_COLOR_ALPHA,
    .header.always_zero = 0,
    .header.reserved = 0,
    .header.w = 36,
    .header.h = 36,
    .data_size = 3888,
    .data = img_gesture_6_data,
};

/* gesture: 7 (36x36) */
static const uint8_t img_gesture_7_data[3888] = {
    0x00, 0x00, 0x00, 0x00, 0x00, 0x00, 0x00, 0x00, 0x00, 0x00, 0x00, 0x00,
    0x00, 0x00, 0x00, 0x00, 0x00, 0x00, 0x00, 0x00, 0x00, 0x00, 0x00, 0x00,
    0x00, 0x00, 0x00, 0x00, 0x00, 0x00, 0x00, 0x00, 0x00, 0x00, 0x00, 0x00,
    0x00, 0x00, 0x00, 0x00, 0x00, 0x00, 0x00, 0x00, 0x00, 0x00, 0x00, 0x00,
    0x00, 0x00, 0x02, 0x52, 0xAA, 0x03, 0x00, 0x00, 0x00, 0x00, 0x00, 0x00,
    0x00, 0x00, 0x00, 0x52, 0xAA, 0x03, 0x00, 0x00, 0x00, 0x00, 0x00, 0x00,
    0x00, 0x00, 0x00, 0x00, 0x00, 0x00, 0x00, 0x00, 0x00, 0x00, 0x00, 0x00,
    0x00, 0x00, 0x00, 0x00, 0x00, 0x00, 0x00, 0x00, 0x00, 0x00, 0x00, 0x00,
    0x00, 0x00, 0x00, 0x00, 0x00, 0x00, 0x00, 0x00, 0x00, 0x00, 0x00, 0x00,
    0x00, 0x00, 0x00, 0x00, 0x00, 0x00, 0x00, 0x00, 0x00, 0x00, 0x00, 0x00,
    0x00, 0x00, 0x00, 0x00, 0x00, 0x00, 0x00, 0x00, 0x00, 0x00, 0x00, 0x00,
    0x00, 0x00, 0x00, 0x7B, 0xEF, 0x02, 0x3B, 0xEF, 0x04, 0x7B, 0xEF, 0x02,
    0x00, 0x00, 0x00, 0x00, 0x00, 0x00, 0x00, 0x00, 0x00, 0x00, 0x00, 0x00,
    0x00, 0x00, 0x00, 0x00, 0x00, 0x00, 0x22, 0xCD, 0x1A, 0x12, 0x4C, 0x23,
    0x1A, 0xEF, 0x08, 0x00, 0x00, 0x00, 0x00, 0x00, 0x01, 0x00, 0x00, 0x00,
    0x00, 0x00, 0x00, 0x00, 0x00, 0x00, 0x00, 0x00, 0x00, 0x00, 0x00, 0x00,
    0x00, 0x00, 0x00, 0x00, 0x00, 0x00, 0x00, 0x00, 0x00, 0x00, 0x00, 0x00,
    0x00, 0x00, 0x00, 0x00, 0x00, 0x00, 0x00, 0x00, 0x00, 0x00, 0x00, 0x00,
    0x00, 0x00, 0x00, 0x00, 0x00, 0x00, 0x00, 0x00, 0x00, 0x00, 0x00, 0x00,
    0x00, 0x00, 0x00, 0x00, 0x00, 0x00, 0x00, 0x00, 0x00, 0x00, 0x00, 0x00,
    0x52, 0xAA, 0x03, 0x00, 0x00, 0x00, 0x00, 0x00, 0x00, 0x00, 0x00, 0x00,
    0x52, 0xB5, 0x03, 0x00, 0x00, 0x00, 0x00, 0x00, 0x00, 0x00, 0x00, 0x00,
    0x7B, 0xEF, 0x02, 0x32, 0xCE, 0x6C, 0x4B, 0xB1, 0xC9, 0x5C, 0x33, 0xD7,
    0x43, 0x91, 0xA6, 0x2A, 0xCF, 0x33, 0x00, 0x00, 0x00, 0x00, 0x00, 0x01,
    0x00, 0x00, 0x00, 0x00, 0x00, 0x00, 0x00, 0x00, 0x00, 0x00, 0x00, 0x00,
    0x00, 0x00, 0x00, 0x00, 0x00, 0x00, 0x00, 0x00, 0x00, 0x00, 0x00, 0x00,
    0x00, 0x00, 0x00, 0x00, 0x00, 0x00, 0x00, 0x00, 0x00, 0x00, 0x00, 0x00,
    0x00, 0x00, 0x00, 0x00, 0x00, 0x00, 0x00, 0x00, 0x00, 0x00, 0x00, 0x00,
    0x00, 0x00, 0x00, 0x00, 0x00, 0x00, 0x00, 0x1F, 0x01, 0x00, 0x00, 0x00,
    0x00, 0x00, 0x00, 0x43, 0xB1, 0x23, 0x33, 0x4F, 0x49, 0x53, 0xF2, 0x27,
    0x00, 0x00, 0x00, 0x00, 0x00, 0x01, 0x3B, 0xEF, 0x04, 0x00, 0x00, 0x00,
    0x3B, 0x0F, 0x6A, 0x74, 0x94, 0xFF, 0xC6, 0xDC, 0xFF, 0xC6, 0xDC, 0xFF,
    0x95, 0xD9, 0xFF, 0x43, 0x71, 0xD7, 0x2A, 0xEC, 0x1B, 0x00, 0x00, 0x00,
    0x7B, 0xEF, 0x02, 0x00, 0x00, 0x00, 0x00, 0x00, 0x00, 0x00, 0x00, 0x00,
    0x00, 0x00, 0x00, 0x00, 0x00, 0x00, 0x00, 0x00, 0x00, 0x00, 0x00, 0x00,
    0x00, 0x00, 0x00, 0x00, 0x00, 0x00, 0x00, 0x00, 0x00, 0x00, 0x00, 0x00,
    0x00, 0x00, 0x00, 0x00, 0x00, 0x00, 0x00, 0x00, 0x00, 0x00, 0x00, 0x00,
    0x00, 0x00, 0x00, 0x07, 0xFF, 0x01, 0x00, 0x00, 0x00, 0x9C, 0xF7, 0x08,
    0x3B, 0x2F, 0x82, 0x4B, 0xD2, 0xDB, 0x64, 0x74, 0xEC, 0x43, 0x91, 0xDD,
    0x3B, 0x2F, 0x63, 0x00, 0x00, 0x00, 0x7B, 0xEF, 0x02, 0x2B, 0x4F, 0x0C,
    0x3B, 0x2F, 0xCE, 0xDF, 0x3D, 0xFD, 0xFF, 0xFF, 0xFA, 0xE7, 0x7E, 0xFD,
    0xCF, 0x1E, 0xF7, 0x64, 0x95, 0xFF, 0x22, 0x6C, 0x52, 0x00, 0x00, 0x00,
    0x03, 0xEF, 0x02, 0x00, 0x00, 0x00, 0x00, 0x00, 0x00, 0x00, 0x00, 0x00,
    0x00, 0x00, 0x00, 0x00, 0x00, 0x00, 0x00, 0x00, 0x00, 0x00, 0x00, 0x00,
    0x00, 0x00, 0x00, 0x00, 0x00, 0x00, 0x00, 0x00, 0x00, 0x00, 0x00, 0x00,
    0x00, 0x00, 0x00, 0x00, 0x00, 0x00, 0x00, 0x00, 0x00, 0x00, 0x00, 0x00,
    0x00, 0x00, 0x00, 0x03, 0xEF, 0x02, 0x00, 0x00, 0x00, 0x2A, 0x8E, 0x4C,
    0x6C, 0x74, 0xFF, 0xD7, 0x1D, 0xFF, 0xCF, 0x1D, 0xFF, 0x9E, 0x3B, 0xFF,
    0x43, 0x71, 0xED, 0x33, 0x0E, 0x37, 0x00, 0x00, 0x00, 0x1A, 0x8D, 0x39,
    0x5B, 0xF2, 0xE5, 0xEF, 0x9E, 0xFE, 0xFF, 0xFF, 0xFD, 0xDF, 0x3D, 0xFF,
    0xCF, 0x3E, 0xFA, 0x6C, 0xF7, 0xFD, 0x22, 0x6D, 0x68, 0x00, 0x00, 0x00,
    0x00, 0x00, 0x01, 0x00, 0x00, 0x00, 0x00, 0x00, 0x00, 0x00, 0x00, 0x00,
    0x00, 0x00, 0x00, 0x00, 0x00, 0x00, 0x00, 0x00, 0x00, 0x00, 0x00, 0x00,
    0x00, 0x00, 0x00, 0x00, 0x00, 0x00, 0x00, 0x00, 0x00, 0x00, 0x00, 0x00,
    0x00, 0x00, 0x00, 0x00, 0x00, 0x00, 0x00, 0x00, 0x00, 0x00, 0x00, 0x00,
    0x00, 0x00, 0x00, 0x00, 0x00, 0x00, 0x00, 0x00, 0x00, 0x2A, 0xCE, 0x88,
    0xA5, 0xD9, 0xFF, 0xFF, 0xFF, 0xF9, 0xDF, 0x5D, 0xFE, 0xC6, 0xDD, 0xFD,
    0x74, 0xF7, 0xFF, 0x32, 0xEE, 0x9A, 0x00, 0x00, 0x00, 0x1A, 0x8D, 0x56,
    0x74, 0x94, 0xF3, 0xE7, 0x7D, 0xFF, 0xE7, 0x7D, 0xFE, 0xDF, 0x3D, 0xFF,
    0xCF, 0x3E, 0xFA, 0x6C, 0xD7, 0xFF, 0x22, 0x8E, 0x6B, 0x00, 0x00, 0x00,
    0x00, 0x00, 0x01, 0x00, 0x00, 0x00, 0x00, 0x00, 0x00, 0x00, 0x00, 0x00,
    0x00, 0x00, 0x00, 0x00, 0x00, 0x00, 0x00, 0x00, 0x00, 0x00, 0x00, 0x00,
    0x00, 0x00, 0x00, 0x00, 0x00, 0x00, 0x00, 0x00, 0x00, 0x00, 0x00, 0x00,
    0x00, 0x00, 0x00, 0x00, 0x00, 0x00, 0x00, 0x00, 0x00, 0x00, 0x00, 0x00,
    0x00, 0x00, 0x00, 0x00, 0x00, 0x00, 0x02, 0xAA, 0x03, 0x3B, 0x2F, 0x96,
    0xAE, 0x19, 0xFF, 0xFF, 0xFF, 0xFB, 0xE7, 0x7E, 0xFF, 0xCE, 0xFD, 0xFC,
    0x96, 0x1B, 0xFF, 0x33, 0x2F, 0xD2, 0x9C, 0xD3, 0x05, 0x12, 0x4D, 0x60,
    0x84, 0xD5, 0xFC, 0xE7, 0x7D, 0xFF, 0xDF, 0x5D, 0xFE, 0xD7, 0x3D, 0xFF,
    0xC6, 0xFD, 0xFA, 0x64, 0xB6, 0xFF, 0x22, 0x8D, 0x5C, 0x00, 0x00, 0x00,
    0x07, 0xFF, 0x01, 0x00, 0x00, 0x00, 0x00, 0x00, 0x00, 0x00, 0x00, 0x00,
    0x00, 0x00, 0x00, 0x00, 0x00, 0x00, 0x00, 0x00, 0x00, 0x00, 0x00, 0x00,
    0x00, 0x00, 0x00, 0x00, 0x00, 0x00, 0x00, 0x00, 0x00, 0x00, 0x00, 0x00,
    0x00, 0x00, 0x00, 0x00, 0x00, 0x00, 0x00, 0x00, 0x00, 0x00, 0x00, 0x00,
    0x00, 0x00, 0x00, 0x00, 0x00, 0x00, 0xFF, 0xFF, 0x01, 0x2A, 0xAE, 0x87,
    0xA5, 0xD8, 0xFF, 0xFF, 0xFF, 0xFB, 0xDF, 0x5D, 0xFF, 0xD7, 0x3D, 0xFD,
    0xAE, 0x5C, 0xFF, 0x4B, 0xD2, 0xF2, 0x53, 0xB0, 0x2F, 0x12, 0x0C, 0x65,
    0x8D, 0x36, 0xFF, 0xE7, 0x7D, 0xFE, 0xDF, 0x5D, 0xFE, 0xD7, 0x3D, 0xFF,
    0xBE, 0xBD, 0xF9, 0x5C, 0x55, 0xFF, 0x1A, 0x2C, 0x47, 0x00, 0x00, 0x00,
    0x03, 0xEF, 0x02, 0x00, 0x00, 0x00, 0x00, 0x00, 0x00, 0x00, 0x00, 0x00,
    0x00, 0x00, 0x00, 0x00, 0x00, 0x00, 0x00, 0x00, 0x00, 0x00, 0x00, 0x00,
    0x00, 0x00, 0x00, 0x00, 0x00, 0x00, 0x00, 0x00, 0x00, 0x00, 0x00, 0x00,
    0x00, 0x00, 0x00, 0x00, 0x00, 0x00, 0x00, 0x00, 0x00, 0x00, 0x00, 0x00,
    0x00, 0x00, 0x00, 0xFF, 0xFF, 0x01, 0x00, 0x00, 0x00, 0x0A, 0x0B, 0x5F,
    0x8D, 0x36, 0xFF, 0xF7, 0xFF, 0xF9, 0xD7, 0x3C, 0xFF, 0xDF, 0x3D, 0xFF,
    0xBE, 0x9C, 0xFD, 0x64, 0x96, 0xFF, 0x33, 0x0E, 0x5F, 0x0A, 0x0C, 0x67,
    0x9D, 0xB8, 0xFF, 0xE7, 0x7E, 0xFD, 0xDF, 0x5D, 0xFF, 0xD7, 0x1D, 0xFF,
    0xAE, 0x5B, 0xFD, 0x4B, 0xF3, 0xFF, 0x1A, 0x4C, 0x3A, 0x00, 0x00, 0x00,
    0x52, 0xAA, 0x03, 0x00, 0x00, 0x00, 0x00, 0x00, 0x00, 0x00, 0x00, 0x00,
    0x00, 0x00, 0x00, 0x00, 0x00, 0x00, 0x00, 0x00, 0x00, 0x00, 0x00, 0x00,
    0x00, 0x00, 0x00, 0x00, 0x00, 0x00, 0x00, 0x00, 0x00, 0x00, 0x00, 0x00,
    0x00, 0x00, 0x00, 0x00, 0x00, 0x00, 0x00, 0x00, 0x00, 0x00, 0x00, 0x00,
    0x00, 0x00, 0x00, 0x52, 0xAA, 0x03, 0x00, 0x00, 0x00, 0x09, 0xEB, 0x39,
    0x6C, 0x53, 0xFC, 0xDF, 0x5D, 0xFE, 0xDF, 0x5D, 0xFE, 0xD7, 0x3D, 0xFF,
    0xC6, 0xFD, 0xFB, 0x7D, 0x59, 0xFE, 0x22, 0xAD, 0x8E, 0x1A, 0x6D, 0x7E,
    0x9D, 0xF9, 0xFF, 0xDF, 0x7E, 0xFC, 0xD7, 0x1D, 0xFF, 0xD7, 0x1D, 0xFD,
    0xA6, 0x1B, 0xFF, 0x43, 0x92, 0xED, 0x1A, 0x4D, 0x2C, 0x00, 0x00, 0x00,
    0x07, 0xE0, 0x01, 0x00, 0x00, 0x00, 0x00, 0x00, 0x00, 0x00, 0x00, 0x00,
    0x00, 0x00, 0x00, 0x00, 0x00, 0x00, 0x00, 0x00, 0x00, 0x00, 0x00, 0x00,
    0x00, 0x00, 0x00, 0x00, 0x00, 0x00, 0x00, 0x00, 0x00, 0x00, 0x00, 0x00,
    0x00, 0x00, 0x00, 0x00, 0x00, 0x00, 0x00, 0x00, 0x00, 0x00, 0x00, 0x00,
    0x00, 0x00, 0x00, 0x03, 0xEF, 0x02, 0x00, 0x00, 0x00, 0x1A, 0x6E, 0x1D,
    0x4B, 0x90, 0xD0, 0xC6, 0xBB, 0xFF, 0xE7, 0x9E, 0xFC, 0xCF, 0x1D, 0xFF,
    0xCE, 0xFD, 0xFD, 0x95, 0xDA, 0xFF, 0x43, 0x71, 0xC3, 0x2A, 0xCE, 0xBE,
    0x9D, 0xF9, 0xFF, 0xDF, 0x5E, 0xFD, 0xCE, 0xFC, 0xFF, 0xCF, 0x1D, 0xFC,
    0x95, 0xDA, 0xFF, 0x43, 0x91, 0xCC, 0x0A, 0x0C, 0x1F, 0x00, 0x00, 0x04,
    0x00, 0x06, 0x05, 0x00, 0x00, 0x00, 0x00, 0x00, 0x00, 0x00, 0x00, 0x00,
    0x00, 0x00, 0x00, 0x00, 0x00, 0x00, 0x00, 0x00, 0x00, 0x00, 0x00, 0x00,
    0x00, 0x00, 0x00, 0x00, 0x00, 0x00, 0x00, 0x00, 0x00, 0x00, 0x00, 0x00,
    0x00, 0x00, 0x00, 0x00, 0x00, 0x00, 0x00, 0x00, 0x00, 0x00, 0x00, 0x00,
    0x00, 0x00, 0x00, 0x00, 0x00, 0x01, 0x00, 0x00, 0x00, 0xFF, 0xFF, 0x02,
    0x22, 0x4C, 0x95, 0xAE, 0x19, 0xFF, 0xEF, 0xBF, 0xFA, 0xCE, 0xFC, 0xFF,
    0xCF, 0x1D, 0xFF, 0xA6, 0x3B, 0xFF, 0x64, 0x95, 0xFB, 0x2B, 0x0F, 0xFB,
    0x95, 0xB9, 0xFF, 0xCF, 0x3E, 0xFF, 0xC6, 0xDC, 0xFF, 0xC6, 0xFD, 0xFE,
    0x8D, 0x99, 0xFF, 0x33, 0x50, 0xE5, 0x43, 0x70, 0xD6, 0x4B, 0xB1, 0xEF,
    0x43, 0x70, 0xD1, 0x32, 0xEE, 0x50, 0x7F, 0xFF, 0x02, 0x63, 0x33, 0x05,
    0x03, 0xEF, 0x02, 0x00, 0x00, 0x00, 0x00, 0x00, 0x00, 0x00, 0x00, 0x00,
    0x00, 0x00, 0x00, 0x00, 0x00, 0x00, 0x00, 0x00, 0x00, 0x00, 0x00, 0x00,
    0x00, 0x00, 0x00, 0x00, 0x00, 0x00, 0x00, 0x00, 0x00, 0x00, 0x00, 0x00,
    0x00, 0x00, 0x00, 0x00, 0x00, 0x00, 0x3B, 0xEF, 0x04, 0x00, 0x00, 0x00,
    0x11, 0xEC, 0x5F, 0x85, 0x16, 0xFD, 0xDF, 0x5E, 0xFB, 0xCE, 0xFD, 0xFF,
    0xC6, 0xDD, 0xFF, 0xBE, 0xBD, 0xFF, 0x6C, 0xD6, 0xFF, 0x1A, 0x8E, 0xFF,
    0x9D, 0xFA, 0xFF, 0xCF, 0x1E, 0xFF, 0xBE, 0xBC, 0xFF, 0xC6, 0xFE, 0xFF,
    0x7D, 0x38, 0xFF, 0x43, 0xB1, 0xFF, 0xC6, 0x9B, 0xFF, 0xE7, 0x9E, 0xFF,
    0xAE, 0x3A, 0xFF, 0x4B, 0x91, 0xEF, 0x3B, 0x0F, 0x3C, 0x00, 0x00, 0x00,
    0xFF, 0xFF, 0x01, 0x02, 0xAA, 0x03, 0x00, 0x00, 0x00, 0x00, 0x00, 0x00,
    0x00, 0x00, 0x00, 0x00, 0x00, 0x00, 0x00, 0x00, 0x00, 0x00, 0x00, 0x00,
    0x00, 0x00, 0x00, 0x00, 0x00, 0x00, 0x00, 0x00, 0x00, 0x00, 0x00, 0x01,
    0x03, 0xEF, 0x02, 0x00, 0x1F, 0x01, 0x52, 0xB5, 0x03, 0x00, 0x00, 0x00,
    0x1A, 0x6E, 0x32, 0x53, 0xB1, 0xE2, 0xC6, 0xDC, 0xFF, 0xCF, 0x1D, 0xFD,
    0xBE, 0xBC, 0xFF, 0xC6, 0xFE, 0xFF, 0x8D, 0x79, 0xFF, 0x22, 0xEF, 0xFF,
    0x9D, 0xDA, 0xFF, 0xCE, 0xFE, 0xFF, 0xBE, 0xBC, 0xFF, 0xC6, 0xDD, 0xFF,
    0x64, 0x75, 0xFF, 0x9D, 0x97, 0xFF, 0xFF, 0xFF, 0xFE, 0xDF, 0x5D, 0xFF,
    0xE7, 0x9F, 0xFC, 0x9D, 0xD9, 0xFF, 0x1A, 0x6D, 0xB0, 0x0A, 0x4B, 0x43,
    0x3A, 0xF1, 0x16, 0x00, 0x00, 0x00, 0x00, 0x00, 0x00, 0x00, 0x00, 0x00,
    0x00, 0x00, 0x00, 0x00, 0x00, 0x00, 0x00, 0x00, 0x00, 0x00, 0x00, 0x00,
    0x00, 0x00, 0x00, 0x00, 0x00, 0x01, 0x03, 0xEF, 0x02, 0x00, 0x00, 0x00,
    0x00, 0x00, 0x00, 0x00, 0x00, 0x00, 0x01, 0xE7, 0x04, 0x7B, 0xEF, 0x02,
    0x73, 0x95, 0x09, 0x22, 0x6D, 0xB6, 0xB6, 0x7B, 0xFF, 0xCF, 0x3E, 0xFB,
    0xBE, 0xBC, 0xFF, 0xC6, 0xDD, 0xFF, 0xAE, 0x5C, 0xFF, 0x6C, 0xD6, 0xFF,
    0xA6, 0x3B, 0xFF, 0xC6, 0xFD, 0xFF, 0xCE, 0xFE, 0xFF, 0xA6, 0x1B, 0xFF,
    0x64, 0x53, 0xFF, 0xCE, 0xDC, 0xFF, 0xE7, 0x7E, 0xFF, 0xD7, 0x3D, 0xFF,
    0xD7, 0x3E, 0xFF, 0x8D, 0x78, 0xFE, 0x4B, 0x91, 0xFD, 0x6C, 0x73, 0xF0,
    0x22, 0xCE, 0xBF, 0x1A, 0x8C, 0x36, 0x00, 0x00, 0x00, 0x00, 0x00, 0x00,
    0x00, 0x00, 0x00, 0x00, 0x00, 0x00, 0x00, 0x00, 0x00, 0x00, 0x00, 0x00,
    0x00, 0x00, 0x00, 0x00, 0x00, 0x00, 0x00, 0x00, 0x00, 0x12, 0xCF, 0x0E,
    0x22, 0xAF, 0x23, 0x33, 0x33, 0x0F, 0x00, 0x00, 0x00, 0x00, 0x00, 0x00,
    0x00, 0x00, 0x00, 0x12, 0x2C, 0x87, 0x8D, 0x78, 0xFF, 0xCF, 0x1D, 0xFC,
    0xC6, 0xDD, 0xFF, 0xC6, 0xDD, 0xFF, 0xBE, 0xDD, 0xFF, 0xBE, 0xBD, 0xFF,
    0xBE, 0xDC, 0xFF, 0xC6, 0xDD, 0xFF, 0xC6, 0xFE, 0xFF, 0x7D, 0x17, 0xFF,
    0x74, 0xB5, 0xFF, 0xE7, 0x9F, 0xFF, 0xCF, 0x1D, 0xFF, 0xD7, 0x3D, 0xFF,
    0xBE, 0xBC, 0xFF, 0x5C, 0x54, 0xFF, 0xA5, 0xFA, 0xFF, 0xE7, 0x9E, 0xFF,
    0x9D, 0xD8, 0xFF, 0x32, 0xEE, 0xD7, 0x01, 0x68, 0x0B, 0x00, 0x00, 0x00,
    0x00, 0x00, 0x00, 0x00, 0x00, 0x00, 0x00, 0x00, 0x00, 0x00, 0x00, 0x00,
    0x00, 0x00, 0x00, 0x22, 0x4C, 0x25, 0x22, 0x8D, 0xAF, 0x32, 0xEE, 0xE5,
    0x3B, 0x2F, 0xE9, 0x33, 0x0F, 0xE5, 0x22, 0xAE, 0xB0, 0x1A, 0x4D, 0x42,
    0x00, 0x00, 0x00, 0x22, 0x6D, 0x57, 0x64, 0x54, 0xF7, 0xBE, 0xBD, 0xFF,
    0xC6, 0xDD, 0xFE, 0xC6, 0xDD, 0xFF, 0xC6, 0xDD, 0xFF, 0xC6, 0xDD, 0xFF,
    0xC6, 0xDD, 0xFF, 0xC6, 0xFD, 0xFF, 0xB6, 0x9C, 0xFF, 0x54, 0x34, 0xFF,
    0x8D, 0x79, 0xFF, 0xD7, 0x3E, 0xFF, 0xCE, 0xFD, 0xFF, 0xCF, 0x1D, 0xFF,
    0x8D, 0x99, 0xFF, 0x4B, 0xF3, 0xFF, 0xD7, 0x3E, 0xFE, 0xD7, 0x3D, 0xFD,
    0xDF, 0x7E, 0xFB, 0x53, 0xD2, 0xFF, 0x12, 0x0B, 0x4D, 0x00, 0x00, 0x00,
    0x00, 0x00, 0x01, 0x00, 0x00, 0x00, 0x00, 0x00, 0x00, 0x00, 0x00, 0x00,
    0x12, 0x2C, 0x1A, 0x2A, 0xAE, 0xD7, 0x95, 0x77, 0xFF, 0xEF, 0xBE, 0xFF,
    0xFF, 0xFF, 0xFF, 0xDF, 0x7E, 0xFF, 0x9D, 0xB8, 0xFF, 0x4B, 0x91, 0xFE,
    0x2A, 0xCF, 0x8C, 0x22, 0x8D, 0x46, 0x4B, 0xB2, 0xE3, 0xB6, 0x9D, 0xFF,
    0xC6, 0xDD, 0xFD, 0xBE, 0xBD, 0xFF, 0xBE, 0xBD, 0xFF, 0xBE, 0xBD, 0xFF,
    0xBE, 0xBD, 0xFF, 0xC6, 0xFD, 0xFF, 0xA6, 0x3B, 0xFF, 0x43, 0xB2, 0xFF,
    0x9D, 0xFB, 0xFF, 0xB6, 0x9D, 0xFF, 0xBE, 0xBD, 0xFF, 0xB6, 0x7C, 0xFF,
    0x54, 0x14, 0xFF, 0x7D, 0x38, 0xFF, 0xD7, 0x3E, 0xFF, 0xC6, 0xDD, 0xFF,
    0xBE, 0xDD, 0xFF, 0x5C, 0x54, 0xFE, 0x22, 0x8D, 0x77, 0x00, 0x00, 0x00,
    0x03, 0xEF, 0x02, 0x00, 0x00, 0x00, 0x00, 0x00, 0x00, 0x00, 0x00, 0x00,
    0x12, 0x0C, 0x64, 0x5C, 0x34, 0xFF, 0xDF, 0x7F, 0xFD, 0xE7, 0x7E, 0xFE,
    0xF7, 0xDF, 0xFE, 0xDF, 0x5D, 0xFE, 0xDF, 0x7D, 0xFF, 0xD7, 0x3D, 0xFF,
    0x74, 0xD6, 0xFF, 0x2A, 0xEF, 0xD8, 0x2A, 0xF0, 0xEA, 0xAE, 0x5C, 0xFF,
    0xBE, 0xDD, 0xFE, 0xC6, 0xFE, 0xFF, 0xBE, 0xDD, 0xFF, 0xB6, 0xBD, 0xFF,
    0xBE, 0xBD, 0xFF, 0xBE, 0xDE, 0xFF, 0x9E, 0x1B, 0xFF, 0x3B, 0x72, 0xFF,
    0x9E, 0x3C, 0xFF, 0x9D, 0xFB, 0xFF, 0xA6, 0x5C, 0xFF, 0x85, 0x79, 0xFF,
    0x3B, 0x92, 0xFF, 0xB6, 0x9D, 0xFF, 0xC6, 0xDD, 0xFF, 0xBE, 0xBD, 0xFF,
    0x7D, 0x38, 0xFF, 0x4B, 0xF3, 0xFF, 0x2A, 0xAD, 0x75, 0x00, 0x00, 0x00,
    0x03, 0xEF, 0x02, 0x00, 0x00, 0x00, 0x00, 0x00, 0x00, 0x00, 0x00, 0x00,
    0x1A, 0x2C, 0x6A, 0x54, 0x34, 0xFF, 0xBE, 0xDE, 0xFA, 0xB6, 0x9C, 0xFF,
    0xC6, 0xDC, 0xFF, 0xD7, 0x3D, 0xFF, 0xD7, 0x1D, 0xFF, 0xD7, 0x3D, 0xFF,
    0xD7, 0x3E, 0xFD, 0x8D, 0x78, 0xFF, 0x4B, 0xD3, 0xFF, 0xA6, 0x1B, 0xFF,
    0xBE, 0xBD, 0xFF, 0x9D, 0xFA, 0xFF, 0xB6, 0x9C, 0xFF, 0xC7, 0x1E, 0xFF,
    0xB6, 0x9D, 0xFF, 0xBE, 0xBD, 0xFF, 0xA6, 0x3B, 0xFF, 0x3B, 0x71, 0xFF,
    0x7D, 0x59, 0xFF, 0xA6, 0x5D, 0xFF, 0x8D, 0xDB, 0xFF, 0x3B, 0xB2, 0xFF,
    0x75, 0x18, 0xFF, 0xB6, 0x9D, 0xFF, 0xB6, 0x9D, 0xFF, 0x8D, 0x9A, 0xFF,
    0x43, 0xB3, 0xFF, 0x33, 0x51, 0xFF, 0x2A, 0xCD, 0x56, 0x00, 0x00, 0x00,
    0x00, 0x1F, 0x01, 0x00, 0x00, 0x00, 0x00, 0x00, 0x00, 0x00, 0x00, 0x00,
    0x12, 0x0B, 0x1F, 0x2A, 0xCF, 0xD8, 0x64, 0xB7, 0xFF, 0x9E, 0x5C, 0xFB,
    0xB6, 0xBD, 0xFE, 0xBE, 0xBC, 0xFF, 0xCE, 0xFD, 0xFF, 0xCE, 0xFD, 0xFF,
    0xCE, 0xFC, 0xFF, 0xD7, 0x3D, 0xFE, 0xBE, 0x9C, 0xFE, 0xBE, 0xBC, 0xFF,
    0xBE, 0xBD, 0xFF, 0x74, 0xF6, 0xFF, 0x54, 0x34, 0xFF, 0x74, 0xF7, 0xFF,
    0xB6, 0xBD, 0xFF, 0xBE, 0xBD, 0xFF, 0xB6, 0x7C, 0xFF, 0x74, 0xF7, 0xFF,
    0x33, 0x92, 0xFF, 0x4C, 0x14, 0xFF, 0x33, 0x92, 0xFF, 0x33, 0x51, 0xFF,
    0x96, 0x1C, 0xFF, 0xA6, 0x3C, 0xFF, 0xA6, 0x5C, 0xFF, 0x4B, 0xD3, 0xFF,
    0x5C, 0x96, 0xFF, 0x33, 0x50, 0xFD, 0x11, 0xEA, 0x2C, 0x00, 0x00, 0x00,
    0x00, 0x00, 0x00, 0x00, 0x00, 0x00, 0x00, 0x00, 0x00, 0x00, 0x00, 0x00,
    0x00, 0x00, 0x00, 0x19, 0xEB, 0x29, 0x22, 0x6E, 0xAE, 0x3B, 0x71, 0xFF,
    0x75, 0x38, 0xFF, 0xAE, 0x7D, 0xFE, 0xB6, 0x9C, 0xFF, 0xBE, 0xBD, 0xFF,
    0xC6, 0xDD, 0xFF, 0xC6, 0xDC, 0xFF, 0xCF, 0x1D, 0xFF, 0xCE, 0xFD, 0xFF,
    0xCE, 0xFD, 0xFF, 0xBE, 0xBC, 0xFF, 0xA6, 0x1A, 0xFF, 0x64, 0x95, 0xFF,
    0x54, 0x34, 0xFF, 0xAE, 0x5C, 0xFF, 0xBE, 0xBD, 0xFF, 0xAE, 0x5C, 0xFF,
    0x75, 0x38, 0xFF, 0x54, 0x75, 0xFF, 0x5C, 0xB7, 0xFF, 0x33, 0x51, 0xFF,
    0x64, 0xD7, 0xFF, 0x85, 0x7A, 0xFF, 0x4C, 0x14, 0xFF, 0x43, 0xD4, 0xFF,
    0x7D, 0x7A, 0xFF, 0x2B, 0x0F, 0xF4, 0x00, 0xA2, 0x0C, 0x00, 0x00, 0x00,
    0x00, 0x00, 0x00, 0x00, 0x00, 0x00, 0x00, 0x00, 0x00, 0x00, 0x00, 0x00,
    0x00, 0x00, 0x01, 0x00, 0x00, 0x00, 0x39, 0xCA, 0x09, 0x09, 0xCA, 0x46,
    0x22, 0xAE, 0xCE, 0x4C, 0x34, 0xFF, 0x9E, 0x3C, 0xFF, 0xAE, 0x7C, 0xFF,
    0xB6, 0x9C, 0xFF, 0xC6, 0xDD, 0xFF, 0xC6, 0xDD, 0xFF, 0xCE, 0xFD, 0xFF,
    0xCF, 0x1D, 0xFF, 0xD7, 0x3D, 0xFF, 0xD7, 0x5E, 0xFF, 0xCF, 0x1E, 0xFF,
    0x74, 0xD6, 0xFF, 0x5C, 0x55, 0xFF, 0xB6, 0x9D, 0xFF, 0xB6, 0x9C, 0xFF,
    0xAE, 0x7C, 0xFF, 0xA6, 0x5C, 0xFF, 0x9E, 0x3C, 0xFF, 0x75, 0x18, 0xFF,
    0x3B, 0x93, 0xFF, 0x33, 0x52, 0xFF, 0x4C, 0x14, 0xFF, 0x85, 0x9A, 0xFE,
    0x7D, 0x59, 0xFF, 0x2A, 0xEE, 0xDC, 0x00, 0x00, 0x03, 0x00, 0x00, 0x00,
    0x00, 0x00, 0x00, 0x00, 0x00, 0x00, 0x00, 0x00, 0x00, 0x00, 0x00, 0x00,
    0x00, 0x00, 0x00, 0x03, 0xEF, 0x02, 0x00, 0x00, 0x00, 0x00, 0x00, 0x00,
    0x00, 0xE3, 0x08, 0x12, 0x2C, 0x91, 0x3B, 0x71, 0xFE, 0x9E, 0x1C, 0xFF,
    0xB6, 0x7C, 0xFF, 0xBE, 0x9C, 0xFF, 0xC6, 0xDD, 0xFF, 0xCE, 0xFD, 0xFF,
    0xCF, 0x1D, 0xFF, 0xCF, 0x1D, 0xFF, 0xCE, 0xFD, 0xFF, 0xCF, 0x1D, 0xFF,
    0xCF, 0x1E, 0xFF, 0x54, 0x13, 0xFF, 0x8D, 0x78, 0xFF, 0xBE, 0xBD, 0xFF,
    0xB6, 0x9C, 0xFF, 0xB6, 0x9C, 0xFF, 0xB6, 0x9C, 0xFF, 0xAE, 0x7C, 0xFF,
    0x96, 0x1B, 0xFF, 0x8D, 0xDA, 0xFF, 0x95, 0xFB, 0xFF, 0x9E, 0x1C, 0xFE,
    0x6C, 0xF7, 0xFF, 0x2A, 0xCE, 0xBA, 0x00, 0x00, 0x01, 0x00, 0x00, 0x00,
    0x00, 0x00, 0x00, 0x00, 0x00, 0x00, 0x00, 0x00, 0x00, 0x00, 0x00, 0x00,
    0x00, 0x00, 0x00, 0x00, 0x00, 0x00, 0x00, 0x00, 0x01, 0x00, 0x00, 0x01,
    0x00, 0x00, 0x00, 0x00, 0x00, 0x00, 0x11, 0xEB, 0x85, 0x4B, 0xB2, 0xFE,
    0xAE, 0x7C, 0xFC, 0xAE, 0x7C, 0xFF, 0xBE, 0xBD, 0xFF, 0xC6, 0xDD, 0xFF,
    0xC6, 0xFD, 0xFF, 0xCE, 0xFD, 0xFF, 0xC6, 0xFD, 0xFF, 0xC6, 0xDD, 0xFF,
    0xC6, 0xFD, 0xFF, 0x9D, 0xFA, 0xFF, 0x53, 0xF3, 0xFF, 0xBE, 0xBD, 0xFF,
    0xB6, 0x9D, 0xFF, 0xB6, 0xBD, 0xFF, 0xB6, 0xBD, 0xFF, 0xB6, 0x9D, 0xFF,
    0xB6, 0x9D, 0xFF, 0xB6, 0x9D, 0xFF, 0xA6, 0x3C, 0xFF, 0x9E, 0x1C, 0xFE,
    0x5C, 0x55, 0xFE, 0x1A, 0x6D, 0x94, 0x00, 0x00, 0x00, 0x00, 0x00, 0x00,
    0x00, 0x00, 0x00, 0x00, 0x00, 0x00, 0x00, 0x00, 0x00, 0x00, 0x00, 0x00,
    0x00, 0x00, 0x00, 0x00, 0x00, 0x00, 0x00, 0x00, 0x00, 0x00, 0x00, 0x00,
    0x00, 0x00, 0x01, 0x00, 0x0F, 0x02, 0x00, 0x0F, 0x02, 0x1A, 0x0C, 0xA6,
    0x6C, 0xB6, 0xFF, 0xB6, 0x9D, 0xFB, 0xAE, 0x5C, 0xFF, 0xBE, 0xBD, 0xFF,
    0xBE, 0xDD, 0xFF, 0xC6, 0xDD, 0xFF, 0xC6, 0xDD, 0xFF, 0xC6, 0xDD, 0xFF,
    0xC6, 0xDD, 0xFF, 0xBE, 0xBD, 0xFF, 0x64, 0x54, 0xFF, 0xB6, 0xBD, 0xFF,
    0xBE, 0xBD, 0xFF, 0xBE, 0xBD, 0xFF, 0xBE, 0xBD, 0xFF, 0xB6, 0xBD, 0xFF,
    0xB6, 0x9D, 0xFF, 0xB6, 0x9D, 0xFF, 0xA6, 0x1C, 0xFF, 0x96, 0x1C, 0xFD,
    0x43, 0x92, 0xFF, 0x09, 0xCA, 0x5B, 0x00, 0x00, 0x00, 0x00, 0x00, 0x00,
    0x00, 0x00, 0x00, 0x00, 0x00, 0x00, 0x00, 0x00, 0x00, 0x00, 0x00, 0x00,
    0x00, 0x00, 0x00, 0x00, 0x00, 0x00, 0x00, 0x00, 0x00, 0x00, 0x00, 0x00,
    0x00, 0x00, 0x00, 0x00, 0x1F, 0x01, 0xF8, 0x00, 0x01, 0x01, 0x8A, 0x24,
    0x2A, 0xAE, 0xDE, 0x8D, 0xBA, 0xFD, 0xAE, 0x5C, 0xFC, 0xAE, 0x5C, 0xFF,
    0xBE, 0xBD, 0xFF, 0xBE, 0xBD, 0xFF, 0xBE, 0xDD, 0xFF, 0xBE, 0xDD, 0xFF,
    0xBE, 0xBD, 0xFF, 0xBE, 0xBD, 0xFF, 0xAE, 0x7C, 0xFF, 0xB6, 0xBD, 0xFF,
    0xBE, 0xBD, 0xFF, 0xBE, 0xBD, 0xFF, 0xBE, 0xBD, 0xFF, 0xB6, 0xBD, 0xFF,
    0xB6, 0xBD, 0xFF, 0xAE, 0x7C, 0xFF, 0x9D, 0xFB, 0xFE, 0x85, 0x79, 0xFE,
    0x2A, 0xCF, 0xF2, 0x01, 0x27, 0x22, 0x00, 0x00, 0x00, 0x00, 0x00, 0x01,
    0x00, 0x00, 0x00, 0x00, 0x00, 0x00, 0x00, 0x00, 0x00, 0x00, 0x00, 0x00,
    0x00, 0x00, 0x00, 0x00, 0x00, 0x00, 0x00, 0x00, 0x00, 0x00, 0x00, 0x00,
    0x00, 0x00, 0x00, 0x00, 0x00, 0x00, 0x01, 0xE7, 0x04, 0xFF, 0xFF, 0x01,
    0x09, 0xAA, 0x61, 0x33, 0x30, 0xFD, 0x9D, 0xFC, 0xFE, 0xA6, 0x3C, 0xFE,
    0xAE, 0x5C, 0xFF, 0xB6, 0x9D, 0xFF, 0xB6, 0xBD, 0xFF, 0xBE, 0xBD, 0xFF,
    0xBE, 0xBD, 0xFF, 0xBE, 0xBD, 0xFF, 0xBE, 0xDD, 0xFF, 0xBE, 0xBD, 0xFF,
    0xBE, 0xBD, 0xFF, 0xBE, 0xBD, 0xFF, 0xBE, 0xBD, 0xFF, 0xBE, 0xBD, 0xFF,
    0xB6, 0x9D, 0xFF, 0x9E, 0x1B, 0xFF, 0x96, 0x1C, 0xFB, 0x54, 0x55, 0xFF,
    0x12, 0x0C, 0x9D, 0x39, 0xE7, 0x04, 0x00, 0x00, 0x00, 0x00, 0x00, 0x00,
    0x00, 0x00, 0x00, 0x00, 0x00, 0x00, 0x00, 0x00, 0x00, 0x00, 0x00, 0x00,
    0x00, 0x00, 0x00, 0x00, 0x00, 0x00, 0x00, 0x00, 0x00, 0x00, 0x00, 0x00,
    0x00, 0x00, 0x00, 0x00, 0x00, 0x00, 0x00, 0x00, 0x01, 0x02, 0xAA, 0x03,
    0x3B, 0xEF, 0x04, 0x11, 0xEB, 0x89, 0x3B, 0x51, 0xFF, 0x8D, 0xDB, 0xFF,
    0x9E, 0x1B, 0xFE, 0xA6, 0x5C, 0xFF, 0xAE, 0x7D, 0xFF, 0xB6, 0x9D, 0xFF,
    0xB6, 0x9D, 0xFF, 0xB6, 0x9D, 0xFF, 0xB6, 0x9D, 0xFF, 0xB6, 0x9D, 0xFF,
    0xB6, 0xBD, 0xFF, 0xB6, 0xBD, 0xFF, 0xB6, 0xBD, 0xFF, 0xAE, 0x9C, 0xFF,
    0x9E, 0x3B, 0xFF, 0x96, 0x1B, 0xFD, 0x6C, 0xD7, 0xFF, 0x22, 0x6D, 0xE9,
    0x09, 0xCA, 0x30, 0x00, 0x00, 0x00, 0x03, 0xEF, 0x02, 0x00, 0x00, 0x00,
    0x00, 0x00, 0x00, 0x00, 0x00, 0x00, 0x00, 0x00, 0x00, 0x00, 0x00, 0x00,
    0x00, 0x00, 0x00, 0x00, 0x00, 0x00, 0x00, 0x00, 0x00, 0x00, 0x00, 0x00,
    0x00, 0x00, 0x00, 0x00, 0x00, 0x00, 0x00, 0x00, 0x00, 0x00, 0x00, 0x00,
    0x00, 0x00, 0x00, 0x00, 0x00, 0x00, 0x11, 0xEB, 0x76, 0x22, 0xAE, 0xEF,
    0x5C, 0x75, 0xFF, 0x7D, 0x59, 0xFF, 0x95, 0xDA, 0xFF, 0x9D, 0xFB, 0xFF,
    0x9E, 0x1B, 0xFF, 0xA6, 0x3B, 0xFF, 0xA6, 0x3C, 0xFF, 0xA6, 0x5C, 0xFF,
    0xAE, 0x7C, 0xFF, 0xA6, 0x5C, 0xFF, 0xA6, 0x3C, 0xFF, 0x95, 0xFB, 0xFF,
    0x85, 0x9A, 0xFE, 0x5C, 0x96, 0xFE, 0x1A, 0x8E, 0xF0, 0x09, 0xAA, 0x54,
    0x00, 0x00, 0x00, 0x02, 0xAA, 0x03, 0x00, 0x00, 0x00, 0x00, 0x00, 0x00,
    0x00, 0x00, 0x00, 0x00, 0x00, 0x00, 0x00, 0x00, 0x00, 0x00, 0x00, 0x00,
    0x00, 0x00, 0x00, 0x00, 0x00, 0x00, 0x00, 0x00, 0x00, 0x00, 0x00, 0x00,
    0x00, 0x00, 0x00, 0x00, 0x00, 0x00, 0x00, 0x00, 0x00, 0x00, 0x00, 0x00,
    0x00, 0x00, 0x00, 0x00, 0x1F, 0x01, 0x00, 0x00, 0x00, 0x12, 0x0B, 0x75,
    0x22, 0xCF, 0xFD, 0x43, 0xB3, 0xFF, 0x75, 0x18, 0xFF, 0x8D, 0xDB, 0xFF,
    0x8D, 0xBA, 0xFF, 0x95, 0xFB, 0xFF, 0x9E, 0x1B, 0xFF, 0x9E, 0x1B, 0xFF,
    0x9E, 0x1B, 0xFF, 0x95, 0xFB, 0xFF, 0x8D, 0xDB, 0xFF, 0x8D, 0xBA, 0xFF,
    0x5C, 0x76, 0xF9, 0x2B, 0x52, 0xFD, 0x1A, 0x4D, 0x98, 0x00, 0x00, 0x00,
    0x01, 0xEF, 0x04, 0x00, 0x00, 0x00, 0x00, 0x00, 0x00, 0x00, 0x00, 0x00,
    0x00, 0x00, 0x00, 0x00, 0x00, 0x00, 0x00, 0x00, 0x00, 0x00, 0x00, 0x00,
    0x00, 0x00, 0x00, 0x00, 0x00, 0x00, 0x00, 0x00, 0x00, 0x00, 0x00, 0x00,
    0x00, 0x00, 0x00, 0x00, 0x00, 0x00, 0x00, 0x00, 0x00, 0x00, 0x00, 0x00,
    0x00, 0x00, 0x00, 0x00, 0x1F, 0x01, 0x00, 0x0F, 0x02, 0x09, 0xCA, 0x50,
    0x43, 0xB2, 0xFF, 0xAE, 0xDE, 0xFA, 0x95, 0xFB, 0xFC, 0x95, 0xFB, 0xFD,
    0x95, 0xFB, 0xFE, 0x9E, 0x3B, 0xFF, 0xA6, 0x3C, 0xFF, 0xA6, 0x3C, 0xFF,
    0x9E, 0x1B, 0xFF, 0x9D, 0xFB, 0xFE, 0x95, 0xFB, 0xFD, 0x95, 0xFB, 0xFC,
    0x96, 0x1C, 0xF7, 0x54, 0x76, 0xFF, 0x09, 0xEB, 0x93, 0x00, 0x00, 0x01,
    0x33, 0x2C, 0x05, 0x00, 0x00, 0x00, 0x00, 0x00, 0x00, 0x00, 0x00, 0x00,
    0x00, 0x00, 0x00, 0x00, 0x00, 0x00, 0x00, 0x00, 0x00, 0x00, 0x00, 0x00,
    0x00, 0x00, 0x00, 0x00, 0x00, 0x00, 0x00, 0x00, 0x00, 0x00, 0x00, 0x00,
    0x00, 0x00, 0x00, 0x00, 0x00, 0x00, 0x00, 0x00, 0x00, 0x00, 0x00, 0x00,
    0x00, 0x00, 0x00, 0x00, 0x00, 0x00, 0x00, 0x00, 0x00, 0x01, 0x67, 0x10,
    0x1A, 0x6D, 0xCA, 0x54, 0x35, 0xFF, 0x64, 0xD7, 0xFF, 0x75, 0x18, 0xFF,
    0x7D, 0x79, 0xFF, 0x8D, 0xBA, 0xFE, 0x8D, 0xBA, 0xFE, 0x8D, 0xBA, 0xFE,
    0x85, 0x9A, 0xFE, 0x7D, 0x59, 0xFF, 0x75, 0x18, 0xFF, 0x64, 0xB7, 0xFF,
    0x43, 0xF4, 0xFF, 0x1A, 0x6D, 0xE7, 0x12, 0x0A, 0x37, 0x00, 0x00, 0x00,
    0x02, 0xAA, 0x03, 0x00, 0x00, 0x00, 0x00, 0x00, 0x00, 0x00, 0x00, 0x00,
    0x00, 0x00, 0x00, 0x00, 0x00, 0x00, 0x00, 0x00, 0x00, 0x00, 0x00, 0x00,
    0x00, 0x00, 0x00, 0x00, 0x00, 0x00, 0x00, 0x00, 0x00, 0x00, 0x00, 0x00,
    0x00, 0x00, 0x00, 0x00, 0x00, 0x00, 0x00, 0x00, 0x00, 0x00, 0x00, 0x00,
    0x00, 0x00, 0x00, 0x00, 0x00, 0x00, 0x00, 0x00, 0x00, 0x00, 0x00, 0x00,
    0x11, 0xEC, 0x1C, 0x09, 0xCB, 0x6C, 0x22, 0x6D, 0xAE, 0x2A, 0xCF, 0xD0,
    0x2A, 0xF0, 0xEA, 0x33, 0x10, 0xFB, 0x33, 0x31, 0xFF, 0x33, 0x31, 0xFF,
    0x33, 0x10, 0xFB, 0x2B, 0x10, 0xEE, 0x2A, 0xEF, 0xD8, 0x1A, 0x8E, 0xB9,
    0x09, 0xEB, 0x82, 0x01, 0x89, 0x2E, 0x00, 0x00, 0x00, 0x00, 0x00, 0x00,
    0x00, 0x00, 0x00, 0x00, 0x00, 0x00, 0x00, 0x00, 0x00, 0x00, 0x00, 0x00,
    0x00, 0x00, 0x00, 0x00, 0x00, 0x00, 0x00, 0x00, 0x00, 0x00, 0x00, 0x00,
    0x00, 0x00, 0x00, 0x00, 0x00, 0x00, 0x00, 0x00, 0x00, 0x00, 0x00, 0x00,
    0x00, 0x00, 0x00, 0x00, 0x00, 0x00, 0x00, 0x00, 0x00, 0x00, 0x00, 0x00,
    0x00, 0x00, 0x00, 0x00, 0x00, 0x00, 0x00, 0x00, 0x00, 0x00, 0x00, 0x01,
    0x00, 0x00, 0x00, 0x00, 0x00, 0x00, 0x19, 0x89, 0x0A, 0x01, 0x48, 0x13,
    0x01, 0x48, 0x19, 0x01, 0x29, 0x20, 0x01, 0x4A, 0x23, 0x01, 0x89, 0x24,
    0x01, 0x28, 0x20, 0x01, 0x89, 0x1A, 0x01, 0x89, 0x15, 0x01, 0xC9, 0x0D,
    0x00, 0x00, 0x00, 0x00, 0x00, 0x00, 0x00, 0x1F, 0x01, 0x00, 0x00, 0x00,
    0x00, 0x00, 0x00, 0x00, 0x00, 0x00, 0x00, 0x00, 0x00, 0x00, 0x00, 0x00,
    0x00, 0x00, 0x00, 0x00, 0x00, 0x00, 0x00, 0x00, 0x00, 0x00, 0x00, 0x00,
};

const lv_img_dsc_t img_gesture_7 = {
    .header.cf = LV_IMG_CF_TRUE_COLOR_ALPHA,
    .header.always_zero = 0,
    .header.reserved = 0,
    .header.w = 36,
    .header.h = 36,
    .data_size = 3888,
    .data = img_gesture_7_data,
};

/* gesture: 8 (36x36) */
static const uint8_t img_gesture_8_data[3888] = {
    0x00, 0x00, 0x00, 0x00, 0x00, 0x00, 0x00, 0x00, 0x00, 0x00, 0x00, 0x00,
    0x00, 0x00, 0x00, 0x00, 0x00, 0x00, 0x00, 0x00, 0x00, 0x00, 0x00, 0x00,
    0x00, 0x00, 0x00, 0x00, 0x00, 0x00, 0x00, 0x00, 0x00, 0x00, 0x00, 0x01,
    0x00, 0x00, 0x00, 0x00, 0x00, 0x00, 0x00, 0x00, 0x00, 0x00, 0x00, 0x00,
    0x00, 0x00, 0x00, 0x00, 0x00, 0x01, 0x00, 0x00, 0x00, 0x00, 0x00, 0x00,
    0x00, 0x00, 0x00, 0x00, 0x00, 0x00, 0x00, 0x00, 0x00, 0x00, 0x00, 0x00,
    0x00, 0x00, 0x00, 0x00, 0x00, 0x00, 0x00, 0x00, 0x00, 0x00, 0x00, 0x00,
    0x00, 0x00, 0x00, 0x00, 0x00, 0x00, 0x00, 0x00, 0x00, 0x00, 0x00, 0x00,
    0x00, 0x00, 0x00, 0x00, 0x00, 0x00, 0x00, 0x00, 0x00, 0x00, 0x00, 0x00,
    0x00, 0x00, 0x00, 0x00, 0x00, 0x00, 0x00, 0x00, 0x00, 0x00, 0x00, 0x00,
    0x00, 0x00, 0x00, 0x00, 0x00, 0x00, 0x00, 0x00, 0x00, 0x00, 0x00, 0x00,
    0x00, 0x00, 0x00, 0x00, 0x00, 0x00, 0x00, 0x00, 0x00, 0x00, 0x00, 0x00,
    0x53, 0xEF, 0x06, 0x1A, 0x6C, 0x3E, 0x0A, 0x0B, 0x53, 0x1A, 0x8D, 0x41,
    0x4B, 0x72, 0x07, 0x00, 0x00, 0x00, 0x00, 0x00, 0x00, 0x00, 0x00, 0x00,
    0x00, 0x00, 0x00, 0x00, 0x00, 0x00, 0x00, 0x00, 0x00, 0x00, 0x00, 0x00,
    0x00, 0x00, 0x00, 0x00, 0x00, 0x00, 0x00, 0x00, 0x00, 0x00, 0x00, 0x00,
    0x00, 0x00, 0x00, 0x00, 0x00, 0x00, 0x00, 0x00, 0x00, 0x00, 0x00, 0x00,
    0x00, 0x00, 0x00, 0x00, 0x00, 0x00, 0x00, 0x00, 0x00, 0x00, 0x00, 0x00,
    0x00, 0x00, 0x00, 0x00, 0x00, 0x00, 0x00, 0x00, 0x00, 0x00, 0x00, 0x00,
    0x00, 0x00, 0x00, 0x00, 0x00, 0x00, 0x00, 0x00, 0x00, 0x00, 0x00, 0x00,
    0x00, 0x00, 0x00, 0x00, 0x00, 0x00, 0x00, 0x00, 0x00, 0x19, 0xEB, 0x08,
    0x3B, 0x0F, 0x98, 0x64, 0x33, 0xFF, 0x85, 0x36, 0xFF, 0x5C, 0x54, 0xFF,
    0x3B, 0x50, 0x99, 0x3A, 0xAE, 0x09, 0x00, 0x00, 0x01, 0x00, 0x00, 0x01,
    0x00, 0x00, 0x00, 0x00, 0x00, 0x00, 0x00, 0x00, 0x00, 0x00, 0x00, 0x00,
    0x00, 0x00, 0x00, 0x00, 0x00, 0x00, 0x00, 0x00, 0x00, 0x00, 0x00, 0x00,
    0x00, 0x00, 0x00, 0x00, 0x00, 0x00, 0x00, 0x00, 0x00, 0x00, 0x00, 0x00,
    0x00, 0x00, 0x00, 0x00, 0x00, 0x00, 0x00, 0x00, 0x00, 0x00, 0x00, 0x00,
    0x00, 0x00, 0x00, 0x00, 0x00, 0x00, 0x00, 0x00, 0x00, 0x00, 0x00, 0x00,
    0x00, 0x00, 0x00, 0x00, 0x00, 0x00, 0x00, 0x00, 0x00, 0x00, 0x00, 0x00,
    0x00, 0x00, 0x00, 0x7B, 0xEF, 0x02, 0x00, 0x00, 0x00, 0x3A, 0xEF, 0x65,
    0x74, 0x94, 0xFF, 0xE7, 0x7E, 0xFD, 0xEF, 0xBF, 0xF9, 0xBE, 0xBD, 0xFA,
    0x54, 0x33, 0xFF, 0x2A, 0xCE, 0x4D, 0x00, 0x00, 0x00, 0x00, 0x00, 0x01,
    0x00, 0x00, 0x00, 0x00, 0x00, 0x00, 0x00, 0x00, 0x00, 0x00, 0x00, 0x00,
    0x00, 0x00, 0x00, 0x00, 0x00, 0x00, 0x00, 0x00, 0x00, 0x00, 0x00, 0x00,
    0x00, 0x00, 0x00, 0x00, 0x00, 0x00, 0x00, 0x00, 0x00, 0x00, 0x00, 0x00,
    0x00, 0x00, 0x00, 0x00, 0x00, 0x00, 0x00, 0x00, 0x00, 0x00, 0x00, 0x00,
    0x00, 0x00, 0x00, 0x00, 0x00, 0x00, 0x00, 0x00, 0x00, 0x00, 0x00, 0x00,
    0x00, 0x00, 0x00, 0x00, 0x00, 0x00, 0x00, 0x00, 0x00, 0x00, 0x00, 0x00,
    0x00, 0x00, 0x00, 0x7B, 0xEF, 0x02, 0x00, 0x00, 0x00, 0x3B, 0x2F, 0xC7,
    0xC6, 0x9B, 0xFC, 0xFF, 0xFF, 0xFE, 0xDF, 0x5D, 0xFF, 0xC6, 0xFE, 0xFD,
    0x75, 0x17, 0xFC, 0x33, 0x0F, 0x94, 0x00, 0x00, 0x00, 0x00, 0x00, 0x00,
    0x00, 0x00, 0x00, 0x00, 0x00, 0x00, 0x00, 0x00, 0x00, 0x00, 0x00, 0x00,
    0x00, 0x00, 0x00, 0x00, 0x00, 0x00, 0x00, 0x00, 0x00, 0x00, 0x00, 0x00,
    0x00, 0x00, 0x00, 0x00, 0x00, 0x00, 0x00, 0x00, 0x00, 0x00, 0x00, 0x00,
    0x00, 0x00, 0x00, 0x00, 0x00, 0x00, 0x00, 0x00, 0x00, 0x00, 0x00, 0x00,
    0x00, 0x00, 0x00, 0x00, 0x00, 0x00, 0x00, 0x00, 0x00, 0x00, 0x00, 0x00,
    0x00, 0x00, 0x00, 0x00, 0x00, 0x00, 0x00, 0x00, 0x00, 0x00, 0x00, 0x00,
    0x00, 0x00, 0x01, 0x00, 0x00, 0x00, 0x01, 0x8C, 0x0A, 0x43, 0x2F, 0xE2,
    0xEF, 0x9E, 0xFF, 0xF7, 0xDF, 0xFE, 0xE7, 0x7E, 0xFF, 0xC6, 0xDD, 0xFE,
    0x85, 0x79, 0xFF, 0x3B, 0x50, 0xBB, 0x00, 0x00, 0x01, 0x00, 0x00, 0x00,
    0x00, 0x00, 0x00, 0x00, 0x00, 0x00, 0x00, 0x00, 0x00, 0x00, 0x00, 0x00,
    0x00, 0x00, 0x00, 0x00, 0x00, 0x00, 0x00, 0x00, 0x00, 0x00, 0x00, 0x00,
    0x00, 0x00, 0x00, 0x00, 0x00, 0x00, 0x00, 0x00, 0x00, 0x00, 0x00, 0x00,
    0x00, 0x00, 0x00, 0x00, 0x00, 0x00, 0x00, 0x00, 0x00, 0x00, 0x00, 0x00,
    0x00, 0x00, 0x00, 0x00, 0x00, 0x00, 0x00, 0x00, 0x00, 0x00, 0x00, 0x00,
    0x00, 0x00, 0x00, 0x00, 0x00, 0x00, 0x00, 0x00, 0x00, 0x00, 0x00, 0x00,
    0x07, 0xFF, 0x01, 0x00, 0x00, 0x00, 0x22, 0x8D, 0x1F, 0x43, 0x30, 0xE8,
    0xF7, 0xDF, 0xFF, 0xE7, 0x7E, 0xFE, 0xDF, 0x5D, 0xFF, 0xC6, 0xFD, 0xFE,
    0x8D, 0x9A, 0xFF, 0x3B, 0x50, 0xCE, 0x00, 0x00, 0x02, 0x00, 0x00, 0x00,
    0x00, 0x00, 0x00, 0x00, 0x00, 0x00, 0x00, 0x00, 0x00, 0x00, 0x00, 0x00,
    0x00, 0x00, 0x00, 0x00, 0x00, 0x00, 0x00, 0x00, 0x00, 0x00, 0x00, 0x00,
    0x00, 0x00, 0x00, 0x00, 0x00, 0x00, 0x00, 0x00, 0x00, 0x00, 0x00, 0x00,
    0x00, 0x00, 0x00, 0x00, 0x00, 0x00, 0x00, 0x00, 0x00, 0x00, 0x00, 0x00,
    0x00, 0x00, 0x00, 0x00, 0x00, 0x00, 0x00, 0x00, 0x00, 0x00, 0x00, 0x00,
    0x00, 0x00, 0x00, 0x00, 0x00, 0x00, 0x00, 0x00, 0x00, 0x00, 0x00, 0x00,
    0x03, 0xEF, 0x02, 0x00, 0x00, 0x00, 0x2A, 0x8E, 0x26, 0x43, 0x50, 0xEA,
    0xF7, 0xDF, 0xFF, 0xDF, 0x5D, 0xFE, 0xD7, 0x5D, 0xFF, 0xCE, 0xFD, 0xFE,
    0x8D, 0xBA, 0xFF, 0x3B, 0x50, 0xDA, 0x00, 0x00, 0x03, 0x52, 0xAA, 0x03,
    0x39, 0xEF, 0x04, 0x03, 0xEF, 0x02, 0x00, 0x00, 0x00, 0x00, 0x00, 0x00,
    0x00, 0x00, 0x00, 0x00, 0x00, 0x00, 0x00, 0x00, 0x00, 0x00, 0x00, 0x00,
    0x00, 0x00, 0x00, 0x00, 0x00, 0x00, 0x00, 0x00, 0x00, 0x00, 0x00, 0x00,
    0x00, 0x00, 0x00, 0x00, 0x00, 0x00, 0x00, 0x00, 0x00, 0x00, 0x00, 0x00,
    0x00, 0x00, 0x00, 0x00, 0x00, 0x00, 0x00, 0x00, 0x00, 0x00, 0x00, 0x00,
    0x00, 0x00, 0x00, 0x00, 0x00, 0x00, 0x00, 0x00, 0x00, 0x00, 0x00, 0x00,
    0x03, 0xEF, 0x02, 0x00, 0x00, 0x00, 0x2A, 0xAE, 0x26, 0x43, 0x50, 0xEB,
    0xEF, 0xBF, 0xFF, 0xDF, 0x5D, 0xFE, 0xD7, 0x3D, 0xFF, 0xCE, 0xFD, 0xFF,
    0x95, 0xDA, 0xFF, 0x43, 0x71, 0xE4, 0x29, 0x45, 0x06, 0x00, 0x00, 0x00,
    0x00, 0x00, 0x00, 0x00, 0x00, 0x00, 0x52, 0xB5, 0x03, 0x00, 0x00, 0x00,
    0x00, 0x00, 0x00, 0x00, 0x00, 0x00, 0x00, 0x00, 0x00, 0x00, 0x00, 0x00,
    0x00, 0x00, 0x00, 0x00, 0x00, 0x00, 0x00, 0x00, 0x00, 0x00, 0x00, 0x00,
    0x00, 0x00, 0x00, 0x00, 0x00, 0x00, 0x00, 0x00, 0x00, 0x00, 0x00, 0x00,
    0x00, 0x00, 0x00, 0x00, 0x00, 0x00, 0x00, 0x00, 0x00, 0x00, 0x00, 0x00,
    0x00, 0x00, 0x00, 0x00, 0x00, 0x00, 0x00, 0x00, 0x00, 0x00, 0x00, 0x00,
    0x07, 0xFF, 0x01, 0x00, 0x00, 0x00, 0x2A, 0x8D, 0x23, 0x3B, 0x2F, 0xEA,
    0xEF, 0xBF, 0xFF, 0xD7, 0x3D, 0xFE, 0xD7, 0x3D, 0xFF, 0xC6, 0xFD, 0xFF,
    0x95, 0xFB, 0xFF, 0x43, 0x71, 0xE2, 0x00, 0x00, 0x00, 0x2B, 0x10, 0x2D,
    0x22, 0xAF, 0x43, 0x33, 0x10, 0x15, 0x00, 0x00, 0x00, 0x03, 0xEF, 0x02,
    0x52, 0xAA, 0x03, 0x52, 0xAA, 0x03, 0x03, 0xEF, 0x02, 0x00, 0x00, 0x00,
    0x00, 0x00, 0x00, 0x00, 0x00, 0x00, 0x00, 0x00, 0x00, 0x00, 0x00, 0x00,
    0x00, 0x00, 0x00, 0x00, 0x00, 0x00, 0x00, 0x00, 0x00, 0x00, 0x00, 0x00,
    0x00, 0x00, 0x00, 0x00, 0x00, 0x00, 0x00, 0x00, 0x00, 0x00, 0x00, 0x00,
    0x00, 0x00, 0x00, 0x00, 0x00, 0x00, 0x00, 0x00, 0x00, 0x00, 0x00, 0x00,
    0x00, 0x00, 0x01, 0x00, 0x00, 0x00, 0x22, 0x0C, 0x17, 0x32, 0xEE, 0xE7,
    0xE7, 0x9E, 0xFF, 0xD7, 0x3D, 0xFE, 0xD7, 0x1D, 0xFF, 0xC6, 0xDD, 0xFF,
    0x9E, 0x1B, 0xFF, 0x43, 0x91, 0xF0, 0x33, 0x0F, 0xAD, 0x4B, 0xD1, 0xE0,
    0x64, 0x33, 0xE9, 0x3B, 0x30, 0xD3, 0x2A, 0xCE, 0x65, 0x00, 0x00, 0x00,
    0x00, 0x00, 0x00, 0x00, 0x00, 0x00, 0x00, 0x00, 0x00, 0x00, 0x00, 0x00,
    0x00, 0x00, 0x00, 0x00, 0x00, 0x00, 0x00, 0x00, 0x00, 0x00, 0x00, 0x00,
    0x00, 0x00, 0x00, 0x00, 0x00, 0x00, 0x00, 0x00, 0x00, 0x00, 0x00, 0x00,
    0x00, 0x00, 0x00, 0x00, 0x00, 0x00, 0x00, 0x00, 0x00, 0x00, 0x00, 0x00,
    0x00, 0x00, 0x00, 0x00, 0x00, 0x00, 0x00, 0x00, 0x00, 0x00, 0x00, 0x00,
    0x00, 0x00, 0x01, 0x00, 0x00, 0x00, 0x01, 0x68, 0x0B, 0x32, 0xEE, 0xE3,
    0xDF, 0x5E, 0xFF, 0xCF, 0x1D, 0xFE, 0xCE, 0xFD, 0xFF, 0xC6, 0xDD, 0xFF,
    0xA6, 0x3B, 0xFF, 0x3B, 0x71, 0xFF, 0x7C, 0xF6, 0xFF, 0xE7, 0xBE, 0xFF,
    0xEF, 0x9E, 0xFF, 0xCE, 0xFC, 0xFF, 0x53, 0xB1, 0xF9, 0x2A, 0xCE, 0x91,
    0x33, 0x0F, 0xBE, 0x33, 0x0E, 0xCD, 0x2A, 0xEE, 0x82, 0x1A, 0x8D, 0x13,
    0x00, 0x00, 0x00, 0x3B, 0xEF, 0x04, 0x03, 0xEF, 0x02, 0x00, 0x00, 0x00,
    0x00, 0x00, 0x00, 0x00, 0x00, 0x00, 0x00, 0x00, 0x00, 0x00, 0x00, 0x00,
    0x00, 0x00, 0x00, 0x00, 0x00, 0x00, 0x00, 0x00, 0x00, 0x00, 0x00, 0x00,
    0x00, 0x00, 0x00, 0x00, 0x00, 0x00, 0x00, 0x00, 0x00, 0x00, 0x00, 0x00,
    0x00, 0x00, 0x01, 0x00, 0x00, 0x00, 0x00, 0x0C, 0x05, 0x2A, 0xCE, 0xE1,
    0xCF, 0x1D, 0xFF, 0xCE, 0xFD, 0xFE, 0xC6, 0xDD, 0xFF, 0xBE, 0xDD, 0xFF,
    0xA6, 0x3B, 0xFF, 0x43, 0xB1, 0xFF, 0xD7, 0x3D, 0xFE, 0xE7, 0xBE, 0xFD,
    0xDF, 0x5D, 0xFE, 0xEF, 0xDF, 0xFD, 0x74, 0xD5, 0xFF, 0x5C, 0x12, 0xFF,
    0xC6, 0xBB, 0xFF, 0xCE, 0xBB, 0xFF, 0x7C, 0xF5, 0xFF, 0x33, 0x0F, 0xBB,
    0x5B, 0xF2, 0x0E, 0x00, 0x00, 0x00, 0x00, 0x00, 0x00, 0x02, 0xAA, 0x03,
    0x00, 0x00, 0x00, 0x00, 0x00, 0x00, 0x00, 0x00, 0x00, 0x00, 0x00, 0x00,
    0x00, 0x00, 0x00, 0x00, 0x00, 0x00, 0x00, 0x00, 0x00, 0x00, 0x00, 0x00,
    0x00, 0x00, 0x00, 0x00, 0x00, 0x00, 0x00, 0x00, 0x00, 0x00, 0x00, 0x00,
    0x00, 0x00, 0x00, 0x00, 0x00, 0x01, 0x00, 0x00, 0x00, 0x2A, 0xCE, 0xDE,
    0xCE, 0xFC, 0xFF, 0xC6, 0xFD, 0xFE, 0xC6, 0xDD, 0xFF, 0xBE, 0xDD, 0xFF,
    0x8D, 0x99, 0xFF, 0x64, 0x53, 0xFF, 0xDF, 0x7E, 0xFF, 0xDF, 0x5D, 0xFF,
    0xD7, 0x3D, 0xFF, 0xE7, 0x9F, 0xFF, 0x64, 0x74, 0xFF, 0xAE, 0x19, 0xFF,
    0xF7, 0xDF, 0xFE, 0xEF, 0xBE, 0xFE, 0xEF, 0xBE, 0xFC, 0x74, 0xD5, 0xFF,
    0x12, 0x0C, 0x7C, 0x01, 0xAA, 0x38, 0x2A, 0xCF, 0x19, 0x00, 0x00, 0x00,
    0x03, 0xEF, 0x02, 0x00, 0x00, 0x00, 0x00, 0x00, 0x00, 0x00, 0x00, 0x00,
    0x00, 0x00, 0x00, 0x00, 0x00, 0x00, 0x00, 0x00, 0x00, 0x00, 0x00, 0x00,
    0x00, 0x00, 0x00, 0x00, 0x00, 0x00, 0x00, 0x00, 0x00, 0x00, 0x00, 0x00,
    0x00, 0x00, 0x00, 0x03, 0xEF, 0x02, 0x00, 0x00, 0x00, 0x2A, 0xAE, 0xDB,
    0xC6, 0xDC, 0xFF, 0xC6, 0xFD, 0xFE, 0xBE, 0xBD, 0xFF, 0xC6, 0xFE, 0xFF,
    0x6C, 0xD6, 0xFF, 0x7D, 0x16, 0xFF, 0xDF, 0x5E, 0xFF, 0xD7, 0x3D, 0xFF,
    0xD7, 0x3D, 0xFF, 0xCF, 0x1D, 0xFF, 0x53, 0xD2, 0xFF, 0xBE, 0x7B, 0xFF,
    0xE7, 0x7E, 0xFF, 0xD7, 0x1D, 0xFF, 0xEF, 0xBF, 0xFF, 0x7C, 0xF6, 0xFE,
    0x43, 0x91, 0xFF, 0x64, 0x33, 0xFF, 0x32, 0xEF, 0xC3, 0x2A, 0x8E, 0x46,
    0x00, 0x00, 0x00, 0x7B, 0xEF, 0x02, 0x00, 0x00, 0x00, 0x00, 0x00, 0x00,
    0x00, 0x00, 0x00, 0x00, 0x00, 0x00, 0x00, 0x00, 0x00, 0x00, 0x00, 0x01,
    0x00, 0x00, 0x01, 0x00, 0x00, 0x01, 0x00, 0x00, 0x00, 0x00, 0x00, 0x00,
    0x00, 0x00, 0x00, 0x7B, 0xEF, 0x02, 0x00, 0x00, 0x00, 0x2A, 0xAE, 0xD8,
    0xBE, 0xBC, 0xFF, 0xC6, 0xFD, 0xFE, 0xBE, 0xBD, 0xFF, 0xC6, 0xFE, 0xFF,
    0x54, 0x13, 0xFF, 0x8D, 0x78, 0xFF, 0xD7, 0x1E, 0xFF, 0xCE, 0xFD, 0xFF,
    0xD7, 0x3D, 0xFF, 0xA5, 0xFA, 0xFF, 0x5C, 0x14, 0xFF, 0xC6, 0xDC, 0xFF,
    0xDF, 0x5E, 0xFF, 0xD7, 0x3D, 0xFF, 0xD7, 0x3E, 0xFF, 0x5C, 0x34, 0xFF,
    0xA5, 0xF9, 0xFD, 0xEF, 0xBF, 0xFC, 0xA6, 0x19, 0xFF, 0x3A, 0xEF, 0xDE,
    0x32, 0x8E, 0x25, 0xFF, 0xFF, 0x01, 0x50, 0x0A, 0x03, 0x00, 0x00, 0x00,
    0x00, 0x00, 0x00, 0x00, 0x00, 0x00, 0x00, 0x00, 0x00, 0x00, 0x00, 0x00,
    0x00, 0x00, 0x00, 0x00, 0x00, 0x00, 0x00, 0x00, 0x00, 0x00, 0x00, 0x00,
    0x00, 0x00, 0x00, 0x02, 0xAA, 0x03, 0x00, 0x00, 0x00, 0x2A, 0xAD, 0xD7,
    0xBE, 0xBC, 0xFF, 0xBE, 0xDD, 0xFE, 0xBE, 0xBD, 0xFF, 0xB6, 0x9D, 0xFF,
    0x43, 0xD2, 0xFF, 0x95, 0xDA, 0xFF, 0xC6, 0xFE, 0xFF, 0xC6, 0xDD, 0xFF,
    0xCE, 0xFE, 0xFF, 0x74, 0xD6, 0xFF, 0x6C, 0x95, 0xFF, 0xCE, 0xFD, 0xFF,
    0xD7, 0x1D, 0xFF, 0xDF, 0x3E, 0xFF, 0xA6, 0x3A, 0xFF, 0x54, 0x13, 0xFF,
    0xB6, 0x7B, 0xFF, 0xE7, 0x9E, 0xFE, 0xDF, 0x5E, 0xFA, 0x6C, 0x95, 0xFD,
    0x1A, 0x6D, 0x78, 0x00, 0x00, 0x00, 0x2A, 0xAF, 0x06, 0x00, 0x00, 0x00,
    0x00, 0x00, 0x00, 0x00, 0x00, 0x00, 0x00, 0x0C, 0x05, 0x0A, 0x0C, 0x2F,
    0x12, 0x4D, 0x47, 0x0A, 0x2B, 0x38, 0x00, 0xEA, 0x12, 0x00, 0x00, 0x00,
    0x00, 0x00, 0x00, 0x00, 0x00, 0x00, 0x00, 0x00, 0x00, 0x22, 0xAD, 0xDD,
    0xBE, 0xBC, 0xFF, 0xBE, 0xDD, 0xFE, 0xBE, 0xDD, 0xFF, 0xAE, 0x5C, 0xFF,
    0x43, 0xB2, 0xFF, 0x8D, 0xBA, 0xFF, 0xAE, 0x7D, 0xFF, 0xAE, 0x5C, 0xFF,
    0xAE, 0x7D, 0xFF, 0x43, 0xD3, 0xFF, 0x7D, 0x17, 0xFF, 0xCE, 0xFE, 0xFF,
    0xC6, 0xDC, 0xFF, 0xCF, 0x3E, 0xFF, 0x74, 0xB6, 0xFF, 0x5C, 0x34, 0xFF,
    0xCF, 0x1E, 0xFF, 0xCE, 0xFD, 0xFF, 0xC6, 0xDD, 0xFA, 0x7D, 0x58, 0xFF,
    0x12, 0x4C, 0x95, 0x00, 0x00, 0x00, 0x2A, 0xAF, 0x06, 0x00, 0x00, 0x00,
    0x00, 0x00, 0x00, 0x1A, 0x0C, 0x3E, 0x2A, 0xAE, 0xCC, 0x4B, 0x70, 0xFD,
    0x53, 0xF2, 0xFD, 0x53, 0xB1, 0xFD, 0x43, 0x50, 0xF4, 0x33, 0x0F, 0xB6,
    0x22, 0x6D, 0x4D, 0x3A, 0xAF, 0x0C, 0x33, 0x2E, 0x0F, 0x2A, 0xEE, 0xE5,
    0xC6, 0xFE, 0xFF, 0xBE, 0xDD, 0xFE, 0xBE, 0xBD, 0xFF, 0xB6, 0xBD, 0xFF,
    0x43, 0x92, 0xFF, 0x75, 0x18, 0xFF, 0xA6, 0x3D, 0xFF, 0xA6, 0x5C, 0xFF,
    0x7D, 0x79, 0xFF, 0x43, 0xB3, 0xFF, 0x95, 0xBA, 0xFF, 0xBE, 0xBD, 0xFF,
    0xBE, 0xDD, 0xFF, 0xAE, 0x5C, 0xFF, 0x43, 0xD3, 0xFF, 0x85, 0x79, 0xFF,
    0xCF, 0x3E, 0xFF, 0xC6, 0xBC, 0xFF, 0xAE, 0x7C, 0xFA, 0x64, 0xD7, 0xFF,
    0x12, 0x2C, 0x97, 0x00, 0x00, 0x00, 0x2A, 0xAF, 0x06, 0x00, 0x00, 0x00,
    0x11, 0xEB, 0x30, 0x3B, 0x0F, 0xEF, 0xAD, 0xF9, 0xFF, 0xF7, 0xFF, 0xFF,
    0xFF, 0xFF, 0xFF, 0xF7, 0xFF, 0xFF, 0xDF, 0x3D, 0xFF, 0x95, 0x77, 0xFF,
    0x53, 0xD1, 0xFF, 0x2A, 0xCE, 0xB9, 0x0A, 0x0C, 0x80, 0x33, 0x0F, 0xF1,
    0xB6, 0x9D, 0xFF, 0xBE, 0xDD, 0xFE, 0xC6, 0xFE, 0xFF, 0xCF, 0x3F, 0xFF,
    0x74, 0xF7, 0xFF, 0x3B, 0x72, 0xFF, 0x74, 0xF8, 0xFF, 0x75, 0x38, 0xFF,
    0x3B, 0x92, 0xFF, 0x4C, 0x14, 0xFF, 0x9E, 0x1C, 0xFF, 0xA6, 0x3C, 0xFF,
    0xAE, 0x7D, 0xFF, 0x74, 0xF7, 0xFF, 0x43, 0xB3, 0xFF, 0xB6, 0x7D, 0xFF,
    0xBE, 0xBD, 0xFF, 0xAE, 0x7C, 0xFF, 0x54, 0x34, 0xFB, 0x43, 0xD3, 0xFF,
    0x1A, 0x6D, 0x89, 0x00, 0x00, 0x00, 0x2A, 0xAF, 0x06, 0x00, 0x00, 0x00,
    0x1A, 0x6C, 0x92, 0x74, 0xD6, 0xFF, 0xE7, 0x9F, 0xFD, 0xDF, 0x5E, 0xFF,
    0xEF, 0xBE, 0xFF, 0xD7, 0x3D, 0xFF, 0xD7, 0x1D, 0xFF, 0xE7, 0x7E, 0xFE,
    0xCF, 0x1D, 0xFD, 0x8D, 0x77, 0xFF, 0x64, 0x95, 0xFF, 0x64, 0x96, 0xFF,
    0xAE, 0x5C, 0xFF, 0xB6, 0x7C, 0xFF, 0x74, 0xD6, 0xFF, 0x74, 0xD6, 0xFF,
    0x96, 0x1B, 0xFF, 0x6C, 0xF8, 0xFF, 0x3B, 0xB2, 0xFF, 0x3B, 0xD3, 0xFF,
    0x3B, 0xB3, 0xFF, 0x43, 0xB3, 0xFF, 0x85, 0x9A, 0xFF, 0xA6, 0x5D, 0xFF,
    0x7D, 0x79, 0xFF, 0x3B, 0x92, 0xFF, 0x6C, 0xF8, 0xFF, 0xA6, 0x5C, 0xFF,
    0xA6, 0x5C, 0xFF, 0x7D, 0x38, 0xFE, 0x2B, 0x31, 0xFE, 0x4B, 0xF4, 0xFF,
    0x12, 0x4C, 0x6F, 0x00, 0x00, 0x00, 0x2A, 0xAF, 0x06, 0x00, 0x00, 0x00,
    0x1A, 0x8C, 0xA2, 0x6C, 0xB6, 0xFE, 0xBE, 0xFE, 0xFD, 0xBE, 0xBC, 0xFF,
    0xC6, 0xDD, 0xFF, 0xCE, 0xFD, 0xFF, 0xCE, 0xFD, 0xFF, 0xCE, 0xFC, 0xFF,
    0xCE, 0xFC, 0xFF, 0xD7, 0x5E, 0xFC, 0xCF, 0x3E, 0xFB, 0xCF, 0x1E, 0xFF,
    0xCF, 0x1D, 0xFF, 0xBE, 0xBC, 0xFF, 0x8D, 0x58, 0xFF, 0x6C, 0xB6, 0xFF,
    0x4B, 0xF3, 0xFF, 0x6C, 0xF7, 0xFF, 0x8D, 0xFB, 0xFF, 0x85, 0x9A, 0xFF,
    0x85, 0xBA, 0xFF, 0x4B, 0xF4, 0xFF, 0x3B, 0x72, 0xFF, 0x4C, 0x14, 0xFF,
    0x33, 0x52, 0xFF, 0x23, 0x10, 0xFF, 0x74, 0xF8, 0xFF, 0x9E, 0x3C, 0xFF,
    0x85, 0x9A, 0xFF, 0x33, 0x51, 0xFE, 0x5C, 0x96, 0xFF, 0x43, 0x92, 0xF6,
    0x12, 0x2B, 0x56, 0x00, 0x00, 0x00, 0x01, 0xEF, 0x04, 0x00, 0x00, 0x00,
    0x12, 0x2A, 0x43, 0x2A, 0xEE, 0xF9, 0x6C, 0xD7, 0xFF, 0x9E, 0x1C, 0xFF,
    0xAE, 0x9D, 0xFF, 0xB6, 0x9C, 0xFE, 0xBE, 0xBD, 0xFF, 0xC6, 0xDD, 0xFF,
    0xC6, 0xDD, 0xFF, 0xC6, 0xDC, 0xFF, 0xC6, 0xDC, 0xFF, 0xC6, 0xDD, 0xFF,
    0xCE, 0xFD, 0xFF, 0xCF, 0x1D, 0xFF, 0xDF, 0x7F, 0xFF, 0xD7, 0x3E, 0xFF,
    0xA6, 0x3B, 0xFF, 0x4B, 0xF3, 0xFF, 0x5C, 0x75, 0xFF, 0x9E, 0x3C, 0xFF,
    0x8D, 0xDB, 0xFF, 0x85, 0x9A, 0xFF, 0x64, 0xB7, 0xFF, 0x54, 0x35, 0xFF,
    0x64, 0xD7, 0xFF, 0x54, 0x55, 0xFF, 0x2B, 0x31, 0xFF, 0x43, 0xD3, 0xFF,
    0x2B, 0x51, 0xFF, 0x54, 0x55, 0xFD, 0x85, 0x9A, 0xFF, 0x33, 0x30, 0xE9,
    0x1A, 0x2C, 0x3F, 0x00, 0x00, 0x00, 0x02, 0xAA, 0x03, 0x00, 0x00, 0x00,
    0x00, 0x00, 0x00, 0x11, 0xEB, 0x3C, 0x1A, 0x6D, 0xB4, 0x2A, 0xCF, 0xF7,
    0x4B, 0xF3, 0xFF, 0x85, 0x79, 0xFF, 0xA6, 0x5C, 0xFF, 0xAE, 0x7C, 0xFD,
    0xB6, 0x9C, 0xFF, 0xBE, 0xBD, 0xFF, 0xC6, 0xDD, 0xFF, 0xC6, 0xFD, 0xFF,
    0xCE, 0xFD, 0xFF, 0xCE, 0xFD, 0xFF, 0xCE, 0xFD, 0xFF, 0xCE, 0xFD, 0xFF,
    0xCF, 0x3E, 0xFF, 0xB6, 0x9C, 0xFF, 0x4B, 0xD3, 0xFF, 0x7D, 0x18, 0xFF,
    0xA6, 0x5C, 0xFF, 0x9E, 0x1C, 0xFF, 0x9E, 0x1B, 0xFF, 0x95, 0xFB, 0xFF,
    0x9E, 0x3B, 0xFF, 0x95, 0xFB, 0xFF, 0x6D, 0x18, 0xFF, 0x54, 0x76, 0xFF,
    0x6C, 0xF8, 0xFF, 0x8D, 0xDB, 0xFD, 0x85, 0xBA, 0xFF, 0x22, 0xCF, 0xDC,
    0x1A, 0x2C, 0x27, 0x00, 0x00, 0x00, 0x03, 0xEF, 0x02, 0x00, 0x00, 0x00,
    0x00, 0x00, 0x00, 0x00, 0x00, 0x00, 0x00, 0x00, 0x00, 0x01, 0x88, 0x25,
    0x1A, 0x4C, 0x85, 0x1A, 0x6D, 0xDC, 0x43, 0xD3, 0xFF, 0x8D, 0xBA, 0xFF,
    0xAE, 0x5C, 0xFC, 0xAE, 0x7C, 0xFF, 0xBE, 0xBC, 0xFF, 0xC6, 0xDD, 0xFF,
    0xC6, 0xFD, 0xFF, 0xC6, 0xFD, 0xFF, 0xC6, 0xFD, 0xFF, 0xC6, 0xFD, 0xFF,
    0xC6, 0xDC, 0xFF, 0xCF, 0x1D, 0xFF, 0x95, 0xDA, 0xFF, 0x4B, 0xB2, 0xFF,
    0xAE, 0x7D, 0xFF, 0xA6, 0x5C, 0xFF, 0xA6, 0x5C, 0xFF, 0xAE, 0x7C, 0xFF,
    0xAE, 0x7C, 0xFF, 0xB6, 0x9D, 0xFF, 0xAE, 0x7D, 0xFF, 0xA6, 0x3C, 0xFF,
    0xA6, 0x3C, 0xFF, 0x9E, 0x1C, 0xFD, 0x85, 0x9A, 0xFF, 0x1A, 0x6D, 0xCD,
    0x2A, 0x28, 0x0B, 0x00, 0x00, 0x00, 0x00, 0x1F, 0x01, 0x00, 0x00, 0x00,
    0x00, 0x00, 0x00, 0x00, 0x00, 0x01, 0x00, 0x00, 0x00, 0x00, 0x00, 0x00,
    0x00, 0x00, 0x00, 0x29, 0x68, 0x0B, 0x12, 0x0C, 0x7C, 0x22, 0xAE, 0xE6,
    0x75, 0x18, 0xFF, 0xAE, 0x5C, 0xFD, 0xAE, 0x5C, 0xFF, 0xBE, 0xBD, 0xFF,
    0xBE, 0xDD, 0xFF, 0xC6, 0xDD, 0xFF, 0xC6, 0xFD, 0xFF, 0xC6, 0xFD, 0xFF,
    0xBE, 0xDD, 0xFF, 0xC6, 0xDD, 0xFF, 0xB6, 0x9C, 0xFF, 0x64, 0x75, 0xFF,
    0x8D, 0x79, 0xFF, 0xB6, 0xBE, 0xFF, 0xAE, 0x9D, 0xFF, 0xB6, 0x9D, 0xFF,
    0xB6, 0x9D, 0xFF, 0xB6, 0x9D, 0xFF, 0xB6, 0x9D, 0xFF, 0xB6, 0x9D, 0xFF,
    0xA6, 0x7C, 0xFF, 0x95, 0xFC, 0xFC, 0x6C, 0xF7, 0xFF, 0x12, 0x4C, 0xB6,
    0x00, 0x00, 0x00, 0x01, 0x8C, 0x05, 0x00, 0x00, 0x00, 0x00, 0x00, 0x00,
    0x00, 0x00, 0x00, 0x00, 0x00, 0x00, 0x00, 0x00, 0x00, 0x00, 0x00, 0x01,
    0x03, 0xEF, 0x02, 0x00, 0x00, 0x00, 0x00, 0x00, 0x00, 0x09, 0xCA, 0x3A,
    0x1A, 0x2D, 0xD5, 0x7D, 0x18, 0xFF, 0xAE, 0x7C, 0xFC, 0xAE, 0x3C, 0xFF,
    0xB6, 0x9D, 0xFF, 0xBE, 0xBD, 0xFF, 0xBE, 0xBD, 0xFF, 0xBE, 0xDD, 0xFF,
    0xBE, 0xDD, 0xFF, 0xBE, 0xBD, 0xFF, 0xBE, 0xBD, 0xFF, 0x9D, 0xDA, 0xFF,
    0x95, 0xDA, 0xFF, 0xBE, 0xDE, 0xFF, 0xB6, 0x9D, 0xFF, 0xB6, 0x9D, 0xFF,
    0xB6, 0x9D, 0xFF, 0xB6, 0xBD, 0xFF, 0xB6, 0x9D, 0xFF, 0xB6, 0x9D, 0xFF,
    0xA6, 0x3C, 0xFF, 0x95, 0xDB, 0xFF, 0x43, 0xB2, 0xFC, 0x12, 0x2B, 0x81,
    0x00, 0x00, 0x00, 0x3B, 0xEF, 0x04, 0x00, 0x00, 0x00, 0x00, 0x00, 0x00,
    0x00, 0x00, 0x00, 0x00, 0x00, 0x00, 0x00, 0x00, 0x00, 0x00, 0x00, 0x00,
    0x00, 0x00, 0x00, 0x00, 0x00, 0x01, 0x01, 0x4F, 0x06, 0x00, 0x00, 0x00,
    0x09, 0xAA, 0x37, 0x22, 0x8E, 0xE5, 0x8D, 0x9A, 0xFD, 0xA6, 0x5C, 0xFD,
    0xA6, 0x3B, 0xFF, 0xB6, 0x9D, 0xFF, 0xB6, 0xBD, 0xFF, 0xB6, 0xBD, 0xFF,
    0xB6, 0xBD, 0xFF, 0xBE, 0xBD, 0xFF, 0xB6, 0xBD, 0xFF, 0xBE, 0xDD, 0xFF,
    0xBE, 0xDD, 0xFF, 0xB6, 0x9D, 0xFF, 0xB6, 0xBD, 0xFF, 0xB6, 0xBD, 0xFF,
    0xB6, 0xBD, 0xFF, 0xB6, 0x9D, 0xFF, 0xB6, 0x9D, 0xFF, 0xAE, 0x5C, 0xFF,
    0x95, 0xFB, 0xFE, 0x85, 0x9A, 0xFE, 0x22, 0x8E, 0xF1, 0x09, 0xC9, 0x2B,
    0x00, 0x00, 0x00, 0x00, 0x00, 0x02, 0x00, 0x00, 0x00, 0x00, 0x00, 0x00,
    0x00, 0x00, 0x00, 0x00, 0x00, 0x00, 0x00, 0x00, 0x00, 0x00, 0x00, 0x00,
    0x00, 0x00, 0x00, 0x00, 0x00, 0x00, 0x00, 0x00, 0x01, 0x01, 0x4A, 0x06,
    0x00, 0x00, 0x00, 0x09, 0x8A, 0x5C, 0x2A, 0xCF, 0xF7, 0x8D, 0xBA, 0xFF,
    0xA6, 0x3C, 0xFD, 0x9E, 0x1B, 0xFF, 0xAE, 0x5C, 0xFF, 0xB6, 0x9D, 0xFF,
    0xB6, 0x9D, 0xFF, 0xB6, 0x9D, 0xFF, 0xB6, 0xBD, 0xFF, 0xB6, 0x9D, 0xFF,
    0xB6, 0x9D, 0xFF, 0xB6, 0xBD, 0xFF, 0xB6, 0x9D, 0xFF, 0xB6, 0xBD, 0xFF,
    0xB6, 0x9D, 0xFF, 0xB6, 0x9D, 0xFF, 0xAE, 0x5C, 0xFF, 0x95, 0xFB, 0xFF,
    0x95, 0xFB, 0xFF, 0x4B, 0xD3, 0xFF, 0x12, 0x0B, 0xA2, 0x00, 0x00, 0x00,
    0x03, 0xEF, 0x02, 0x00, 0x00, 0x00, 0x00, 0x00, 0x00, 0x00, 0x00, 0x00,
    0x00, 0x00, 0x00, 0x00, 0x00, 0x00, 0x00, 0x00, 0x00, 0x00, 0x00, 0x00,
    0x00, 0x00, 0x00, 0x00, 0x00, 0x00, 0x00, 0x00, 0x00, 0x00, 0x00, 0x01,
    0x01, 0xE7, 0x04, 0xFF, 0xFF, 0x01, 0x11, 0xCB, 0x66, 0x22, 0xAF, 0xF6,
    0x6C, 0xD7, 0xFF, 0x95, 0xFB, 0xFE, 0x95, 0xFB, 0xFF, 0x9E, 0x3C, 0xFF,
    0xA6, 0x3C, 0xFF, 0xA6, 0x5C, 0xFF, 0xA6, 0x5C, 0xFF, 0xA6, 0x5C, 0xFF,
    0xAE, 0x7C, 0xFF, 0xAE, 0x9D, 0xFF, 0xB6, 0x9D, 0xFF, 0xB6, 0x9D, 0xFF,
    0xAE, 0x7C, 0xFF, 0xA6, 0x3C, 0xFF, 0x95, 0xFB, 0xFF, 0x8D, 0xDB, 0xFE,
    0x54, 0x55, 0xFF, 0x12, 0x2C, 0xD8, 0x11, 0xA9, 0x18, 0x00, 0x00, 0x01,
    0x00, 0x00, 0x00, 0x00, 0x00, 0x00, 0x00, 0x00, 0x00, 0x00, 0x00, 0x00,
    0x00, 0x00, 0x00, 0x00, 0x00, 0x00, 0x00, 0x00, 0x00, 0x00, 0x00, 0x00,
    0x00, 0x00, 0x00, 0x00, 0x00, 0x00, 0x00, 0x00, 0x00, 0x00, 0x00, 0x00,
    0x00, 0x00, 0x00, 0x00, 0x00, 0x00, 0x00, 0x00, 0x00, 0x11, 0xEB, 0x43,
    0x1A, 0x6E, 0xD3, 0x33, 0x51, 0xFE, 0x5C, 0x96, 0xFF, 0x7D, 0x79, 0xFF,
    0x8D, 0xDA, 0xFF, 0x8D, 0xDA, 0xFF, 0x95, 0xFB, 0xFF, 0x9D, 0xFB, 0xFF,
    0x9E, 0x3C, 0xFF, 0xA6, 0x5C, 0xFF, 0xA6, 0x5C, 0xFF, 0x9E, 0x1B, 0xFF,
    0x95, 0xFB, 0xFF, 0x8D, 0xDB, 0xFF, 0x75, 0x38, 0xFE, 0x3B, 0xB3, 0xFF,
    0x12, 0x4D, 0xDB, 0x11, 0xC9, 0x2D, 0x00, 0x00, 0x00, 0x00, 0x00, 0x01,
    0x00, 0x00, 0x00, 0x00, 0x00, 0x00, 0x00, 0x00, 0x00, 0x00, 0x00, 0x00,
    0x00, 0x00, 0x00, 0x00, 0x00, 0x00, 0x00, 0x00, 0x00, 0x00, 0x00, 0x00,
    0x00, 0x00, 0x00, 0x00, 0x00, 0x00, 0x00, 0x00, 0x00, 0x00, 0x00, 0x00,
    0x00, 0x00, 0x00, 0x00, 0x00, 0x00, 0x00, 0x00, 0x01, 0x00, 0x00, 0x00,
    0x09, 0xAA, 0x3E, 0x3B, 0x51, 0xFD, 0x54, 0x55, 0xFC, 0x54, 0x55, 0xFF,
    0x8D, 0xBA, 0xFF, 0x8D, 0xBA, 0xFF, 0x95, 0xFA, 0xFF, 0x9E, 0x1B, 0xFF,
    0x9E, 0x3C, 0xFF, 0x9E, 0x3C, 0xFF, 0x9E, 0x1B, 0xFF, 0x95, 0xDB, 0xFF,
    0x8D, 0xBA, 0xFF, 0x85, 0x79, 0xFF, 0x5C, 0x76, 0xFB, 0x33, 0x72, 0xFC,
    0x1A, 0x4D, 0x80, 0x00, 0x00, 0x00, 0x00, 0x00, 0x00, 0x00, 0x00, 0x00,
    0x00, 0x00, 0x00, 0x00, 0x00, 0x00, 0x00, 0x00, 0x00, 0x00, 0x00, 0x00,
    0x00, 0x00, 0x00, 0x00, 0x00, 0x00, 0x00, 0x00, 0x00, 0x00, 0x00, 0x00,
    0x00, 0x00, 0x00, 0x00, 0x00, 0x00, 0x00, 0x00, 0x00, 0x00, 0x00, 0x00,
    0x00, 0x00, 0x00, 0x00, 0x00, 0x00, 0x00, 0x00, 0x01, 0xF8, 0x00, 0x01,
    0x00, 0xE7, 0x30, 0x3B, 0x30, 0xFF, 0xAE, 0x9E, 0xFA, 0x9E, 0x3D, 0xFB,
    0x95, 0xFB, 0xFD, 0x96, 0x1B, 0xFE, 0x9E, 0x3C, 0xFE, 0xA6, 0x3C, 0xFF,
    0xA6, 0x5C, 0xFF, 0xA6, 0x3C, 0xFE, 0x9E, 0x1C, 0xFE, 0x95, 0xFB, 0xFE,
    0x95, 0xDB, 0xFD, 0x95, 0xFB, 0xFC, 0x96, 0x3D, 0xF6, 0x4B, 0xF4, 0xFF,
    0x09, 0xCA, 0x70, 0xF8, 0x00, 0x01, 0x07, 0xFF, 0x01, 0x00, 0x00, 0x00,
    0x00, 0x00, 0x00, 0x00, 0x00, 0x00, 0x00, 0x00, 0x00, 0x00, 0x00, 0x00,
    0x00, 0x00, 0x00, 0x00, 0x00, 0x00, 0x00, 0x00, 0x00, 0x00, 0x00, 0x00,
    0x00, 0x00, 0x00, 0x00, 0x00, 0x00, 0x00, 0x00, 0x00, 0x00, 0x00, 0x00,
    0x00, 0x00, 0x00, 0x00, 0x00, 0x00, 0x00, 0x00, 0x00, 0x00, 0x00, 0x00,
    0x01, 0xEB, 0x08, 0x1A, 0x2C, 0x99, 0x3B, 0x51, 0xFF, 0x5C, 0x75, 0xFF,
    0x6C, 0xF7, 0xFF, 0x7D, 0x59, 0xFF, 0x85, 0x9A, 0xFF, 0x8D, 0xBA, 0xFE,
    0x8D, 0xBA, 0xFE, 0x85, 0x9A, 0xFF, 0x7D, 0x59, 0xFF, 0x75, 0x18, 0xFF,
    0x64, 0xD7, 0xFF, 0x54, 0x75, 0xFF, 0x33, 0x92, 0xFF, 0x1A, 0x4D, 0xC9,
    0x09, 0xA8, 0x1D, 0x00, 0x00, 0x00, 0x03, 0xEF, 0x02, 0x00, 0x00, 0x00,
    0x00, 0x00, 0x00, 0x00, 0x00, 0x00, 0x00, 0x00, 0x00, 0x00, 0x00, 0x00,
    0x00, 0x00, 0x00, 0x00, 0x00, 0x00, 0x00, 0x00, 0x00, 0x00, 0x00, 0x00,
    0x00, 0x00, 0x00, 0x00, 0x00, 0x00, 0x00, 0x00, 0x00, 0x00, 0x00, 0x00,
    0x00, 0x00, 0x00, 0x00, 0x00, 0x00, 0x00, 0x00, 0x00, 0x00, 0x00, 0x00,
    0x00, 0x00, 0x00, 0x12, 0x2B, 0x0B, 0x09, 0x8A, 0x57, 0x12, 0x0C, 0x9A,
    0x22, 0xAE, 0xC3, 0x2A, 0xEF, 0xDD, 0x2A, 0xF0, 0xF1, 0x2B, 0x10, 0xFB,
    0x2B, 0x10, 0xFE, 0x2B, 0x10, 0xF8, 0x2A, 0xF0, 0xEF, 0x22, 0xCF, 0xDD,
    0x22, 0xAE, 0xC6, 0x12, 0x4D, 0xA3, 0x01, 0xCB, 0x68, 0x01, 0x89, 0x1A,
    0x00, 0x00, 0x00, 0x00, 0x00, 0x00, 0x00, 0x00, 0x00, 0x00, 0x00, 0x00,
    0x00, 0x00, 0x00, 0x00, 0x00, 0x00, 0x00, 0x00, 0x00, 0x00, 0x00, 0x00,
    0x00, 0x00, 0x00, 0x00, 0x00, 0x00, 0x00, 0x00, 0x00, 0x00, 0x00, 0x00,
    0x00, 0x00, 0x00, 0x00, 0x00, 0x00, 0x00, 0x00, 0x00, 0x00, 0x00, 0x00,
    0x00, 0x00, 0x00, 0x00, 0x00, 0x00, 0x00, 0x00, 0x00, 0x00, 0x00, 0x00,
    0x00, 0x00, 0x01, 0x00, 0x00, 0x00, 0x00, 0x00, 0x00, 0x63, 0x2C, 0x05,
    0x01, 0x8A, 0x0F, 0x01, 0x08, 0x16, 0x01, 0x27, 0x1C, 0x01, 0x29, 0x21,
    0x01, 0x4A, 0x23, 0x01, 0x89, 0x1F, 0x01, 0x29, 0x1A, 0x01, 0x68, 0x16,
    0x01, 0x69, 0x10, 0x19, 0xEB, 0x08, 0x00, 0x00, 0x00, 0x00, 0x00, 0x00,
    0x00, 0x00, 0x01, 0x00, 0x00, 0x00, 0x00, 0x00, 0x00, 0x00, 0x00, 0x00,
    0x00, 0x00, 0x00, 0x00, 0x00, 0x00, 0x00, 0x00, 0x00, 0x00, 0x00, 0x00,
};

const lv_img_dsc_t img_gesture_8 = {
    .header.cf = LV_IMG_CF_TRUE_COLOR_ALPHA,
    .header.always_zero = 0,
    .header.reserved = 0,
    .header.w = 36,
    .header.h = 36,
    .data_size = 3888,
    .data = img_gesture_8_data,
};

/* gesture: 10 (36x36) */
static const uint8_t img_gesture_10_data[3888] = {
    0x00, 0x00, 0x00, 0x00, 0x00, 0x00, 0x00, 0x00, 0x00, 0x00, 0x00, 0x00,
    0x00, 0x00, 0x00, 0x00, 0x00, 0x00, 0x00, 0x00, 0x00, 0x00, 0x00, 0x00,
    0x00, 0x00, 0x00, 0x00, 0x00, 0x00, 0x00, 0x00, 0x00, 0x00, 0x00, 0x00,
    0x00, 0x00, 0x00, 0x00, 0x00, 0x00, 0x00, 0x00, 0x00, 0x00, 0x00, 0x00,
    0x00, 0x00, 0x00, 0x00, 0x00, 0x00, 0x00, 0x00, 0x00, 0x00, 0x00, 0x00,
    0x00, 0x00, 0x00, 0x00, 0x00, 0x00, 0x00, 0x00, 0x00, 0x00, 0x00, 0x00,
    0x00, 0x00, 0x00, 0x00, 0x00, 0x00, 0x00, 0x00, 0x00, 0x00, 0x00, 0x00,
    0x00, 0x00, 0x00, 0x00, 0x00, 0x00, 0x00, 0x00, 0x00, 0x00, 0x00, 0x00,
    0x00, 0x00, 0x00, 0x00, 0x00, 0x00, 0x00, 0x00, 0x00, 0x00, 0x00, 0x00,
    0x00, 0x00, 0x00, 0x00, 0x00, 0x00, 0x00, 0x00, 0x00, 0x00, 0x00, 0x00,
    0x00, 0x00, 0x00, 0x00, 0x00, 0x00, 0x00, 0x00, 0x00, 0x00, 0x00, 0x00,
    0x00, 0x00, 0x00, 0x00, 0x00, 0x00, 0x00, 0x00, 0x00, 0x00, 0x00, 0x00,
    0x00, 0x00, 0x00, 0x00, 0x00, 0x00, 0x00, 0x00, 0x00, 0x00, 0x00, 0x00,
    0x00, 0x00, 0x00, 0x00, 0x00, 0x00, 0x00, 0x00, 0x00, 0x00, 0x00, 0x00,
    0x00, 0x00, 0x00, 0x00, 0x00, 0x00, 0x00, 0x00, 0x00, 0x00, 0x00, 0x00,
    0x00, 0x00, 0x00, 0x00, 0x00, 0x00, 0x00, 0x00, 0x00, 0x00, 0x00, 0x00,
    0x00, 0x00, 0x00, 0x00, 0x00, 0x00, 0x00, 0x00, 0x00, 0x00, 0x00, 0x00,
    0x00, 0x00, 0x00, 0x00, 0x00, 0x00, 0x00, 0x00, 0x00, 0x00, 0x00, 0x00,
    0x00, 0x00, 0x00, 0x00, 0x00, 0x00, 0x00, 0x00, 0x00, 0x00, 0x00, 0x00,
    0x00, 0x00, 0x00, 0x00, 0x00, 0x00, 0x00, 0x00, 0x00, 0x00, 0x00, 0x00,
    0x00, 0x00, 0x00, 0x00, 0x00, 0x00, 0x00, 0x00, 0x00, 0x00, 0x00, 0x00,
    0x00, 0x00, 0x00, 0x00, 0x00, 0x00, 0x00, 0x00, 0x00, 0x00, 0x00, 0x00,
    0x00, 0x00, 0x00, 0x00, 0x00, 0x00, 0x00, 0x00, 0x00, 0x00, 0x00, 0x00,
    0x00, 0x00, 0x00, 0x00, 0x00, 0x00, 0x00, 0x00, 0x00, 0x00, 0x00, 0x00,
    0x00, 0x00, 0x00, 0x00, 0x00, 0x00, 0x00, 0x00, 0x00, 0x00, 0x00, 0x00,
    0x00, 0x00, 0x00, 0x00, 0x00, 0x00, 0x00, 0x00, 0x00, 0x00, 0x00, 0x00,
    0x00, 0x00, 0x00, 0x00, 0x00, 0x00, 0x00, 0x00, 0x00, 0x00, 0x00, 0x00,
    0x00, 0x00, 0x00, 0x00, 0x00, 0x00, 0x00, 0x00, 0x00, 0x00, 0x00, 0x00,
    0x00, 0x00, 0x00, 0x00, 0x00, 0x00, 0x00, 0x00, 0x00, 0x00, 0x00, 0x00,
    0x00, 0x00, 0x00, 0x00, 0x00, 0x00, 0x00, 0x00, 0x00, 0x00, 0x00, 0x00,
    0x00, 0x00, 0x00, 0x00, 0x00, 0x00, 0x00, 0x00, 0x00, 0x00, 0x00, 0x00,
    0x00, 0x00, 0x00, 0x00, 0x00, 0x00, 0x00, 0x00, 0x00, 0x00, 0x00, 0x00,
    0x00, 0x00, 0x00, 0x00, 0x00, 0x00, 0x00, 0x00, 0x00, 0x00, 0x00, 0x00,
    0x00, 0x00, 0x00, 0x00, 0x00, 0x00, 0x00, 0x00, 0x00, 0x00, 0x00, 0x00,
    0x00, 0x00, 0x00, 0x00, 0x00, 0x00, 0x00, 0x00, 0x00, 0x00, 0x00, 0x00,
    0x00, 0x00, 0x00, 0x00, 0x00, 0x00, 0x00, 0x00, 0x00, 0x00, 0x00, 0x00,
    0x00, 0x00, 0x00, 0x00, 0x00, 0x00, 0x00, 0x00, 0x00, 0x00, 0x00, 0x00,
    0x00, 0x00, 0x00, 0x00, 0x00, 0x00, 0x00, 0x00, 0x00, 0x00, 0x00, 0x00,
    0x00, 0x00, 0x00, 0x00, 0x00, 0x01, 0x00, 0x00, 0x01, 0x00, 0x00, 0x01,
    0x00, 0x00, 0x01, 0x00, 0x00, 0x01, 0x00, 0x00, 0x01, 0x00, 0x00, 0x00,
    0x00, 0x00, 0x00, 0x00, 0x00, 0x00, 0x00, 0x00, 0x00, 0x00, 0x00, 0x00,
    0x00, 0x00, 0x00, 0x00, 0x00, 0x00, 0x00, 0x00, 0x00, 0x00, 0x00, 0x00,
    0x00, 0x00, 0x00, 0x00, 0x00, 0x00, 0x00, 0x00, 0x00, 0x00, 0x00, 0x00,
    0x00, 0x00, 0x00, 0x00, 0x00, 0x00, 0x00, 0x00, 0x00, 0x00, 0x00, 0x00,
    0x00, 0x00, 0x00, 0x00, 0x00, 0x00, 0x00, 0x00, 0x00, 0x00, 0x00, 0x00,
    0x00, 0x00, 0x00, 0x00, 0x00, 0x00, 0x00, 0x00, 0x00, 0x00, 0x00, 0x00,
    0x00, 0x00, 0x00, 0x00, 0x00, 0x00, 0x00, 0x00, 0x00, 0x00, 0x00, 0x00,
    0x00, 0x00, 0x00, 0x00, 0x00, 0x00, 0x00, 0x00, 0x00, 0x00, 0x00, 0x00,
    0x00, 0x00, 0x00, 0x00, 0x00, 0x00, 0x00, 0x00, 0x00, 0x00, 0x00, 0x00,
    0x00, 0x07, 0x09, 0x00, 0xC9, 0x0A, 0x00, 0x00, 0x01, 0x00, 0x00, 0x00,
    0x00, 0x00, 0x00, 0x03, 0xEF, 0x02, 0x7B, 0xEF, 0x02, 0x52, 0xAA, 0x03,
    0x00, 0x1F, 0x01, 0x00, 0x00, 0x00, 0x00, 0x00, 0x00, 0x00, 0x00, 0x00,
    0x00, 0x00, 0x00, 0x00, 0x00, 0x00, 0x00, 0x00, 0x00, 0x00, 0x00, 0x00,
    0x00, 0x00, 0x00, 0x00, 0x00, 0x00, 0x00, 0x00, 0x00, 0x00, 0x00, 0x00,
    0x00, 0x00, 0x00, 0x00, 0x00, 0x00, 0x00, 0x00, 0x00, 0x00, 0x00, 0x00,
    0x00, 0x00, 0x00, 0x00, 0x00, 0x00, 0x00, 0x00, 0x00, 0x00, 0x00, 0x00,
    0x00, 0x00, 0x00, 0x2B, 0x2F, 0x1C, 0x1A, 0x8D, 0x3E, 0x12, 0x6C, 0x3B,
    0x1A, 0x4C, 0x1F, 0xFF, 0xFF, 0x06, 0x32, 0xEF, 0x2E, 0x3B, 0x30, 0xAB,
    0x43, 0x71, 0xED, 0x43, 0x91, 0xF0, 0x3B, 0x50, 0xBD, 0x32, 0xEE, 0x45,
    0x00, 0x00, 0x00, 0x00, 0x00, 0x00, 0x00, 0x00, 0x00, 0x00, 0x00, 0x00,
    0x00, 0x00, 0x00, 0x52, 0xAA, 0x03, 0x00, 0x00, 0x00, 0x00, 0x00, 0x00,
    0x00, 0x00, 0x00, 0x00, 0x00, 0x00, 0x00, 0x00, 0x00, 0x00, 0x00, 0x00,
    0x00, 0x00, 0x00, 0x00, 0x00, 0x00, 0x00, 0x00, 0x00, 0x00, 0x00, 0x00,
    0x00, 0x00, 0x00, 0x00, 0x00, 0x00, 0x00, 0x00, 0x00, 0x00, 0x00, 0x00,
    0x00, 0x00, 0x00, 0x00, 0x00, 0x01, 0x7B, 0xEF, 0x02, 0xAD, 0x55, 0x03,
    0x2A, 0xCE, 0x5E, 0x4B, 0x91, 0xE7, 0x6C, 0x74, 0xFF, 0x64, 0x73, 0xFF,
    0x4B, 0xB1, 0xEC, 0x3B, 0x50, 0x9F, 0x4B, 0xB1, 0xDC, 0x9D, 0xB8, 0xFF,
    0xDF, 0x1C, 0xFF, 0xD7, 0x1C, 0xFF, 0x9D, 0xD8, 0xFF, 0x4B, 0xB1, 0xF1,
    0x3B, 0x2F, 0x56, 0x12, 0x2D, 0x2C, 0x01, 0xCC, 0x4D, 0x0A, 0x0C, 0x3A,
    0x4B, 0xF2, 0x0E, 0x00, 0x00, 0x00, 0x03, 0xEF, 0x02, 0x00, 0x00, 0x00,
    0x00, 0x00, 0x00, 0x00, 0x00, 0x00, 0x00, 0x00, 0x00, 0x00, 0x00, 0x00,
    0x00, 0x00, 0x00, 0x00, 0x00, 0x00, 0x00, 0x00, 0x00, 0x00, 0x00, 0x00,
    0x00, 0x00, 0x00, 0x00, 0x00, 0x00, 0x00, 0x00, 0x00, 0x00, 0x00, 0x00,
    0x00, 0x00, 0x00, 0x07, 0xFF, 0x01, 0x00, 0x00, 0x00, 0x1A, 0x6C, 0x49,
    0x53, 0xD1, 0xF6, 0xBE, 0x7A, 0xFF, 0xF7, 0xBF, 0xFB, 0xEF, 0xBE, 0xFD,
    0xC6, 0xBB, 0xFF, 0x53, 0xF2, 0xFF, 0x85, 0x16, 0xFF, 0xFF, 0xFF, 0xFE,
    0xF7, 0xDF, 0xFF, 0xE7, 0x7E, 0xFF, 0xEF, 0xDF, 0xFD, 0x9D, 0xD9, 0xFF,
    0x2A, 0xEF, 0xEB, 0x53, 0xF2, 0xEA, 0x7C, 0xF6, 0xFF, 0x5C, 0x12, 0xFE,
    0x2A, 0xEE, 0xB1, 0x3A, 0xEF, 0x30, 0x00, 0x00, 0x00, 0x4B, 0x72, 0x07,
    0x3B, 0xEF, 0x04, 0x00, 0x1F, 0x01, 0x00, 0x00, 0x00, 0x00, 0x00, 0x00,
    0x00, 0x00, 0x00, 0x00, 0x00, 0x00, 0x00, 0x00, 0x00, 0x00, 0x00, 0x00,
    0x00, 0x00, 0x00, 0x00, 0x00, 0x00, 0x00, 0x00, 0x00, 0x00, 0x00, 0x00,
    0x00, 0x00, 0x01, 0x00, 0x00, 0x00, 0x3A, 0xAE, 0x09, 0x33, 0x0F, 0xB8,
    0xAE, 0x19, 0xFF, 0xFF, 0xFF, 0xFB, 0xDF, 0x3D, 0xFF, 0xDF, 0x5D, 0xFF,
    0xDF, 0x5E, 0xFE, 0x7C, 0xF6, 0xFC, 0xA5, 0xD8, 0xFE, 0xF7, 0xBF, 0xFF,
    0xDF, 0x5D, 0xFF, 0xD7, 0x1D, 0xFF, 0xDF, 0x7E, 0xFF, 0xA6, 0x1A, 0xFE,
    0x53, 0xF2, 0xFF, 0xD7, 0x1C, 0xFF, 0xEF, 0xBE, 0xFA, 0xDF, 0x5D, 0xFC,
    0x95, 0x98, 0xFF, 0x32, 0xEE, 0xC8, 0x43, 0xB1, 0x0F, 0x00, 0x00, 0x00,
    0x00, 0x00, 0x00, 0x00, 0x00, 0x00, 0x00, 0x00, 0x01, 0x00, 0x00, 0x00,
    0x00, 0x00, 0x00, 0x00, 0x00, 0x00, 0x00, 0x00, 0x00, 0x00, 0x00, 0x00,
    0x00, 0x00, 0x00, 0x00, 0x00, 0x00, 0x00, 0x00, 0x00, 0x00, 0x00, 0x00,
    0x00, 0x00, 0x01, 0x00, 0x00, 0x00, 0x01, 0xCA, 0x1E, 0x53, 0xD1, 0xF5,
    0xD7, 0x1C, 0xFD, 0xDF, 0x5D, 0xFE, 0xD7, 0x1D, 0xFF, 0xD7, 0x3D, 0xFF,
    0xBE, 0xBC, 0xFF, 0x64, 0x75, 0xFF, 0xB6, 0x7A, 0xFF, 0xDF, 0x7E, 0xFF,
    0xCF, 0x1D, 0xFF, 0xD7, 0x1D, 0xFF, 0xD7, 0x5E, 0xFF, 0x85, 0x57, 0xFF,
    0x74, 0xD5, 0xFD, 0xFF, 0xFF, 0xFD, 0xDF, 0x5D, 0xFF, 0xE7, 0x7E, 0xFD,
    0xDF, 0x5E, 0xFB, 0x64, 0x53, 0xFA, 0x2A, 0xCE, 0xB2, 0x2A, 0xCE, 0x9D,
    0x2A, 0xCE, 0x80, 0x22, 0xEF, 0x16, 0x00, 0x00, 0x00, 0x00, 0x00, 0x00,
    0x00, 0x00, 0x00, 0x00, 0x00, 0x00, 0x00, 0x00, 0x00, 0x00, 0x00, 0x00,
    0x00, 0x00, 0x00, 0x00, 0x00, 0x00, 0x00, 0x00, 0x00, 0x00, 0x00, 0x00,
    0x00, 0x00, 0x01, 0x00, 0x00, 0x00, 0x01, 0xAA, 0x37, 0x64, 0x53, 0xFF,
    0xE7, 0x7E, 0xFD, 0xD7, 0x3D, 0xFF, 0xD7, 0x3D, 0xFF, 0xD7, 0x3D, 0xFF,
    0xAE, 0x7C, 0xFF, 0x5C, 0x34, 0xFF, 0xBE, 0x7B, 0xFF, 0xDF, 0x5E, 0xFF,
    0xD7, 0x3D, 0xFF, 0xCF, 0x1D, 0xFF, 0xC6, 0xDD, 0xFF, 0x6C, 0xB6, 0xFF,
    0x85, 0x37, 0xFF, 0xE7, 0x9E, 0xFF, 0xD7, 0x1D, 0xFF, 0xD7, 0x1D, 0xFF,
    0xCF, 0x1D, 0xFF, 0x7D, 0x16, 0xFE, 0x64, 0x53, 0xFF, 0xAE, 0x19, 0xFF,
    0x74, 0x94, 0xFF, 0x32, 0xEE, 0xD8, 0x22, 0xAD, 0x2F, 0x00, 0x00, 0x00,
    0x00, 0x00, 0x01, 0x00, 0x00, 0x00, 0x00, 0x00, 0x00, 0x00, 0x00, 0x00,
    0x00, 0x00, 0x00, 0x00, 0x00, 0x00, 0x00, 0x00, 0x00, 0x00, 0x00, 0x00,
    0x00, 0x00, 0x01, 0x02, 0xAA, 0x03, 0x09, 0xEC, 0x47, 0x64, 0x94, 0xFF,
    0xD7, 0x3D, 0xFD, 0xAE, 0x3B, 0xFF, 0x9D, 0xFA, 0xFF, 0x8D, 0x78, 0xFF,
    0x6C, 0xB6, 0xFF, 0x3B, 0x91, 0xFF, 0x64, 0x74, 0xFF, 0x7D, 0x16, 0xFF,
    0xBE, 0x9C, 0xFF, 0xCF, 0x1E, 0xFF, 0xAE, 0x5C, 0xFF, 0x5C, 0x54, 0xFF,
    0x9D, 0xD9, 0xFF, 0xDF, 0x5E, 0xFF, 0xCF, 0x1D, 0xFF, 0xD7, 0x3D, 0xFF,
    0xBE, 0xBC, 0xFF, 0x64, 0x54, 0xFF, 0xB6, 0x3A, 0xFE, 0xEF, 0xBF, 0xFE,
    0xEF, 0xBF, 0xFF, 0x95, 0x77, 0xFF, 0x2A, 0xAD, 0xC7, 0x39, 0xEF, 0x04,
    0x03, 0xEF, 0x02, 0x00, 0x00, 0x00, 0x00, 0x00, 0x00, 0x00, 0x00, 0x00,
    0x00, 0x00, 0x00, 0x00, 0x00, 0x00, 0x00, 0x00, 0x00, 0x00, 0x00, 0x00,
    0x00, 0x0F, 0x02, 0x00, 0x00, 0x00, 0x2A, 0xEF, 0x54, 0x3B, 0x91, 0xFF,
    0x6C, 0x94, 0xFD, 0x5C, 0x12, 0xFF, 0x64, 0x53, 0xFF, 0x74, 0xB5, 0xFF,
    0x8D, 0x56, 0xFF, 0xAD, 0xF8, 0xFF, 0xAE, 0x19, 0xFF, 0x6C, 0x94, 0xFF,
    0x53, 0xF3, 0xFF, 0xB6, 0x9D, 0xFF, 0x9E, 0x1B, 0xFF, 0x43, 0xD2, 0xFF,
    0xAE, 0x5B, 0xFF, 0xD7, 0x1E, 0xFF, 0xCF, 0x1D, 0xFF, 0xD7, 0x3E, 0xFF,
    0x9D, 0xFA, 0xFF, 0x4B, 0xD2, 0xFF, 0xCE, 0xFD, 0xFF, 0xD7, 0x1D, 0xFF,
    0xCF, 0x1D, 0xFE, 0xD7, 0x3D, 0xFE, 0x43, 0x70, 0xF6, 0x22, 0x8D, 0x48,
    0x00, 0x00, 0x00, 0x02, 0xAA, 0x03, 0x00, 0x00, 0x00, 0x00, 0x00, 0x00,
    0x00, 0x00, 0x00, 0x00, 0x00, 0x00, 0x00, 0x00, 0x00, 0x07, 0xFF, 0x01,
    0x00, 0x00, 0x00, 0x32, 0xCF, 0x2E, 0x33, 0x2F, 0xC5, 0x84, 0xF5, 0xFF,
    0xBE, 0x7A, 0xFF, 0xE7, 0x7D, 0xFF, 0xFF, 0xFF, 0xFF, 0xFF, 0xFF, 0xFF,
    0xFF, 0xFF, 0xFF, 0xFF, 0xFF, 0xFF, 0xEF, 0xBF, 0xFF, 0xDF, 0x7F, 0xFF,
    0x54, 0x13, 0xFF, 0x75, 0x17, 0xFF, 0x8D, 0xBA, 0xFF, 0x43, 0x92, 0xFF,
    0xBE, 0xDE, 0xFF, 0xC6, 0xDD, 0xFF, 0xC6, 0xFD, 0xFF, 0xC6, 0xFD, 0xFF,
    0x74, 0xF7, 0xFF, 0x64, 0x75, 0xFF, 0xDF, 0x5E, 0xFF, 0xCE, 0xFC, 0xFF,
    0xD7, 0x1D, 0xFF, 0xBE, 0xDD, 0xFF, 0x64, 0x75, 0xFF, 0x22, 0xAE, 0x81,
    0x00, 0x00, 0x00, 0x31, 0x8C, 0x05, 0x00, 0x00, 0x00, 0x00, 0x00, 0x00,
    0x00, 0x00, 0x00, 0x00, 0x00, 0x00, 0x00, 0x00, 0x01, 0x03, 0xEF, 0x02,
    0x1A, 0x2C, 0x19, 0x32, 0xAE, 0xCE, 0xA5, 0xD8, 0xFF, 0xFF, 0xFF, 0xFE,
    0xFF, 0xFF, 0xFF, 0xE7, 0x7E, 0xFF, 0xDF, 0x3D, 0xFF, 0xD7, 0x3D, 0xFF,
    0xDF, 0x3D, 0xFF, 0xDF, 0x3D, 0xFF, 0xCE, 0xFD, 0xFF, 0xBE, 0xBD, 0xFF,
    0x6C, 0xD7, 0xFF, 0x54, 0x35, 0xFF, 0x6C, 0xF7, 0xFF, 0x4B, 0xF3, 0xFF,
    0xC6, 0xFE, 0xFF, 0xBE, 0xBD, 0xFF, 0xBE, 0xDD, 0xFF, 0xB6, 0x9D, 0xFF,
    0x4B, 0xF3, 0xFF, 0x8D, 0x99, 0xFF, 0xCF, 0x1E, 0xFF, 0xCE, 0xFD, 0xFF,
    0xCE, 0xFD, 0xFF, 0xB6, 0x9D, 0xFE, 0x64, 0xD6, 0xFF, 0x22, 0xAE, 0x99,
    0x00, 0x00, 0x00, 0x33, 0x2C, 0x05, 0x00, 0x00, 0x00, 0x00, 0x00, 0x00,
    0x00, 0x00, 0x00, 0x00, 0x00, 0x00, 0x3B, 0xEF, 0x04, 0x00, 0x00, 0x00,
    0x2A, 0xAE, 0x8E, 0x84, 0xD5, 0xFF, 0xFF, 0xFF, 0xFB, 0xE7, 0x7E, 0xFF,
    0xD7, 0x1D, 0xFF, 0xD7, 0x3D, 0xFF, 0xD7, 0x3D, 0xFF, 0xD7, 0x1D, 0xFF,
    0xCE, 0xFD, 0xFF, 0xBE, 0xBC, 0xFF, 0xB6, 0x7C, 0xFF, 0xB6, 0x7D, 0xFF,
    0x5C, 0x75, 0xFF, 0x4C, 0x35, 0xFF, 0x54, 0x76, 0xFF, 0x54, 0x55, 0xFF,
    0xB6, 0x9D, 0xFF, 0xAE, 0x7C, 0xFF, 0xAE, 0x7D, 0xFF, 0x95, 0xBA, 0xFF,
    0x3B, 0x71, 0xFF, 0xB6, 0x9D, 0xFF, 0xC6, 0xFD, 0xFF, 0xC6, 0xDD, 0xFF,
    0xC6, 0xDD, 0xFF, 0x5C, 0x55, 0xFE, 0x5C, 0xB6, 0xFF, 0x1A, 0x8D, 0x9E,
    0x00, 0x00, 0x00, 0x33, 0x2C, 0x05, 0x00, 0x00, 0x00, 0x00, 0x00, 0x00,
    0x00, 0x00, 0x00, 0x02, 0xAA, 0x03, 0x00, 0x00, 0x01, 0x2A, 0x6D, 0x24,
    0x3B, 0x2F, 0xDD, 0xE7, 0x5D, 0xFE, 0xEF, 0xBE, 0xFD, 0xD7, 0x1D, 0xFF,
    0xCE, 0xFD, 0xFF, 0xC6, 0xDD, 0xFF, 0xBE, 0xBC, 0xFF, 0xB6, 0x9C, 0xFF,
    0xAE, 0x7C, 0xFF, 0xA6, 0x3C, 0xFF, 0xA6, 0x3C, 0xFF, 0x95, 0xDA, 0xFF,
    0x3B, 0x92, 0xFF, 0x64, 0xF8, 0xFF, 0x3B, 0xB3, 0xFF, 0x54, 0x35, 0xFF,
    0x9E, 0x3C, 0xFF, 0x95, 0xFB, 0xFF, 0x9E, 0x1C, 0xFF, 0x64, 0xB6, 0xFF,
    0x4B, 0xF3, 0xFF, 0xB6, 0x9D, 0xFF, 0xB6, 0x9D, 0xFF, 0xBE, 0xBD, 0xFF,
    0x95, 0xBA, 0xFF, 0x3B, 0x72, 0xFE, 0x54, 0x76, 0xFF, 0x1A, 0x8D, 0x99,
    0x00, 0x00, 0x00, 0x33, 0x2C, 0x05, 0x00, 0x00, 0x00, 0x00, 0x00, 0x00,
    0x00, 0x00, 0x00, 0x33, 0x2C, 0x05, 0x00, 0x00, 0x00, 0x1A, 0x4C, 0x68,
    0x74, 0x74, 0xFD, 0xF7, 0xBE, 0xFE, 0xDF, 0x5D, 0xFE, 0xCE, 0xFD, 0xFF,
    0xBE, 0xBD, 0xFF, 0xB6, 0x7C, 0xFF, 0xAE, 0x7C, 0xFF, 0xAE, 0x5C, 0xFF,
    0xA6, 0x3C, 0xFF, 0x9E, 0x1B, 0xFF, 0x7D, 0x59, 0xFF, 0x2B, 0x31, 0xFF,
    0x3B, 0xB3, 0xFF, 0x54, 0x55, 0xFF, 0x1A, 0xCF, 0xFF, 0x33, 0x72, 0xFF,
    0x85, 0xBA, 0xFF, 0x8D, 0xBB, 0xFF, 0x8D, 0xBA, 0xFF, 0x3B, 0x92, 0xFF,
    0x5C, 0x55, 0xFF, 0x9E, 0x1C, 0xFF, 0xA6, 0x1B, 0xFF, 0xA6, 0x5D, 0xFF,
    0x4B, 0xF4, 0xFF, 0x54, 0x55, 0xFF, 0x54, 0x35, 0xFF, 0x1A, 0x6D, 0x8C,
    0x00, 0x00, 0x00, 0x33, 0x2C, 0x05, 0x00, 0x00, 0x00, 0x00, 0x00, 0x00,
    0x00, 0x00, 0x00, 0x33, 0x33, 0x05, 0x00, 0x00, 0x00, 0x12, 0x2C, 0x91,
    0x9D, 0xB8, 0xFF, 0xEF, 0xBF, 0xFB, 0xCF, 0x1D, 0xFF, 0xC6, 0xDD, 0xFF,
    0xB6, 0x9C, 0xFF, 0xAE, 0x7C, 0xFF, 0x95, 0xDA, 0xFF, 0x75, 0x18, 0xFF,
    0x5C, 0x76, 0xFF, 0x3B, 0x92, 0xFF, 0x23, 0x31, 0xFF, 0x33, 0x72, 0xFF,
    0x2B, 0x30, 0xFF, 0x33, 0x72, 0xFF, 0x5C, 0x96, 0xFF, 0x3B, 0x93, 0xFF,
    0x33, 0x93, 0xFF, 0x4C, 0x35, 0xFF, 0x3B, 0xB3, 0xFF, 0x2B, 0x31, 0xFF,
    0x3B, 0xB2, 0xFF, 0x7D, 0x7A, 0xFF, 0x85, 0x9A, 0xFF, 0x5C, 0x76, 0xFF,
    0x3B, 0x72, 0xFF, 0x7D, 0x5A, 0xFF, 0x4B, 0xD3, 0xFE, 0x1A, 0x4D, 0x79,
    0x00, 0x00, 0x00, 0x39, 0xEF, 0x04, 0x00, 0x00, 0x00, 0x00, 0x00, 0x00,
    0x00, 0x00, 0x01, 0x52, 0xB5, 0x03, 0x00, 0x00, 0x00, 0x12, 0x2C, 0xA1,
    0xAE, 0x5A, 0xFF, 0xE7, 0xBF, 0xFA, 0xC6, 0xFD, 0xFF, 0xBE, 0xDD, 0xFF,
    0xB6, 0x9C, 0xFF, 0xB6, 0x9D, 0xFF, 0x85, 0x79, 0xFF, 0x23, 0x10, 0xFF,
    0x33, 0x92, 0xFF, 0x33, 0x72, 0xFF, 0x2B, 0x72, 0xFF, 0x54, 0x76, 0xFF,
    0x6D, 0x39, 0xFF, 0x75, 0x39, 0xFF, 0x75, 0x59, 0xFF, 0x75, 0x39, 0xFF,
    0x4C, 0x35, 0xFF, 0x3B, 0xD3, 0xFF, 0x54, 0x56, 0xFF, 0x6D, 0x19, 0xFF,
    0x3B, 0xB3, 0xFF, 0x3B, 0xB3, 0xFF, 0x43, 0xD3, 0xFF, 0x33, 0x72, 0xFF,
    0x6C, 0xF8, 0xFF, 0x8D, 0xBB, 0xFF, 0x3B, 0x92, 0xF9, 0x1A, 0x4D, 0x5E,
    0x00, 0x00, 0x00, 0x01, 0xEF, 0x04, 0x00, 0x00, 0x00, 0x00, 0x00, 0x00,
    0x00, 0x00, 0x00, 0x3B, 0xEF, 0x04, 0x00, 0x00, 0x00, 0x12, 0x2C, 0x9E,
    0xA6, 0x19, 0xFF, 0xDF, 0x7F, 0xFA, 0xC6, 0xDD, 0xFF, 0xC6, 0xDD, 0xFF,
    0xBE, 0xBD, 0xFF, 0xBE, 0xBD, 0xFF, 0x6C, 0xB6, 0xFF, 0x4C, 0x14, 0xFF,
    0x8D, 0xFB, 0xFF, 0x85, 0x9A, 0xFF, 0x64, 0xB7, 0xFF, 0x2B, 0x31, 0xFF,
    0x43, 0xF4, 0xFF, 0x7D, 0x79, 0xFF, 0x7D, 0x79, 0xFF, 0x7D, 0x79, 0xFF,
    0x85, 0xBA, 0xFF, 0x8D, 0xDB, 0xFF, 0x8D, 0xDB, 0xFF, 0x95, 0xFB, 0xFF,
    0x8D, 0xBB, 0xFF, 0x64, 0xD7, 0xFF, 0x5C, 0x96, 0xFF, 0x7D, 0x59, 0xFF,
    0x8D, 0xBB, 0xFE, 0x8D, 0xBB, 0xFF, 0x33, 0x30, 0xF3, 0x1A, 0x6C, 0x46,
    0x00, 0x00, 0x00, 0x03, 0xEF, 0x02, 0x00, 0x00, 0x00, 0x00, 0x00, 0x00,
    0x00, 0x00, 0x00, 0x2A, 0xAA, 0x06, 0x00, 0x00, 0x00, 0x12, 0x2C, 0x84,
    0x85, 0x36, 0xFF, 0xD7, 0x3E, 0xFC, 0xBE, 0xBD, 0xFF, 0xBE, 0xDD, 0xFF,
    0xC6, 0xDD, 0xFF, 0xB6, 0x9D, 0xFF, 0x6C, 0xD6, 0xFF, 0x9D, 0xDA, 0xFF,
    0xAE, 0x5C, 0xFF, 0xA6, 0x3B, 0xFF, 0xA6, 0x3C, 0xFF, 0x8D, 0x9A, 0xFF,
    0x33, 0x51, 0xFF, 0x5C, 0x76, 0xFF, 0x8D, 0xBB, 0xFF, 0x8D, 0xDB, 0xFF,
    0x95, 0xFB, 0xFF, 0x9E, 0x1B, 0xFF, 0x9E, 0x1C, 0xFF, 0xB6, 0x9D, 0xFF,
    0xAE, 0x7D, 0xFF, 0xA6, 0x5C, 0xFF, 0xA6, 0x5C, 0xFF, 0x9E, 0x3C, 0xFF,
    0x95, 0xDB, 0xFE, 0x8D, 0xBB, 0xFF, 0x22, 0xCF, 0xEB, 0x1A, 0x6B, 0x28,
    0x00, 0x00, 0x00, 0x00, 0x1F, 0x01, 0x00, 0x00, 0x00, 0x00, 0x00, 0x00,
    0x00, 0x00, 0x00, 0x39, 0xEF, 0x04, 0x00, 0x00, 0x00, 0x12, 0x2C, 0x54,
    0x53, 0xB1, 0xF5, 0xCF, 0x3E, 0xFF, 0xBE, 0x9D, 0xFE, 0xB6, 0xBD, 0xFF,
    0xBE, 0xBD, 0xFF, 0xBE, 0xDD, 0xFF, 0xBE, 0xBD, 0xFF, 0xBE, 0xDD, 0xFF,
    0xBE, 0xBD, 0xFF, 0xB6, 0x9C, 0xFF, 0xAE, 0x7C, 0xFF, 0xB6, 0x9D, 0xFF,
    0x8D, 0x99, 0xFF, 0x33, 0x31, 0xFF, 0x8D, 0xBA, 0xFF, 0x9E, 0x1C, 0xFF,
    0xA6, 0x5C, 0xFF, 0xAE, 0x7C, 0xFF, 0xB6, 0xBD, 0xFF, 0xC6, 0xDD, 0xFF,
    0xC6, 0xDD, 0xFF, 0xBE, 0xBD, 0xFF, 0xB6, 0x9D, 0xFF, 0xA6, 0x3C, 0xFF,
    0x95, 0xDB, 0xFE, 0x7D, 0x59, 0xFF, 0x22, 0x8E, 0xE0, 0x01, 0x45, 0x06,
    0x00, 0x00, 0x01, 0x00, 0x00, 0x01, 0x00, 0x00, 0x00, 0x00, 0x00, 0x00,
    0x00, 0x00, 0x00, 0x00, 0x0F, 0x02, 0x00, 0x00, 0x01, 0x2A, 0x2C, 0x12,
    0x1A, 0x4C, 0xCF, 0xB6, 0x5B, 0xFF, 0xBE, 0xBD, 0xFD, 0xAE, 0x7C, 0xFF,
    0xBE, 0xBD, 0xFF, 0xBE, 0xBD, 0xFF, 0xBE, 0xDD, 0xFF, 0xBE, 0xDD, 0xFF,
    0xBE, 0xDD, 0xFF, 0xBE, 0xBD, 0xFF, 0xBE, 0x9D, 0xFF, 0xB6, 0x7C, 0xFF,
    0xBE, 0xDD, 0xFF, 0x53, 0xF3, 0xFF, 0x6C, 0xD7, 0xFF, 0xAE, 0x7D, 0xFF,
    0xAE, 0x9D, 0xFF, 0xBE, 0xDD, 0xFF, 0xCE, 0xFE, 0xFF, 0xCE, 0xFE, 0xFF,
    0xCE, 0xFD, 0xFF, 0xC6, 0xFE, 0xFF, 0xBE, 0xBD, 0xFF, 0x9E, 0x1B, 0xFF,
    0x95, 0xFB, 0xFE, 0x64, 0x76, 0xFE, 0x1A, 0x6D, 0xB9, 0x00, 0x00, 0x00,
    0x03, 0xEF, 0x02, 0x00, 0x00, 0x00, 0x00, 0x00, 0x00, 0x00, 0x00, 0x00,
    0x00, 0x00, 0x00, 0x00, 0x00, 0x00, 0x39, 0xEF, 0x04, 0x00, 0x00, 0x00,
    0x12, 0x0B, 0x6D, 0x4B, 0x91, 0xFF, 0xBE, 0xDD, 0xFD, 0xAE, 0x3C, 0xFF,
    0xB6, 0x7D, 0xFF, 0xB6, 0x9D, 0xFF, 0xBE, 0xBD, 0xFF, 0xBE, 0xBD, 0xFF,
    0xBE, 0xDD, 0xFF, 0xBE, 0xDD, 0xFF, 0xBE, 0xBD, 0xFF, 0xB6, 0x9D, 0xFF,
    0xBE, 0xBD, 0xFF, 0x85, 0x58, 0xFF, 0x6C, 0x96, 0xFF, 0xB6, 0x9D, 0xFF,
    0xB6, 0x9D, 0xFF, 0xB6, 0xBD, 0xFF, 0xBE, 0xDD, 0xFF, 0xCE, 0xFE, 0xFF,
    0xCE, 0xFE, 0xFF, 0xBE, 0xBD, 0xFF, 0xAE, 0x5C, 0xFF, 0x95, 0xDB, 0xFF,
    0x95, 0xFB, 0xFF, 0x3B, 0x92, 0xFF, 0x12, 0x2C, 0x6B, 0x00, 0x00, 0x00,
    0x03, 0xEF, 0x02, 0x00, 0x00, 0x00, 0x00, 0x00, 0x00, 0x00, 0x00, 0x00,
    0x00, 0x00, 0x00, 0x00, 0x00, 0x00, 0x00, 0x00, 0x00, 0x00, 0x1F, 0x01,
    0x00, 0xE7, 0x09, 0x12, 0x0C, 0xC1, 0x6C, 0xB6, 0xFF, 0xB6, 0xBD, 0xFD,
    0xA6, 0x3B, 0xFF, 0xAE, 0x7D, 0xFF, 0xB6, 0x9D, 0xFF, 0xBE, 0xBD, 0xFF,
    0xBE, 0xBD, 0xFF, 0xBE, 0xBD, 0xFF, 0xBE, 0xBD, 0xFF, 0xBE, 0xBD, 0xFF,
    0xB6, 0xBD, 0xFF, 0xAE, 0x7C, 0xFF, 0xA6, 0x1B, 0xFF, 0xB6, 0xBD, 0xFF,
    0xB6, 0xBD, 0xFF, 0xBE, 0xBD, 0xFF, 0xB6, 0xBD, 0xFF, 0xC6, 0xDD, 0xFF,
    0xC6, 0xDD, 0xFF, 0xAE, 0x9D, 0xFF, 0x95, 0xFB, 0xFF, 0x95, 0xDB, 0xFF,
    0x7D, 0x39, 0xFD, 0x22, 0xAE, 0xF1, 0x01, 0x47, 0x18, 0x00, 0x00, 0x00,
    0x00, 0x00, 0x00, 0x00, 0x00, 0x00, 0x00, 0x00, 0x00, 0x00, 0x00, 0x00,
    0x00, 0x00, 0x00, 0x00, 0x00, 0x00, 0x00, 0x00, 0x00, 0x00, 0x1F, 0x01,
    0x00, 0x00, 0x00, 0x11, 0xCA, 0x2C, 0x1A, 0x2D, 0xE1, 0x7D, 0x18, 0xFF,
    0xB6, 0x9D, 0xFD, 0xA6, 0x1B, 0xFF, 0xAE, 0x5C, 0xFF, 0xB6, 0x9D, 0xFF,
    0xB6, 0x9D, 0xFF, 0xB6, 0xBD, 0xFF, 0xB6, 0xBD, 0xFF, 0xB6, 0xBD, 0xFF,
    0xB6, 0xBD, 0xFF, 0xB6, 0xBD, 0xFF, 0xBE, 0xBD, 0xFF, 0xB6, 0xBD, 0xFF,
    0xBE, 0xBD, 0xFF, 0xB6, 0xBD, 0xFF, 0xB6, 0xBD, 0xFF, 0xBE, 0xBD, 0xFF,
    0xB6, 0x9D, 0xFF, 0x9E, 0x1C, 0xFF, 0x8D, 0xDB, 0xFF, 0x8D, 0xDB, 0xFC,
    0x3B, 0x92, 0xFF, 0x1A, 0x2C, 0x88, 0x00, 0x00, 0x00, 0x00, 0x00, 0x00,
    0x00, 0x00, 0x00, 0x00, 0x00, 0x00, 0x00, 0x00, 0x00, 0x00, 0x00, 0x00,
    0x00, 0x00, 0x00, 0x00, 0x00, 0x00, 0x00, 0x00, 0x00, 0x00, 0x00, 0x00,
    0x00, 0x00, 0x02, 0x00, 0x00, 0x00, 0x11, 0xEB, 0x3C, 0x1A, 0x4D, 0xE1,
    0x64, 0xB6, 0xFF, 0x9E, 0x3C, 0xFE, 0xA6, 0x3C, 0xFF, 0xA6, 0x3B, 0xFF,
    0xA6, 0x5C, 0xFF, 0xAE, 0x5C, 0xFF, 0xAE, 0x7C, 0xFF, 0xB6, 0x9D, 0xFF,
    0xB6, 0x9C, 0xFF, 0xB6, 0x9C, 0xFF, 0xB6, 0x9C, 0xFF, 0xB6, 0x9C, 0xFF,
    0xB6, 0x9C, 0xFF, 0xB6, 0x9C, 0xFF, 0xAE, 0x7C, 0xFF, 0xA6, 0x5C, 0xFF,
    0x9E, 0x1B, 0xFF, 0x95, 0xFB, 0xFF, 0x95, 0xFB, 0xFD, 0x54, 0x35, 0xFF,
    0x12, 0x2C, 0xC8, 0x19, 0xE7, 0x14, 0x00, 0x00, 0x01, 0x00, 0x00, 0x01,
    0x00, 0x00, 0x00, 0x00, 0x00, 0x00, 0x00, 0x00, 0x00, 0x00, 0x00, 0x00,
    0x00, 0x00, 0x00, 0x00, 0x00, 0x00, 0x00, 0x00, 0x00, 0x00, 0x00, 0x00,
    0x00, 0x00, 0x00, 0x00, 0x15, 0x03, 0x00, 0x00, 0x00, 0x09, 0xCA, 0x2C,
    0x12, 0x2C, 0xC2, 0x3B, 0x72, 0xFE, 0x74, 0xF7, 0xFC, 0x95, 0xDB, 0xFF,
    0x95, 0xFB, 0xFF, 0x9E, 0x1B, 0xFF, 0xA6, 0x1B, 0xFF, 0xA6, 0x5C, 0xFF,
    0xAE, 0x7C, 0xFF, 0xAE, 0x7C, 0xFF, 0xAE, 0x7C, 0xFF, 0xAE, 0x5C, 0xFF,
    0xA6, 0x5C, 0xFF, 0xA6, 0x3C, 0xFF, 0x9E, 0x1B, 0xFF, 0x95, 0xFB, 0xFF,
    0x8D, 0xDA, 0xFF, 0x7D, 0x59, 0xFC, 0x43, 0xD3, 0xFE, 0x1A, 0x6D, 0xCA,
    0x19, 0xC9, 0x27, 0x00, 0x00, 0x00, 0x00, 0x0F, 0x02, 0x00, 0x00, 0x00,
    0x00, 0x00, 0x00, 0x00, 0x00, 0x00, 0x00, 0x00, 0x00, 0x00, 0x00, 0x00,
    0x00, 0x00, 0x00, 0x00, 0x00, 0x00, 0x00, 0x00, 0x00, 0x00, 0x00, 0x00,
    0x00, 0x00, 0x00, 0x00, 0x00, 0x00, 0x00, 0x0A, 0x03, 0x00, 0x00, 0x00,
    0x11, 0x45, 0x0C, 0x12, 0x4D, 0xB9, 0x33, 0x51, 0xFF, 0x43, 0xB2, 0xFB,
    0x8D, 0xBA, 0xFF, 0x95, 0xFB, 0xFF, 0x9D, 0xFB, 0xFF, 0xA6, 0x3B, 0xFF,
    0xA6, 0x5C, 0xFF, 0xA6, 0x5C, 0xFF, 0xA6, 0x5C, 0xFF, 0xA6, 0x3C, 0xFF,
    0x9E, 0x1B, 0xFF, 0x95, 0xFB, 0xFF, 0x95, 0xDB, 0xFF, 0x8D, 0xDB, 0xFF,
    0x64, 0xB7, 0xFE, 0x23, 0x10, 0xFF, 0x22, 0xEF, 0xFC, 0x1A, 0x4D, 0x4E,
    0x00, 0x00, 0x00, 0x31, 0x8C, 0x05, 0x00, 0x00, 0x00, 0x00, 0x00, 0x00,
    0x00, 0x00, 0x00, 0x00, 0x00, 0x00, 0x00, 0x00, 0x00, 0x00, 0x00, 0x00,
    0x00, 0x00, 0x00, 0x00, 0x00, 0x00, 0x00, 0x00, 0x00, 0x00, 0x00, 0x00,
    0x00, 0x00, 0x00, 0x00, 0x00, 0x00, 0x00, 0x00, 0x01, 0x03, 0xFF, 0x02,
    0x00, 0x00, 0x00, 0x01, 0xAA, 0xAB, 0xA6, 0x5C, 0xFC, 0xA6, 0x5D, 0xFA,
    0x8D, 0xDB, 0xFF, 0x95, 0xFB, 0xFF, 0x95, 0xFB, 0xFF, 0x9E, 0x1B, 0xFF,
    0x9E, 0x3C, 0xFF, 0x9E, 0x3C, 0xFF, 0x9E, 0x1B, 0xFF, 0x9E, 0x1B, 0xFF,
    0x95, 0xFB, 0xFF, 0x8D, 0xDB, 0xFF, 0x8D, 0xBA, 0xFF, 0x85, 0x9A, 0xFF,
    0x85, 0x9A, 0xFE, 0x7D, 0x5A, 0xFD, 0x33, 0x51, 0xFA, 0x09, 0xEB, 0x4E,
    0x00, 0x00, 0x00, 0x01, 0xEF, 0x04, 0x00, 0x00, 0x00, 0x00, 0x00, 0x00,
    0x00, 0x00, 0x00, 0x00, 0x00, 0x00, 0x00, 0x00, 0x00, 0x00, 0x00, 0x00,
    0x00, 0x00, 0x00, 0x00, 0x00, 0x00, 0x00, 0x00, 0x00, 0x00, 0x00, 0x00,
    0x00, 0x00, 0x00, 0x00, 0x00, 0x00, 0x00, 0x00, 0x01, 0x31, 0x8C, 0x05,
    0x00, 0x00, 0x00, 0x0A, 0x0B, 0x8A, 0x5C, 0x54, 0xFF, 0x96, 0x3C, 0xFA,
    0xA6, 0x5D, 0xFA, 0xA6, 0x5D, 0xFC, 0xA6, 0x3C, 0xFC, 0xA6, 0x3C, 0xFD,
    0x9E, 0x3C, 0xFE, 0x9E, 0x3C, 0xFE, 0x9E, 0x3C, 0xFE, 0x9E, 0x1C, 0xFE,
    0x96, 0x1B, 0xFD, 0x95, 0xFB, 0xFD, 0x95, 0xFB, 0xFC, 0x95, 0xFB, 0xFB,
    0x8D, 0xDB, 0xF7, 0x64, 0xB7, 0xFF, 0x22, 0x8E, 0xE5, 0x12, 0x0B, 0x2B,
    0x00, 0x00, 0x00, 0x02, 0xAA, 0x03, 0x00, 0x00, 0x00, 0x00, 0x00, 0x00,
    0x00, 0x00, 0x00, 0x00, 0x00, 0x00, 0x00, 0x00, 0x00, 0x00, 0x00, 0x00,
    0x00, 0x00, 0x00, 0x00, 0x00, 0x00, 0x00, 0x00, 0x00, 0x00, 0x00, 0x00,
    0x00, 0x00, 0x00, 0x00, 0x00, 0x00, 0x00, 0x00, 0x00, 0x00, 0x0F, 0x02,
    0x07, 0xFF, 0x01, 0x1A, 0x6C, 0x20, 0x12, 0x2C, 0xAB, 0x3B, 0x71, 0xFF,
    0x54, 0x55, 0xFF, 0x64, 0xB7, 0xFF, 0x74, 0xF8, 0xFF, 0x7D, 0x38, 0xFF,
    0x7D, 0x59, 0xFF, 0x7D, 0x59, 0xFF, 0x7D, 0x59, 0xFF, 0x75, 0x39, 0xFF,
    0x75, 0x18, 0xFF, 0x64, 0xB7, 0xFF, 0x5C, 0x76, 0xFF, 0x54, 0x35, 0xFF,
    0x43, 0xB3, 0xFF, 0x22, 0xCF, 0xE0, 0x12, 0x0B, 0x5B, 0x00, 0x00, 0x00,
    0x07, 0xFF, 0x01, 0x00, 0x00, 0x01, 0x00, 0x00, 0x00, 0x00, 0x00, 0x00,
    0x00, 0x00, 0x00, 0x00, 0x00, 0x00, 0x00, 0x00, 0x00, 0x00, 0x00, 0x00,
    0x00, 0x00, 0x00, 0x00, 0x00, 0x00, 0x00, 0x00, 0x00, 0x00, 0x00, 0x00,
    0x00, 0x00, 0x00, 0x00, 0x00, 0x00, 0x00, 0x00, 0x00, 0x00, 0x00, 0x00,
    0x00, 0x00, 0x01, 0x00, 0x00, 0x00, 0x3A, 0x6C, 0x0D, 0x01, 0xAA, 0x41,
    0x0A, 0x0C, 0x72, 0x1A, 0x8E, 0x9A, 0x22, 0xCF, 0xB8, 0x2A, 0xF0, 0xCC,
    0x2B, 0x10, 0xDC, 0x2B, 0x10, 0xE2, 0x2B, 0x10, 0xE1, 0x2A, 0xF0, 0xDE,
    0x2A, 0xCF, 0xD1, 0x22, 0xAF, 0xBF, 0x1A, 0x6E, 0xA6, 0x0A, 0x0C, 0x86,
    0x09, 0xEC, 0x5C, 0x0A, 0x0B, 0x27, 0x00, 0x00, 0x00, 0x00, 0x00, 0x00,
    0x00, 0x00, 0x01, 0x00, 0x00, 0x00, 0x00, 0x00, 0x00, 0x00, 0x00, 0x00,
    0x00, 0x00, 0x00, 0x00, 0x00, 0x00, 0x00, 0x00, 0x00, 0x00, 0x00, 0x00,
    0x00, 0x00, 0x00, 0x00, 0x00, 0x00, 0x00, 0x00, 0x00, 0x00, 0x00, 0x00,
    0x00, 0x00, 0x00, 0x00, 0x00, 0x00, 0x00, 0x00, 0x00, 0x00, 0x00, 0x00,
    0x00, 0x00, 0x00, 0x03, 0xEF, 0x02, 0x00, 0x00, 0x00, 0x00, 0x00, 0x00,
    0x00, 0x00, 0x00, 0x63, 0x2C, 0x05, 0x11, 0xEA, 0x0C, 0x01, 0xCA, 0x12,
    0x01, 0xCB, 0x16, 0x01, 0xAB, 0x17, 0x01, 0xAB, 0x17, 0x01, 0xCB, 0x16,
    0x01, 0xAA, 0x13, 0x01, 0xAB, 0x0E, 0x19, 0xEB, 0x08, 0x00, 0x00, 0x00,
    0x00, 0x00, 0x00, 0x00, 0x00, 0x00, 0x00, 0x1F, 0x01, 0x00, 0x00, 0x00,
    0x00, 0x00, 0x00, 0x00, 0x00, 0x00, 0x00, 0x00, 0x00, 0x00, 0x00, 0x00,
    0x00, 0x00, 0x00, 0x00, 0x00, 0x00, 0x00, 0x00, 0x00, 0x00, 0x00, 0x00,
};

const lv_img_dsc_t img_gesture_10 = {
    .header.cf = LV_IMG_CF_TRUE_COLOR_ALPHA,
    .header.always_zero = 0,
    .header.reserved = 0,
    .header.w = 36,
    .header.h = 36,
    .data_size = 3888,
    .data = img_gesture_10_data,
};

/* gesture: ok (36x36) */
static const uint8_t img_gesture_ok_data[3888] = {
    0x00, 0x00, 0x00, 0x00, 0x00, 0x00, 0x00, 0x00, 0x00, 0x00, 0x00, 0x00,
    0x00, 0x00, 0x00, 0x00, 0x00, 0x00, 0x00, 0x00, 0x00, 0x00, 0x00, 0x00,
    0x00, 0x00, 0x00, 0x00, 0x00, 0x00, 0xFF, 0xFF, 0x01, 0x00, 0x00, 0x00,
    0x00, 0x00, 0x00, 0x00, 0x00, 0x00, 0x00, 0x00, 0x00, 0x07, 0xFF, 0x01,
    0x00, 0x00, 0x00, 0x00, 0x00, 0x00, 0x03, 0xEF, 0x02, 0x00, 0x00, 0x00,
    0x74, 0x54, 0x0B, 0x33, 0x4F, 0x1A, 0x8D, 0x55, 0x09, 0x00, 0x00, 0x00,
    0x00, 0x00, 0x00, 0x00, 0x00, 0x00, 0x00, 0x00, 0x00, 0x00, 0x00, 0x00,
    0x00, 0x00, 0x00, 0x00, 0x00, 0x00, 0x00, 0x00, 0x00, 0x00, 0x00, 0x00,
    0x00, 0x00, 0x00, 0x00, 0x00, 0x00, 0x00, 0x00, 0x00, 0x00, 0x00, 0x00,
    0x00, 0x00, 0x00, 0x00, 0x00, 0x00, 0x00, 0x00, 0x00, 0x00, 0x00, 0x00,
    0x00, 0x00, 0x00, 0x00, 0x00, 0x00, 0x00, 0x00, 0x00, 0x00, 0x00, 0x00,
    0x00, 0x00, 0x00, 0x00, 0x00, 0x00, 0x00, 0x00, 0x00, 0xB6, 0x79, 0x0A,
    0x4B, 0xD2, 0x37, 0x5C, 0x53, 0x36, 0xDF, 0xFF, 0x07, 0x00, 0x00, 0x00,
    0x07, 0xFF, 0x01, 0xFF, 0xFF, 0x01, 0x00, 0x00, 0x00, 0x64, 0x53, 0x2D,
    0x74, 0xD5, 0xB2, 0x85, 0x36, 0xE9, 0x74, 0xD5, 0xAA, 0x7C, 0xF5, 0x22,
    0x00, 0x00, 0x00, 0x00, 0x00, 0x00, 0x00, 0x00, 0x00, 0x00, 0x00, 0x00,
    0x00, 0x00, 0x00, 0x00, 0x00, 0x00, 0x00, 0x00, 0x00, 0x00, 0x00, 0x00,
    0x00, 0x00, 0x00, 0x00, 0x00, 0x00, 0x00, 0x00, 0x00, 0x00, 0x00, 0x00,
    0x00, 0x00, 0x00, 0x00, 0x00, 0x00, 0x00, 0x00, 0x00, 0x00, 0x00, 0x00,
    0x00, 0x00, 0x00, 0x00, 0x00, 0x00, 0x00, 0x00, 0x00, 0x00, 0x00, 0x00,
    0x00, 0x00, 0x01, 0xFF, 0xFF, 0x01, 0x9D, 0x57, 0x0F, 0x6C, 0x74, 0x9C,
    0x8D, 0x77, 0xFF, 0x85, 0x17, 0xFE, 0x6C, 0x74, 0x86, 0x9D, 0x96, 0x0D,
    0x52, 0xAA, 0x03, 0x00, 0x00, 0x00, 0x84, 0xF5, 0x1D, 0x6C, 0xB5, 0xD3,
    0xC6, 0xBC, 0xFF, 0xDF, 0x3D, 0xFD, 0x95, 0xB9, 0xFF, 0x6C, 0x95, 0xB0,
    0x00, 0x00, 0x01, 0x00, 0x00, 0x00, 0x00, 0x00, 0x00, 0x00, 0x00, 0x00,
    0x00, 0x00, 0x00, 0x00, 0x00, 0x00, 0x00, 0x00, 0x00, 0x00, 0x00, 0x00,
    0x00, 0x00, 0x00, 0x00, 0x00, 0x00, 0x00, 0x00, 0x00, 0x00, 0x00, 0x00,
    0x00, 0x00, 0x00, 0x00, 0x00, 0x00, 0x00, 0x00, 0x00, 0x00, 0x00, 0x00,
    0x00, 0x00, 0x00, 0x00, 0x00, 0x00, 0x00, 0x00, 0x00, 0x00, 0x00, 0x00,
    0x7B, 0xEF, 0x04, 0x00, 0x00, 0x00, 0x64, 0x54, 0x68, 0x95, 0xB8, 0xFF,
    0xE7, 0x7E, 0xFD, 0xBE, 0x9C, 0xFC, 0x74, 0xF6, 0xFA, 0x6C, 0x74, 0x47,
    0x00, 0x00, 0x00, 0x9E, 0x79, 0x05, 0x64, 0x74, 0xB2, 0xBE, 0x7B, 0xFF,
    0xFF, 0xFF, 0xFB, 0xDF, 0x5E, 0xFE, 0xAE, 0x5C, 0xFC, 0x6C, 0x95, 0xE0,
    0x00, 0x00, 0x03, 0x00, 0x00, 0x00, 0x00, 0x00, 0x00, 0x00, 0x00, 0x00,
    0x00, 0x00, 0x00, 0x00, 0x00, 0x00, 0x00, 0x00, 0x00, 0x00, 0x00, 0x00,
    0x00, 0x00, 0x00, 0x00, 0x00, 0x00, 0x00, 0x00, 0x00, 0x00, 0x00, 0x00,
    0x00, 0x00, 0x00, 0x00, 0x00, 0x00, 0x00, 0x00, 0x00, 0x00, 0x00, 0x00,
    0x00, 0x00, 0x00, 0x00, 0x00, 0x00, 0x00, 0x00, 0x00, 0x00, 0x00, 0x00,
    0x34, 0xD3, 0x05, 0x00, 0x00, 0x00, 0x54, 0x13, 0xAE, 0xDF, 0x3D, 0xFD,
    0xFF, 0xFF, 0xFC, 0xD7, 0x1E, 0xF9, 0x95, 0xDA, 0xFF, 0x5C, 0x13, 0x74,
    0x00, 0x00, 0x00, 0x5C, 0x53, 0x71, 0x8D, 0x57, 0xFF, 0xF7, 0xDE, 0xFC,
    0xEF, 0x9E, 0xFF, 0xD7, 0x1D, 0xFE, 0x9D, 0xDA, 0xFF, 0x6C, 0x95, 0xC9,
    0x00, 0x00, 0x02, 0x00, 0x00, 0x00, 0x00, 0x00, 0x00, 0x00, 0x00, 0x00,
    0x00, 0x00, 0x00, 0x00, 0x00, 0x00, 0x00, 0x00, 0x00, 0x00, 0x00, 0x00,
    0x00, 0x00, 0x00, 0x00, 0x00, 0x00, 0x00, 0x00, 0x00, 0x00, 0x00, 0x00,
    0x00, 0x00, 0x00, 0x00, 0x00, 0x00, 0x00, 0x00, 0x00, 0x00, 0x00, 0x00,
    0x00, 0x00, 0x00, 0x7B, 0xEF, 0x02, 0x03, 0xEF, 0x02, 0x55, 0x55, 0x03,
    0x7B, 0xEF, 0x02, 0xD6, 0xBA, 0x06, 0x64, 0x54, 0xC9, 0xEF, 0xBE, 0xFF,
    0xFF, 0xDF, 0xFC, 0xDF, 0x5E, 0xF9, 0x95, 0xFB, 0xFE, 0x54, 0x13, 0x81,
    0xD6, 0x9A, 0x17, 0x64, 0x74, 0xE7, 0xE7, 0x5E, 0xFE, 0xE7, 0x7D, 0xFE,
    0xDF, 0x3D, 0xFF, 0xC6, 0xBD, 0xFD, 0x7D, 0x18, 0xFF, 0x64, 0x54, 0x7C,
    0x00, 0x00, 0x00, 0x00, 0x00, 0x00, 0x00, 0x00, 0x00, 0x00, 0x00, 0x00,
    0x00, 0x00, 0x00, 0x00, 0x00, 0x00, 0x00, 0x00, 0x00, 0x00, 0x00, 0x00,
    0x00, 0x00, 0x00, 0x00, 0x00, 0x00, 0x00, 0x00, 0x00, 0x00, 0x00, 0x00,
    0x00, 0x00, 0x00, 0x00, 0x00, 0x00, 0x00, 0x00, 0x00, 0x00, 0x00, 0x00,
    0xFF, 0xFF, 0x01, 0x00, 0x00, 0x00, 0x00, 0x00, 0x00, 0x00, 0x00, 0x00,
    0x00, 0x00, 0x00, 0x6C, 0x95, 0x1E, 0x74, 0xD5, 0xD6, 0xEF, 0x9E, 0xFF,
    0xE7, 0x7D, 0xFD, 0xDF, 0x5E, 0xF9, 0x95, 0xDB, 0xFF, 0x5C, 0x33, 0x74,
    0x64, 0x74, 0x82, 0xB6, 0x5A, 0xFF, 0xEF, 0x9E, 0xFE, 0xDF, 0x3D, 0xFF,
    0xCE, 0xFD, 0xFD, 0x9D, 0xFB, 0xFF, 0x64, 0x75, 0xEB, 0x5C, 0x53, 0x1E,
    0x00, 0x00, 0x00, 0x00, 0x1F, 0x01, 0x00, 0x00, 0x00, 0x00, 0x00, 0x00,
    0x00, 0x00, 0x00, 0x00, 0x00, 0x00, 0x00, 0x00, 0x00, 0x00, 0x00, 0x00,
    0x00, 0x00, 0x00, 0x00, 0x00, 0x00, 0x00, 0x00, 0x00, 0x00, 0x00, 0x00,
    0x00, 0x00, 0x00, 0x00, 0x00, 0x00, 0x00, 0x00, 0x00, 0x00, 0x00, 0x00,
    0x00, 0x00, 0x00, 0x74, 0xF6, 0x1A, 0x4B, 0xD2, 0x51, 0x5C, 0x13, 0x4E,
    0xA5, 0xB9, 0x0E, 0x43, 0xD3, 0x24, 0x7D, 0x16, 0xE0, 0xE7, 0x9E, 0xFF,
    0xE7, 0x5D, 0xFD, 0xDF, 0x5E, 0xFB, 0x8D, 0xBA, 0xFF, 0x54, 0x13, 0x8C,
    0x64, 0x74, 0xC5, 0xDF, 0x7E, 0xFF, 0xDF, 0x3D, 0xFD, 0xCE, 0xFD, 0xFF,
    0xAE, 0x5C, 0xFC, 0x75, 0x17, 0xFD, 0x5C, 0x53, 0x69, 0x00, 0x00, 0x00,
    0x00, 0x00, 0x01, 0x00, 0x00, 0x00, 0x00, 0x00, 0x00, 0x00, 0x00, 0x00,
    0x00, 0x00, 0x00, 0x00, 0x00, 0x00, 0x00, 0x00, 0x00, 0x00, 0x00, 0x00,
    0x00, 0x00, 0x00, 0x00, 0x00, 0x00, 0x00, 0x00, 0x00, 0x00, 0x00, 0x00,
    0x00, 0x00, 0x00, 0x00, 0x00, 0x00, 0x00, 0x00, 0x01, 0x07, 0xFF, 0x01,
    0x74, 0xD6, 0x14, 0x6C, 0x94, 0xBD, 0x8D, 0xB9, 0xFF, 0x85, 0x58, 0xFF,
    0x6C, 0x95, 0x96, 0x64, 0x54, 0x3B, 0x85, 0x16, 0xE0, 0xE7, 0x7E, 0xFF,
    0xDF, 0x5D, 0xFD, 0xD7, 0x1E, 0xFE, 0x8D, 0x79, 0xFF, 0x43, 0xB1, 0xD2,
    0x8D, 0x78, 0xE8, 0xCF, 0x1E, 0xFF, 0xC6, 0xDD, 0xFF, 0xBE, 0xBD, 0xFB,
    0x8D, 0xBA, 0xFF, 0x5C, 0x33, 0xBF, 0x7C, 0x73, 0x10, 0x52, 0xAA, 0x03,
    0x7B, 0xEF, 0x04, 0x07, 0xFF, 0x01, 0x00, 0x00, 0x00, 0x00, 0x00, 0x00,
    0x00, 0x00, 0x00, 0x00, 0x00, 0x00, 0x00, 0x00, 0x00, 0x00, 0x00, 0x00,
    0x00, 0x00, 0x00, 0x00, 0x00, 0x00, 0x00, 0x00, 0x00, 0x00, 0x00, 0x00,
    0x00, 0x00, 0x00, 0x00, 0x00, 0x00, 0x55, 0x55, 0x03, 0x00, 0x00, 0x00,
    0x5C, 0x33, 0x55, 0x74, 0xD6, 0xFC, 0xE7, 0x7E, 0xF9, 0xDF, 0x7E, 0xF8,
    0x85, 0x37, 0xFB, 0x53, 0xF3, 0x8C, 0x85, 0x37, 0xCF, 0xDF, 0x7E, 0xFF,
    0xDF, 0x3D, 0xFD, 0xCF, 0x1E, 0xFF, 0x85, 0x78, 0xFF, 0x3B, 0x91, 0xFF,
    0xAE, 0x3B, 0xFF, 0xCF, 0x1E, 0xFF, 0xBE, 0xBD, 0xFF, 0xAE, 0x5C, 0xFD,
    0x74, 0xF7, 0xFE, 0x53, 0xF2, 0x62, 0x00, 0x00, 0x00, 0x00, 0x00, 0x00,
    0x00, 0x00, 0x00, 0x00, 0x00, 0x00, 0x7B, 0xEF, 0x02, 0x00, 0x00, 0x01,
    0x00, 0x00, 0x00, 0x00, 0x00, 0x00, 0x00, 0x00, 0x00, 0x00, 0x00, 0x00,
    0x00, 0x00, 0x00, 0x00, 0x00, 0x00, 0x00, 0x00, 0x00, 0x00, 0x00, 0x00,
    0x00, 0x00, 0x00, 0x00, 0x00, 0x00, 0x55, 0x55, 0x03, 0x00, 0x00, 0x00,
    0x54, 0x13, 0x5F, 0x7D, 0x17, 0xF7, 0xDF, 0x3E, 0xFF, 0xFF, 0xFF, 0xFD,
    0xB6, 0x5A, 0xFF, 0x6C, 0x75, 0xE5, 0x74, 0xB5, 0xF0, 0xCF, 0x1D, 0xFF,
    0xD7, 0x1D, 0xFE, 0xCE, 0xFE, 0xFF, 0x8D, 0x79, 0xFF, 0x4B, 0xF3, 0xFE,
    0xBE, 0x7C, 0xFF, 0xCE, 0xFE, 0xFF, 0xBE, 0xBD, 0xFC, 0x9D, 0xFB, 0xFF,
    0x5C, 0x54, 0xD8, 0x85, 0x35, 0x1F, 0xFF, 0xFF, 0x03, 0x6C, 0x95, 0x3F,
    0x6C, 0x94, 0x3D, 0xB6, 0x38, 0x0D, 0x00, 0x00, 0x00, 0x00, 0x00, 0x00,
    0x00, 0x00, 0x00, 0x00, 0x00, 0x00, 0x00, 0x00, 0x00, 0x00, 0x00, 0x00,
    0x00, 0x00, 0x00, 0x00, 0x00, 0x00, 0x00, 0x00, 0x00, 0x00, 0x00, 0x00,
    0x00, 0x00, 0x00, 0x00, 0x00, 0x00, 0x7B, 0xEF, 0x02, 0x00, 0x00, 0x00,
    0x5C, 0x33, 0x3F, 0x64, 0x95, 0xF1, 0xC6, 0xDD, 0xFF, 0xEF, 0x9D, 0xFE,
    0xD7, 0x1C, 0xFE, 0x74, 0xD6, 0xFF, 0x4B, 0xD2, 0xFF, 0xC6, 0xDD, 0xFF,
    0xCE, 0xFD, 0xFF, 0xCE, 0xFE, 0xFF, 0x8D, 0x79, 0xFF, 0x6C, 0x96, 0xFF,
    0xB6, 0x7C, 0xFF, 0xC6, 0xDD, 0xFF, 0xBE, 0xBD, 0xFB, 0x8D, 0xBA, 0xFF,
    0x4B, 0xD2, 0xA3, 0x74, 0xB5, 0x54, 0x64, 0x54, 0xD8, 0x85, 0x36, 0xF1,
    0x85, 0x36, 0xEF, 0x6C, 0x74, 0xE1, 0x64, 0x74, 0xA3, 0x74, 0x95, 0x32,
    0x00, 0x00, 0x00, 0x00, 0x1F, 0x01, 0x00, 0x00, 0x00, 0x00, 0x00, 0x00,
    0x00, 0x00, 0x00, 0x00, 0x00, 0x00, 0x00, 0x00, 0x00, 0x00, 0x00, 0x00,
    0x00, 0x00, 0x00, 0x00, 0x00, 0x00, 0x07, 0xFF, 0x01, 0x00, 0x00, 0x00,
    0x74, 0xD3, 0x0F, 0x54, 0x13, 0xE2, 0xB6, 0x9D, 0xFF, 0xDF, 0x3D, 0xFE,
    0xE7, 0x9E, 0xFF, 0x8D, 0x78, 0xFE, 0x3B, 0x91, 0xFF, 0xB6, 0x7C, 0xFF,
    0xC6, 0xFD, 0xFF, 0xC6, 0xFE, 0xFF, 0x95, 0xDA, 0xFF, 0x6C, 0xD6, 0xFF,
    0xAE, 0x3C, 0xFF, 0xBE, 0xBD, 0xFF, 0xAE, 0x7C, 0xFF, 0x7D, 0x37, 0xFF,
    0x43, 0x91, 0xEA, 0x74, 0xD5, 0xF0, 0xD7, 0x1D, 0xFF, 0xEF, 0x9E, 0xFF,
    0xEF, 0x9E, 0xFF, 0xEF, 0x9E, 0xFF, 0xB6, 0x5A, 0xFF, 0x6C, 0xB5, 0xFB,
    0x64, 0x73, 0x5B, 0x00, 0x00, 0x00, 0x07, 0xFF, 0x01, 0x00, 0x00, 0x00,
    0x00, 0x00, 0x00, 0x00, 0x00, 0x00, 0x00, 0x00, 0x00, 0x00, 0x00, 0x00,
    0x00, 0x00, 0x00, 0x00, 0x00, 0x00, 0x00, 0x00, 0x00, 0x7B, 0xEF, 0x02,
    0x00, 0x00, 0x00, 0x53, 0xF3, 0xB4, 0xA6, 0x1B, 0xFE, 0xCE, 0xFD, 0xFE,
    0xE7, 0x5D, 0xFF, 0xBE, 0x9C, 0xFF, 0x53, 0xF3, 0xFF, 0x9D, 0xDA, 0xFF,
    0xBE, 0xDD, 0xFF, 0xC6, 0xDD, 0xFF, 0xA6, 0x1B, 0xFF, 0x6C, 0xB6, 0xFF,
    0x9D, 0xFB, 0xFF, 0xB6, 0xBD, 0xFF, 0xAE, 0x5C, 0xFF, 0x6C, 0xB6, 0xFF,
    0x6C, 0x95, 0xFF, 0xCE, 0xFD, 0xFF, 0xD7, 0x1D, 0xFE, 0xD7, 0x1D, 0xFE,
    0xD7, 0x1D, 0xFE, 0xD7, 0x1C, 0xFE, 0xE7, 0x7D, 0xFD, 0xCE, 0xFC, 0xFF,
    0x74, 0xB5, 0xE8, 0x6C, 0x53, 0x27, 0x00, 0x00, 0x00, 0x00, 0x1F, 0x01,
    0x00, 0x00, 0x00, 0x00, 0x00, 0x00, 0x00, 0x00, 0x00, 0x00, 0x00, 0x00,
    0x00, 0x00, 0x00, 0x00, 0x00, 0x00, 0x00, 0x00, 0x00, 0x7B, 0xEF, 0x02,
    0x00, 0x00, 0x00, 0x54, 0x13, 0x5D, 0x74, 0xF7, 0xFF, 0xCE, 0xFE, 0xFF,
    0xD6, 0xFC, 0xFF, 0xD7, 0x3E, 0xFF, 0x7C, 0xF7, 0xFF, 0x74, 0xF7, 0xFF,
    0xBE, 0xBD, 0xFF, 0xBE, 0xBD, 0xFF, 0xB6, 0x9C, 0xFF, 0x74, 0xF7, 0xFF,
    0x9D, 0xDA, 0xFF, 0xBE, 0xBE, 0xFF, 0x9E, 0x1B, 0xFF, 0x6C, 0x96, 0xFF,
    0xAE, 0x3B, 0xFF, 0xCE, 0xFD, 0xFF, 0xBE, 0xBD, 0xFF, 0xAE, 0x3B, 0xFE,
    0xBE, 0xBD, 0xFC, 0xC6, 0xDD, 0xFE, 0xCE, 0xDC, 0xFF, 0xF7, 0xBF, 0xFE,
    0xAE, 0x3A, 0xFF, 0x64, 0x34, 0xAC, 0xF8, 0x1F, 0x01, 0x00, 0x00, 0x00,
    0x00, 0x00, 0x00, 0x00, 0x00, 0x00, 0x00, 0x00, 0x00, 0x00, 0x00, 0x00,
    0x00, 0x00, 0x00, 0x00, 0x00, 0x00, 0x00, 0x00, 0x00, 0x00, 0x00, 0x00,
    0x00, 0x00, 0x00, 0x4B, 0x4F, 0x11, 0x5C, 0x13, 0xEA, 0xB6, 0x9D, 0xFF,
    0xC6, 0xDD, 0xFF, 0xD7, 0x1D, 0xFF, 0xAE, 0x5C, 0xFF, 0x54, 0x13, 0xFF,
    0xA6, 0x1B, 0xFF, 0xBE, 0xBD, 0xFF, 0xBE, 0xBD, 0xFF, 0xAE, 0x5B, 0xFF,
    0xBE, 0x9C, 0xFF, 0xC6, 0xDD, 0xFF, 0xB6, 0x9C, 0xFF, 0x9D, 0xFA, 0xFF,
    0xB6, 0x7C, 0xFF, 0xB6, 0x7C, 0xFF, 0xAE, 0x5C, 0xFF, 0x7D, 0x18, 0xFF,
    0x6C, 0xB6, 0xFF, 0x95, 0xBA, 0xFF, 0xBE, 0xBD, 0xFF, 0xD7, 0x1D, 0xFF,
    0xD7, 0x3D, 0xFE, 0x64, 0x75, 0xFC, 0x5B, 0xF3, 0x30, 0x00, 0x00, 0x00,
    0x07, 0xFF, 0x01, 0x00, 0x00, 0x00, 0x00, 0x00, 0x00, 0x00, 0x00, 0x00,
    0x00, 0x00, 0x00, 0x00, 0x00, 0x00, 0x00, 0x00, 0x00, 0x00, 0x00, 0x00,
    0x00, 0x00, 0x00, 0x00, 0x00, 0x00, 0x4B, 0xD2, 0x94, 0x85, 0x58, 0xFF,
    0xCF, 0x1E, 0xFD, 0xC6, 0xDD, 0xFF, 0xC6, 0xDD, 0xFF, 0x8D, 0x78, 0xFF,
    0x8D, 0x58, 0xFF, 0xC6, 0xDD, 0xFF, 0xCE, 0xFD, 0xFF, 0xD7, 0x3D, 0xFF,
    0xD7, 0x3D, 0xFF, 0xD7, 0x3D, 0xFF, 0xD7, 0x3D, 0xFF, 0xCE, 0xFD, 0xFF,
    0xAE, 0x5C, 0xFF, 0xA6, 0x3C, 0xFF, 0x85, 0x59, 0xFF, 0x54, 0x13, 0xF4,
    0x43, 0x91, 0x9F, 0x5C, 0x34, 0xEF, 0x95, 0xBA, 0xFF, 0xAE, 0x5C, 0xFE,
    0xB6, 0x9D, 0xFF, 0x64, 0x95, 0xFC, 0x74, 0x94, 0x3F, 0x00, 0x00, 0x00,
    0x07, 0xFF, 0x01, 0x00, 0x00, 0x00, 0x00, 0x00, 0x00, 0x00, 0x00, 0x00,
    0x00, 0x00, 0x00, 0x00, 0x00, 0x00, 0x00, 0x00, 0x00, 0x00, 0x00, 0x00,
    0x00, 0x1F, 0x01, 0x00, 0x1F, 0x01, 0x3B, 0x50, 0x2B, 0x64, 0x54, 0xFA,
    0xBE, 0x9C, 0xFE, 0xC6, 0xBD, 0xFE, 0xC6, 0xDD, 0xFF, 0xC6, 0xDD, 0xFF,
    0xC6, 0xBC, 0xFF, 0xD7, 0x1D, 0xFF, 0xD7, 0x3D, 0xFF, 0xD7, 0x1D, 0xFF,
    0xD7, 0x1D, 0xFF, 0xDF, 0x3D, 0xFF, 0xDF, 0x1D, 0xFF, 0xCE, 0xFD, 0xFF,
    0xAE, 0x7C, 0xFE, 0x8D, 0x9A, 0xFF, 0x54, 0x14, 0xF4, 0x53, 0xF2, 0x4B,
    0xD6, 0xBA, 0x06, 0x5B, 0xF3, 0x52, 0x54, 0x13, 0xEA, 0x64, 0x75, 0xFF,
    0x64, 0x75, 0xFD, 0x5C, 0x34, 0xFE, 0x64, 0x74, 0x95, 0x00, 0x00, 0x00,
    0x7B, 0xEF, 0x02, 0x00, 0x00, 0x00, 0x00, 0x00, 0x00, 0x00, 0x00, 0x00,
    0x00, 0x00, 0x00, 0x00, 0x00, 0x00, 0x00, 0x00, 0x00, 0x00, 0x00, 0x00,
    0x00, 0x00, 0x01, 0x00, 0x00, 0x00, 0xAF, 0xFF, 0x03, 0x4B, 0xB2, 0x96,
    0x8D, 0x99, 0xFF, 0xCE, 0xFE, 0xFC, 0xC6, 0xBD, 0xFF, 0xCE, 0xFD, 0xFF,
    0xD7, 0x1D, 0xFF, 0xD7, 0x1D, 0xFF, 0xD7, 0x3D, 0xFF, 0xD7, 0x1D, 0xFF,
    0xD7, 0x1D, 0xFF, 0xD7, 0x1D, 0xFF, 0xD7, 0x1D, 0xFF, 0xBE, 0xBD, 0xFF,
    0xB6, 0x9D, 0xFB, 0x75, 0x18, 0xFF, 0x4B, 0xD2, 0x88, 0x00, 0x00, 0x00,
    0x00, 0x00, 0x00, 0x00, 0x00, 0x00, 0x53, 0xF2, 0x64, 0x5C, 0x54, 0xFF,
    0x9D, 0xFA, 0xFC, 0xD7, 0x1D, 0xFF, 0x6C, 0x95, 0xEC, 0x7C, 0x74, 0x26,
    0x00, 0x00, 0x00, 0x7B, 0xEF, 0x02, 0x00, 0x00, 0x00, 0x00, 0x00, 0x00,
    0x00, 0x00, 0x00, 0x00, 0x00, 0x00, 0x00, 0x00, 0x00, 0x00, 0x00, 0x00,
    0x00, 0x00, 0x00, 0x03, 0xEF, 0x02, 0x00, 0x00, 0x00, 0x2A, 0xAE, 0x39,
    0x6C, 0x95, 0xF7, 0xBE, 0xBD, 0xFD, 0xC6, 0xDD, 0xFD, 0xCE, 0xFD, 0xFF,
    0xCE, 0xFD, 0xFF, 0xD7, 0x1D, 0xFF, 0xD7, 0x1D, 0xFF, 0xD6, 0xFD, 0xFF,
    0xCE, 0xFD, 0xFF, 0xCE, 0xFD, 0xFF, 0xC6, 0xDD, 0xFF, 0xB6, 0x9C, 0xFF,
    0xB6, 0x9D, 0xFA, 0x75, 0x18, 0xFF, 0x4B, 0xD2, 0x61, 0xFB, 0xFF, 0x02,
    0x7B, 0xEF, 0x02, 0xA5, 0xD7, 0x0B, 0x43, 0xB2, 0xA9, 0x95, 0xBA, 0xFF,
    0xDF, 0x3E, 0xFA, 0xEF, 0x9E, 0xFF, 0x8D, 0x37, 0xF6, 0x5B, 0xD2, 0x50,
    0x00, 0x00, 0x00, 0x52, 0xB5, 0x03, 0x00, 0x00, 0x00, 0x00, 0x00, 0x00,
    0x00, 0x00, 0x00, 0x00, 0x00, 0x00, 0x00, 0x00, 0x00, 0x00, 0x00, 0x00,
    0x00, 0x00, 0x00, 0x7B, 0xEF, 0x02, 0x00, 0x00, 0x00, 0x33, 0x2F, 0x19,
    0x5C, 0x33, 0xC6, 0xAE, 0x5B, 0xFF, 0xCE, 0xFD, 0xFC, 0xC6, 0xDD, 0xFF,
    0xCE, 0xFD, 0xFF, 0xCE, 0xFD, 0xFF, 0xCE, 0xFD, 0xFF, 0xCE, 0xDD, 0xFF,
    0xC6, 0xDD, 0xFF, 0xBE, 0xBD, 0xFF, 0xBE, 0x9D, 0xFF, 0xB6, 0x9D, 0xFF,
    0xB6, 0x9D, 0xFC, 0x75, 0x18, 0xFF, 0x53, 0xD2, 0xA3, 0x00, 0x00, 0x00,
    0x00, 0x00, 0x00, 0x33, 0x10, 0x17, 0x5C, 0x34, 0xC9, 0xA6, 0x3B, 0xFF,
    0xD7, 0x3D, 0xFB, 0xDF, 0x5D, 0xFE, 0x9D, 0xB9, 0xFE, 0x53, 0xB2, 0x82,
    0x00, 0x00, 0x00, 0x63, 0x33, 0x05, 0x00, 0x00, 0x00, 0x00, 0x00, 0x00,
    0x00, 0x00, 0x00, 0x00, 0x00, 0x00, 0x00, 0x00, 0x00, 0x00, 0x00, 0x00,
    0x00, 0x00, 0x00, 0x07, 0xFF, 0x01, 0x00, 0x00, 0x00, 0x7B, 0xF6, 0x0A,
    0x53, 0xF3, 0xA9, 0xA6, 0x3B, 0xFF, 0xCF, 0x1E, 0xFA, 0xC6, 0xDD, 0xFF,
    0xC6, 0xDD, 0xFF, 0xC6, 0xDD, 0xFF, 0xBE, 0xBD, 0xFF, 0xBE, 0xBD, 0xFF,
    0xBE, 0xBD, 0xFF, 0xBE, 0xBD, 0xFF, 0xBE, 0xBD, 0xFF, 0xBE, 0xBD, 0xFF,
    0xBE, 0xBD, 0xFE, 0x9E, 0x1B, 0xFE, 0x53, 0xF3, 0xF8, 0x3B, 0x30, 0x75,
    0xCE, 0x7B, 0x0F, 0x43, 0x70, 0x4D, 0x4B, 0xF3, 0xEC, 0xA6, 0x1B, 0xFE,
    0xCE, 0xFD, 0xFE, 0xD7, 0x1D, 0xFC, 0xAE, 0x5B, 0xFF, 0x4B, 0x92, 0xBC,
    0x00, 0x00, 0x00, 0x52, 0xAA, 0x03, 0x00, 0x00, 0x00, 0x00, 0x00, 0x00,
    0x00, 0x00, 0x00, 0x00, 0x00, 0x00, 0x00, 0x00, 0x00, 0x00, 0x00, 0x00,
    0x00, 0x00, 0x00, 0x00, 0x1F, 0x01, 0x00, 0x00, 0x00, 0xFD, 0x5F, 0x03,
    0x43, 0xB2, 0x9C, 0x9E, 0x1B, 0xFF, 0xCF, 0x1E, 0xFA, 0xC6, 0xBD, 0xFF,
    0xC6, 0xDD, 0xFF, 0xC6, 0xDD, 0xFF, 0xB6, 0x9D, 0xFF, 0xB6, 0x9D, 0xFF,
    0xBE, 0xBD, 0xFF, 0xBE, 0xBD, 0xFF, 0xBE, 0xBD, 0xFF, 0xBE, 0xDD, 0xFF,
    0x95, 0x99, 0xFF, 0x9D, 0xFA, 0xFF, 0xA6, 0x1B, 0xFF, 0x64, 0x75, 0xFB,
    0x4B, 0xD2, 0xCF, 0x5C, 0x34, 0xE6, 0x5C, 0x35, 0xFF, 0x85, 0x58, 0xFE,
    0xCE, 0xFD, 0xFF, 0xCE, 0xFD, 0xFD, 0xB6, 0x9C, 0xFF, 0x53, 0xD3, 0xD7,
    0x94, 0xD5, 0x1C, 0x00, 0x00, 0x00, 0x7B, 0xEF, 0x02, 0x00, 0x00, 0x00,
    0x00, 0x00, 0x00, 0x00, 0x00, 0x00, 0x00, 0x00, 0x00, 0x00, 0x00, 0x00,
    0x00, 0x00, 0x00, 0x00, 0x00, 0x01, 0x00, 0x00, 0x01, 0x00, 0x00, 0x00,
    0x3B, 0x71, 0x91, 0x9D, 0xFB, 0xFF, 0xC6, 0xFE, 0xFA, 0xBE, 0xBD, 0xFF,
    0xCE, 0xFD, 0xFF, 0xCE, 0xFD, 0xFF, 0xC6, 0xDD, 0xFF, 0xBE, 0x9D, 0xFF,
    0xB6, 0x9D, 0xFF, 0xBE, 0xBD, 0xFF, 0xBE, 0xBD, 0xFF, 0x8D, 0x79, 0xFF,
    0x74, 0xB6, 0xFF, 0xBE, 0xBD, 0xFF, 0xCE, 0xFD, 0xFE, 0xBE, 0xBC, 0xFF,
    0xAE, 0x5C, 0xFF, 0xA6, 0x3C, 0xFF, 0x9E, 0x1B, 0xFE, 0xA6, 0x1B, 0xFF,
    0xBE, 0x9D, 0xFF, 0xC6, 0xDD, 0xFD, 0xAE, 0x7C, 0xFE, 0x4B, 0xD3, 0xDA,
    0x7C, 0xF5, 0x1F, 0x00, 0x00, 0x00, 0x7B, 0xEF, 0x02, 0x00, 0x00, 0x00,
    0x00, 0x00, 0x00, 0x00, 0x00, 0x00, 0x00, 0x00, 0x00, 0x00, 0x00, 0x00,
    0x00, 0x00, 0x00, 0x00, 0x00, 0x00, 0x03, 0xEF, 0x02, 0x00, 0x00, 0x00,
    0x2A, 0xEF, 0x83, 0x95, 0xBA, 0xFF, 0xC6, 0xFE, 0xF9, 0xBE, 0xBD, 0xFF,
    0xC6, 0xDD, 0xFF, 0xCE, 0xFD, 0xFF, 0xCE, 0xFD, 0xFF, 0xC6, 0xDD, 0xFF,
    0xB6, 0x9D, 0xFF, 0xBE, 0xBD, 0xFF, 0xA6, 0x3B, 0xFF, 0x64, 0x75, 0xFF,
    0xBE, 0x9C, 0xFF, 0xDF, 0x3D, 0xFF, 0xDF, 0x3D, 0xFF, 0xD7, 0x1D, 0xFE,
    0xCE, 0xFD, 0xFD, 0xBE, 0xBD, 0xFE, 0xBE, 0xDD, 0xFF, 0xBE, 0xBD, 0xFF,
    0xB6, 0x7C, 0xFF, 0xAE, 0x5C, 0xFA, 0x7D, 0x38, 0xFF, 0x4B, 0x92, 0xA6,
    0x00, 0x00, 0x00, 0x39, 0xEF, 0x04, 0x00, 0x00, 0x00, 0x00, 0x00, 0x00,
    0x00, 0x00, 0x00, 0x00, 0x00, 0x00, 0x00, 0x00, 0x00, 0x00, 0x00, 0x00,
    0x00, 0x00, 0x00, 0x00, 0x00, 0x00, 0x01, 0xEF, 0x04, 0x00, 0x00, 0x00,
    0x22, 0xCE, 0x71, 0x85, 0x79, 0xFF, 0xBE, 0xBD, 0xF9, 0xB6, 0x9D, 0xFF,
    0xBE, 0xDD, 0xFF, 0xC6, 0xDD, 0xFF, 0xC6, 0xFD, 0xFF, 0xC6, 0xDD, 0xFF,
    0xBE, 0xBD, 0xFF, 0xBE, 0xBD, 0xFF, 0x8D, 0x99, 0xFF, 0x85, 0x58, 0xFF,
    0xD7, 0x3E, 0xFF, 0xD7, 0x1D, 0xFF, 0xDF, 0x1D, 0xFF, 0xD7, 0x1D, 0xFF,
    0xC6, 0xDD, 0xFF, 0xC6, 0xDD, 0xFF, 0xBE, 0xDD, 0xFF, 0xB6, 0x9C, 0xFF,
    0xA6, 0x3C, 0xFB, 0x74, 0xF8, 0xFF, 0x43, 0x71, 0xCE, 0x74, 0xB5, 0x1F,
    0x00, 0x00, 0x00, 0xFF, 0xFF, 0x01, 0x00, 0x00, 0x00, 0x00, 0x00, 0x00,
    0x00, 0x00, 0x00, 0x00, 0x00, 0x00, 0x00, 0x00, 0x00, 0x00, 0x00, 0x00,
    0x00, 0x00, 0x00, 0x00, 0x00, 0x00, 0x33, 0x2C, 0x05, 0x00, 0x00, 0x00,
    0x22, 0xCF, 0x56, 0x74, 0xD6, 0xFD, 0xAE, 0x3C, 0xFD, 0xB6, 0x7D, 0xFE,
    0xBE, 0xBD, 0xFF, 0xBE, 0xDD, 0xFF, 0xC6, 0xDD, 0xFF, 0xC6, 0xDD, 0xFF,
    0xC6, 0xDD, 0xFF, 0xBE, 0xBD, 0xFF, 0x7C, 0xF7, 0xFF, 0xAE, 0x5B, 0xFF,
    0xCE, 0xFD, 0xFF, 0xCE, 0xFD, 0xFF, 0xCE, 0xFD, 0xFF, 0xC6, 0xDD, 0xFF,
    0xBE, 0xDD, 0xFF, 0xBE, 0xBD, 0xFF, 0xAE, 0x7C, 0xFF, 0xA6, 0x1B, 0xFD,
    0x74, 0xF7, 0xFF, 0x3B, 0x71, 0xCC, 0x5B, 0xF2, 0x2C, 0x00, 0x00, 0x00,
    0x07, 0xFF, 0x01, 0x00, 0x00, 0x00, 0x00, 0x00, 0x00, 0x00, 0x00, 0x00,
    0x00, 0x00, 0x00, 0x00, 0x00, 0x00, 0x00, 0x00, 0x00, 0x00, 0x00, 0x00,
    0x00, 0x00, 0x00, 0x00, 0x00, 0x00, 0x52, 0xB5, 0x03, 0x00, 0x00, 0x00,
    0x3B, 0x70, 0x31, 0x4B, 0xD2, 0xE1, 0x9D, 0xFB, 0xFF, 0xAE, 0x5C, 0xFD,
    0xB6, 0x9D, 0xFF, 0xBE, 0xBD, 0xFF, 0xBE, 0xDD, 0xFF, 0xBE, 0xDD, 0xFF,
    0xBE, 0xDD, 0xFF, 0xBE, 0xBD, 0xFF, 0xA6, 0x1B, 0xFF, 0xBE, 0xBD, 0xFF,
    0xBE, 0xDD, 0xFF, 0xBE, 0xDD, 0xFF, 0xBE, 0xDD, 0xFF, 0xBE, 0xBD, 0xFF,
    0xBE, 0xBD, 0xFF, 0xAE, 0x7D, 0xFF, 0x9E, 0x1C, 0xFC, 0x74, 0xF8, 0xFF,
    0x43, 0x71, 0xC2, 0x7C, 0xF4, 0x1F, 0x00, 0x00, 0x00, 0xFF, 0xFF, 0x01,
    0x00, 0x00, 0x00, 0x00, 0x00, 0x00, 0x00, 0x00, 0x00, 0x00, 0x00, 0x00,
    0x00, 0x00, 0x00, 0x00, 0x00, 0x00, 0x00, 0x00, 0x00, 0x00, 0x00, 0x00,
    0x00, 0x00, 0x00, 0x00, 0x00, 0x00, 0x00, 0x00, 0x00, 0x02, 0xAA, 0x03,
    0x7B, 0xF5, 0x06, 0x2A, 0xEF, 0xA7, 0x85, 0x79, 0xFF, 0xA6, 0x1B, 0xFB,
    0xAE, 0x5C, 0xFF, 0xBE, 0xBD, 0xFF, 0xBE, 0xBD, 0xFF, 0xBE, 0xBD, 0xFF,
    0xBE, 0xBD, 0xFF, 0xBE, 0xBD, 0xFF, 0xC6, 0xDE, 0xFF, 0xBE, 0xBD, 0xFF,
    0xBE, 0xBD, 0xFF, 0xBE, 0xDD, 0xFF, 0xBE, 0xBD, 0xFF, 0xBE, 0xBD, 0xFF,
    0xAE, 0x5C, 0xFF, 0xA6, 0x1C, 0xFC, 0x75, 0x18, 0xFF, 0x3B, 0x71, 0xDA,
    0x5B, 0xF2, 0x2A, 0x00, 0x00, 0x00, 0x3B, 0xEF, 0x04, 0x00, 0x00, 0x00,
    0x00, 0x00, 0x00, 0x00, 0x00, 0x00, 0x00, 0x00, 0x00, 0x00, 0x00, 0x00,
    0x00, 0x00, 0x00, 0x00, 0x00, 0x00, 0x00, 0x00, 0x00, 0x00, 0x00, 0x00,
    0x00, 0x00, 0x00, 0x00, 0x00, 0x00, 0x00, 0x00, 0x00, 0x52, 0xB5, 0x03,
    0x00, 0x00, 0x00, 0x43, 0x71, 0x40, 0x4B, 0xB3, 0xEA, 0x9D, 0xDB, 0xFF,
    0x9E, 0x1B, 0xFD, 0xAE, 0x3C, 0xFF, 0xB6, 0x9D, 0xFF, 0xB6, 0xBD, 0xFF,
    0xBE, 0xBD, 0xFF, 0xBE, 0xBD, 0xFF, 0xB6, 0xBD, 0xFF, 0xB6, 0xBD, 0xFF,
    0xB6, 0xBD, 0xFF, 0xB6, 0x9D, 0xFF, 0xB6, 0x7D, 0xFF, 0xA6, 0x3C, 0xFF,
    0x9E, 0x1B, 0xFE, 0x7D, 0x38, 0xFF, 0x43, 0x72, 0xE6, 0x4B, 0x91, 0x43,
    0x00, 0x00, 0x00, 0x33, 0x33, 0x05, 0x00, 0x00, 0x00, 0x00, 0x00, 0x00,
    0x00, 0x00, 0x00, 0x00, 0x00, 0x00, 0x00, 0x00, 0x00, 0x00, 0x00, 0x00,
    0x00, 0x00, 0x00, 0x00, 0x00, 0x00, 0x00, 0x00, 0x00, 0x00, 0x00, 0x00,
    0x00, 0x00, 0x00, 0x00, 0x00, 0x00, 0x00, 0x00, 0x00, 0x00, 0x00, 0x00,
    0x3B, 0xEF, 0x04, 0x00, 0x00, 0x00, 0x43, 0x50, 0x77, 0x53, 0xF3, 0xFC,
    0x8D, 0x79, 0xFF, 0x95, 0xBA, 0xFF, 0x9D, 0xFB, 0xFF, 0xA6, 0x1B, 0xFF,
    0xA6, 0x3C, 0xFF, 0xAE, 0x5C, 0xFF, 0xAE, 0x7C, 0xFF, 0xAE, 0x5C, 0xFF,
    0xA6, 0x3C, 0xFF, 0x9D, 0xFB, 0xFF, 0x95, 0xDA, 0xFF, 0x8D, 0x99, 0xFE,
    0x6C, 0x96, 0xFE, 0x43, 0x71, 0xDC, 0x53, 0xD2, 0x46, 0x00, 0x00, 0x00,
    0x3B, 0xEF, 0x04, 0x00, 0x00, 0x00, 0x00, 0x00, 0x00, 0x00, 0x00, 0x00,
    0x00, 0x00, 0x00, 0x00, 0x00, 0x00, 0x00, 0x00, 0x00, 0x00, 0x00, 0x00,
    0x00, 0x00, 0x00, 0x00, 0x00, 0x00, 0x00, 0x00, 0x00, 0x00, 0x00, 0x00,
    0x00, 0x00, 0x00, 0x00, 0x00, 0x00, 0x00, 0x00, 0x00, 0x00, 0x00, 0x00,
    0xFF, 0xFF, 0x01, 0x00, 0x00, 0x00, 0xB5, 0xF7, 0x14, 0x3B, 0x31, 0xE3,
    0x53, 0xF4, 0xFF, 0x6C, 0xD7, 0xFE, 0x8D, 0xBB, 0xFF, 0x95, 0xBA, 0xFF,
    0x9D, 0xDB, 0xFF, 0xA6, 0x1C, 0xFF, 0xAE, 0x5C, 0xFF, 0xA6, 0x1C, 0xFF,
    0x95, 0xDB, 0xFF, 0x95, 0xBA, 0xFF, 0x6C, 0xB6, 0xFE, 0x4B, 0xD3, 0xFE,
    0x3B, 0x30, 0xD5, 0x64, 0x33, 0x22, 0x00, 0x00, 0x00, 0x7B, 0xEF, 0x02,
    0x00, 0x00, 0x00, 0x00, 0x00, 0x00, 0x00, 0x00, 0x00, 0x00, 0x00, 0x00,
    0x00, 0x00, 0x00, 0x00, 0x00, 0x00, 0x00, 0x00, 0x00, 0x00, 0x00, 0x00,
    0x00, 0x00, 0x00, 0x00, 0x00, 0x00, 0x00, 0x00, 0x00, 0x00, 0x00, 0x00,
    0x00, 0x00, 0x00, 0x00, 0x00, 0x00, 0x00, 0x00, 0x00, 0x00, 0x00, 0x00,
    0xFF, 0xFF, 0x01, 0x00, 0x00, 0x00, 0x6C, 0x53, 0x1C, 0x43, 0x71, 0xEE,
    0xA6, 0x3D, 0xFA, 0x85, 0x39, 0xFC, 0x95, 0xDB, 0xFF, 0x95, 0xDA, 0xFF,
    0xA6, 0x1B, 0xFF, 0xAE, 0x5C, 0xFF, 0xAE, 0x7D, 0xFF, 0xAE, 0x5C, 0xFF,
    0xA6, 0x1B, 0xFF, 0x95, 0xDB, 0xFE, 0x85, 0x9A, 0xFC, 0x6C, 0xB7, 0xFC,
    0x43, 0x71, 0xAD, 0x00, 0x00, 0x00, 0xAD, 0x55, 0x03, 0x00, 0x00, 0x00,
    0x00, 0x00, 0x00, 0x00, 0x00, 0x00, 0x00, 0x00, 0x00, 0x00, 0x00, 0x00,
    0x00, 0x00, 0x00, 0x00, 0x00, 0x00, 0x00, 0x00, 0x00, 0x00, 0x00, 0x00,
    0x00, 0x00, 0x00, 0x00, 0x00, 0x00, 0x00, 0x00, 0x00, 0x00, 0x00, 0x00,
    0x00, 0x00, 0x00, 0x00, 0x00, 0x00, 0x00, 0x00, 0x00, 0x00, 0x00, 0x00,
    0x00, 0x00, 0x00, 0x07, 0xFF, 0x01, 0xFF, 0xFF, 0x02, 0x3B, 0x30, 0xAF,
    0x64, 0x76, 0xFF, 0x85, 0x59, 0xFF, 0x8D, 0xBA, 0xFE, 0x9E, 0x1B, 0xFD,
    0xAE, 0x5C, 0xFD, 0xAE, 0x5D, 0xFD, 0xAE, 0x5D, 0xFD, 0xAE, 0x5C, 0xFD,
    0xA6, 0x1B, 0xFD, 0x8D, 0x99, 0xFF, 0x75, 0x18, 0xFF, 0x4B, 0xD3, 0xFF,
    0x53, 0xB2, 0x56, 0xFF, 0xFF, 0x01, 0x00, 0x00, 0x01, 0x00, 0x00, 0x00,
    0x00, 0x00, 0x00, 0x00, 0x00, 0x00, 0x00, 0x00, 0x00, 0x00, 0x00, 0x00,
    0x00, 0x00, 0x00, 0x00, 0x00, 0x00, 0x00, 0x00, 0x00, 0x00, 0x00, 0x00,
    0x00, 0x00, 0x00, 0x00, 0x00, 0x00, 0x00, 0x00, 0x00, 0x00, 0x00, 0x00,
    0x00, 0x00, 0x00, 0x00, 0x00, 0x00, 0x00, 0x00, 0x00, 0x00, 0x00, 0x00,
    0x00, 0x00, 0x00, 0x00, 0x00, 0x01, 0x00, 0x00, 0x00, 0x5B, 0xF2, 0x16,
    0x3B, 0x10, 0x74, 0x4B, 0xB2, 0xCE, 0x4B, 0xB2, 0xFD, 0x4B, 0xD3, 0xFF,
    0x4B, 0xF4, 0xFF, 0x54, 0x14, 0xFF, 0x54, 0x14, 0xFF, 0x4B, 0xD3, 0xFF,
    0x43, 0xB3, 0xFF, 0x4B, 0xD3, 0xEE, 0x43, 0x92, 0xAF, 0x3B, 0x30, 0x4F,
    0xFF, 0xFF, 0x01, 0x00, 0x00, 0x00, 0x00, 0x00, 0x00, 0x00, 0x00, 0x00,
    0x00, 0x00, 0x00, 0x00, 0x00, 0x00, 0x00, 0x00, 0x00, 0x00, 0x00, 0x00,
    0x00, 0x00, 0x00, 0x00, 0x00, 0x00, 0x00, 0x00, 0x00, 0x00, 0x00, 0x00,
    0x00, 0x00, 0x00, 0x00, 0x00, 0x00, 0x00, 0x00, 0x00, 0x00, 0x00, 0x00,
    0x00, 0x00, 0x00, 0x00, 0x00, 0x00, 0x00, 0x00, 0x00, 0x00, 0x00, 0x00,
    0x00, 0x00, 0x00, 0x00, 0x00, 0x00, 0x00, 0x00, 0x00, 0x00, 0x00, 0x00,
    0x00, 0x00, 0x00, 0x3B, 0x0E, 0x12, 0x33, 0x0F, 0x22, 0x3B, 0x2F, 0x3B,
    0x3B, 0x71, 0x52, 0x3B, 0x71, 0x5A, 0x3B, 0x51, 0x55, 0x3B, 0x30, 0x43,
    0x33, 0x0F, 0x2E, 0x22, 0xAF, 0x1B, 0x63, 0xF3, 0x0A, 0x00, 0x00, 0x00,
    0x00, 0x00, 0x00, 0x00, 0x00, 0x00, 0x00, 0x00, 0x00, 0x00, 0x00, 0x00,
    0x00, 0x00, 0x00, 0x00, 0x00, 0x00, 0x00, 0x00, 0x00, 0x00, 0x00, 0x00,
    0x00, 0x00, 0x00, 0x00, 0x00, 0x00, 0x00, 0x00, 0x00, 0x00, 0x00, 0x00,
};

const lv_img_dsc_t img_gesture_ok = {
    .header.cf = LV_IMG_CF_TRUE_COLOR_ALPHA,
    .header.always_zero = 0,
    .header.reserved = 0,
    .header.w = 36,
    .header.h = 36,
    .data_size = 3888,
    .data = img_gesture_ok_data,
};

/* gesture: good (36x36) */
static const uint8_t img_gesture_good_data[3888] = {
    0x00, 0x00, 0x00, 0x00, 0x00, 0x00, 0x00, 0x00, 0x00, 0x00, 0x00, 0x00,
    0x00, 0x00, 0x00, 0x00, 0x00, 0x00, 0x00, 0x00, 0x00, 0x00, 0x00, 0x00,
    0x00, 0x00, 0x00, 0x00, 0x00, 0x00, 0x00, 0x00, 0x00, 0x00, 0x00, 0x00,
    0x00, 0x00, 0x00, 0x00, 0x00, 0x00, 0x7B, 0xEF, 0x02, 0x7D, 0xF7, 0x04,
    0x64, 0xD3, 0x05, 0xAD, 0x55, 0x03, 0x00, 0x00, 0x00, 0x00, 0x00, 0x00,
    0x00, 0x00, 0x00, 0x00, 0x00, 0x00, 0x00, 0x00, 0x00, 0x00, 0x00, 0x00,
    0x00, 0x00, 0x00, 0x00, 0x00, 0x00, 0x00, 0x00, 0x00, 0x00, 0x00, 0x00,
    0x00, 0x00, 0x00, 0x00, 0x00, 0x00, 0x00, 0x00, 0x00, 0x00, 0x00, 0x00,
    0x00, 0x00, 0x00, 0x00, 0x00, 0x00, 0x00, 0x00, 0x00, 0x00, 0x00, 0x00,
    0x00, 0x00, 0x00, 0x00, 0x00, 0x00, 0x00, 0x00, 0x00, 0x00, 0x00, 0x00,
    0x00, 0x00, 0x00, 0x00, 0x00, 0x00, 0x00, 0x00, 0x00, 0x00, 0x00, 0x00,
    0x00, 0x00, 0x00, 0x00, 0x00, 0x00, 0x00, 0x00, 0x00, 0x00, 0x00, 0x00,
    0x00, 0x00, 0x00, 0x7B, 0xEF, 0x02, 0x00, 0x00, 0x00, 0x00, 0x00, 0x00,
    0x00, 0x00, 0x00, 0x00, 0x00, 0x00, 0x52, 0xB5, 0x03, 0x00, 0x00, 0x00,
    0x00, 0x00, 0x00, 0x00, 0x00, 0x00, 0x00, 0x00, 0x00, 0x00, 0x00, 0x00,
    0x00, 0x00, 0x00, 0x00, 0x00, 0x00, 0x00, 0x00, 0x00, 0x00, 0x00, 0x00,
    0x00, 0x00, 0x00, 0x00, 0x00, 0x00, 0x00, 0x00, 0x00, 0x00, 0x00, 0x00,
    0x00, 0x00, 0x00, 0x00, 0x00, 0x00, 0x00, 0x00, 0x00, 0x00, 0x00, 0x00,
    0x00, 0x00, 0x00, 0x00, 0x00, 0x00, 0x00, 0x00, 0x00, 0x00, 0x00, 0x00,
    0x00, 0x00, 0x00, 0x00, 0x00, 0x00, 0x00, 0x00, 0x00, 0x00, 0x00, 0x00,
    0x00, 0x00, 0x00, 0x00, 0x00, 0x00, 0x00, 0x00, 0x00, 0x00, 0x00, 0x00,
    0x00, 0x00, 0x00, 0x00, 0x00, 0x00, 0x95, 0x37, 0x17, 0x5C, 0x54, 0x52,
    0x54, 0x34, 0x56, 0x85, 0x36, 0x33, 0x00, 0x00, 0x00, 0x00, 0x1F, 0x01,
    0x00, 0x00, 0x00, 0x00, 0x00, 0x00, 0x00, 0x00, 0x00, 0x00, 0x00, 0x00,
    0x00, 0x00, 0x00, 0x00, 0x00, 0x00, 0x00, 0x00, 0x00, 0x00, 0x00, 0x00,
    0x00, 0x00, 0x00, 0x00, 0x00, 0x00, 0x00, 0x00, 0x00, 0x00, 0x00, 0x00,
    0x00, 0x00, 0x00, 0x00, 0x00, 0x00, 0x00, 0x00, 0x00, 0x00, 0x00, 0x00,
    0x00, 0x00, 0x00, 0x00, 0x00, 0x00, 0x00, 0x00, 0x00, 0x00, 0x00, 0x00,
    0x00, 0x00, 0x00, 0x00, 0x00, 0x00, 0x00, 0x00, 0x00, 0x00, 0x00, 0x00,
    0x00, 0x00, 0x00, 0x00, 0x00, 0x00, 0x00, 0x00, 0x00, 0x03, 0xEF, 0x02,
    0x00, 0x00, 0x00, 0x7C, 0xD6, 0x28, 0x6C, 0xB5, 0xC4, 0x8D, 0x77, 0xFE,
    0x95, 0xB8, 0xFF, 0x74, 0xD5, 0xE1, 0x6C, 0xB4, 0x7A, 0x00, 0x00, 0x00,
    0x00, 0x00, 0x01, 0x00, 0x00, 0x00, 0x00, 0x00, 0x00, 0x00, 0x00, 0x00,
    0x00, 0x00, 0x00, 0x00, 0x00, 0x00, 0x00, 0x00, 0x00, 0x00, 0x00, 0x00,
    0x00, 0x00, 0x00, 0x00, 0x00, 0x00, 0x00, 0x00, 0x00, 0x00, 0x00, 0x00,
    0x00, 0x00, 0x00, 0x00, 0x00, 0x00, 0x00, 0x00, 0x00, 0x00, 0x00, 0x00,
    0x00, 0x00, 0x00, 0x00, 0x00, 0x00, 0x00, 0x00, 0x00, 0x00, 0x00, 0x00,
    0x00, 0x00, 0x00, 0x00, 0x00, 0x00, 0x00, 0x00, 0x00, 0x00, 0x00, 0x00,
    0x00, 0x00, 0x00, 0x00, 0x00, 0x00, 0x00, 0x00, 0x01, 0x00, 0x00, 0x01,
    0x9E, 0x79, 0x05, 0x64, 0x54, 0x96, 0xB6, 0x5B, 0xFF, 0xF7, 0xBE, 0xFB,
    0xD7, 0x1D, 0xFD, 0xB6, 0x7B, 0xFF, 0x74, 0xD6, 0xFF, 0x6C, 0x94, 0x78,
    0x00, 0x00, 0x00, 0x3B, 0xEF, 0x04, 0x00, 0x00, 0x00, 0x00, 0x00, 0x00,
    0x00, 0x00, 0x00, 0x00, 0x00, 0x00, 0x00, 0x00, 0x00, 0x00, 0x00, 0x00,
    0x00, 0x00, 0x00, 0x00, 0x00, 0x00, 0x00, 0x00, 0x00, 0x00, 0x00, 0x00,
    0x00, 0x00, 0x00, 0x00, 0x00, 0x00, 0x00, 0x00, 0x00, 0x00, 0x00, 0x00,
    0x00, 0x00, 0x00, 0x00, 0x00, 0x00, 0x00, 0x00, 0x00, 0x00, 0x00, 0x00,
    0x00, 0x00, 0x00, 0x00, 0x00, 0x00, 0x00, 0x00, 0x00, 0x00, 0x00, 0x00,
    0x00, 0x00, 0x00, 0x00, 0x00, 0x00, 0x00, 0x00, 0x01, 0x00, 0x00, 0x00,
    0x4B, 0xB1, 0x0D, 0x6C, 0x94, 0xBD, 0xCE, 0xDC, 0xFC, 0xFF, 0xFF, 0xFB,
    0xEF, 0x7E, 0xFE, 0xDF, 0x3E, 0xFB, 0xAE, 0x3B, 0xFF, 0x64, 0x54, 0xE2,
    0x95, 0x57, 0x2A, 0x00, 0x00, 0x01, 0x55, 0x55, 0x03, 0x00, 0x00, 0x00,
    0x00, 0x00, 0x00, 0x00, 0x00, 0x00, 0x00, 0x00, 0x00, 0x00, 0x00, 0x00,
    0x00, 0x00, 0x00, 0x00, 0x00, 0x00, 0x00, 0x00, 0x00, 0x00, 0x00, 0x00,
    0x00, 0x00, 0x00, 0x00, 0x00, 0x00, 0x00, 0x00, 0x00, 0x00, 0x00, 0x00,
    0x00, 0x00, 0x00, 0x00, 0x00, 0x00, 0x00, 0x00, 0x00, 0x00, 0x00, 0x00,
    0x00, 0x00, 0x00, 0x00, 0x00, 0x00, 0x00, 0x00, 0x00, 0x00, 0x00, 0x00,
    0x00, 0x00, 0x00, 0x00, 0x00, 0x00, 0x00, 0x00, 0x01, 0x00, 0x00, 0x00,
    0x54, 0x75, 0x09, 0x64, 0x74, 0xAC, 0xC6, 0x9B, 0xFF, 0xFF, 0xFF, 0xFC,
    0xE7, 0x7D, 0xFF, 0xDF, 0x5D, 0xFE, 0xC6, 0xDD, 0xFD, 0x85, 0x58, 0xFF,
    0x6C, 0x74, 0x75, 0x00, 0x00, 0x00, 0x64, 0xD9, 0x05, 0x00, 0x00, 0x00,
    0x00, 0x00, 0x00, 0x00, 0x00, 0x00, 0x00, 0x00, 0x00, 0x00, 0x00, 0x00,
    0x00, 0x00, 0x00, 0x00, 0x00, 0x00, 0x00, 0x00, 0x00, 0x00, 0x00, 0x00,
    0x00, 0x00, 0x00, 0x00, 0x00, 0x00, 0x00, 0x00, 0x00, 0x00, 0x00, 0x00,
    0x00, 0x00, 0x00, 0x00, 0x00, 0x00, 0x00, 0x00, 0x00, 0x00, 0x00, 0x00,
    0x00, 0x00, 0x00, 0x00, 0x00, 0x00, 0x00, 0x00, 0x00, 0x00, 0x00, 0x00,
    0x00, 0x00, 0x00, 0x00, 0x00, 0x00, 0x00, 0x00, 0x00, 0x00, 0x00, 0x00,
    0xFF, 0xFF, 0x02, 0x54, 0x13, 0x8E, 0xB6, 0x7B, 0xFF, 0xFF, 0xFF, 0xFB,
    0xDF, 0x3D, 0xFF, 0xDF, 0x5D, 0xFF, 0xD7, 0x1D, 0xFB, 0x9D, 0xFB, 0xFF,
    0x5C, 0x13, 0x9E, 0x00, 0x00, 0x00, 0x39, 0xEF, 0x04, 0x00, 0x00, 0x00,
    0x00, 0x00, 0x00, 0x00, 0x00, 0x00, 0x00, 0x00, 0x00, 0x00, 0x00, 0x00,
    0x00, 0x00, 0x00, 0x00, 0x00, 0x00, 0x00, 0x00, 0x00, 0x00, 0x00, 0x00,
    0x00, 0x00, 0x00, 0x00, 0x00, 0x00, 0x00, 0x00, 0x00, 0x00, 0x00, 0x00,
    0x00, 0x00, 0x00, 0x00, 0x00, 0x00, 0x00, 0x00, 0x00, 0x00, 0x00, 0x00,
    0x00, 0x00, 0x00, 0x00, 0x00, 0x00, 0x00, 0x00, 0x00, 0x00, 0x00, 0x00,
    0x00, 0x00, 0x00, 0x00, 0x00, 0x00, 0x00, 0x00, 0x00, 0x00, 0x00, 0x00,
    0x00, 0x00, 0x00, 0x4B, 0xD2, 0x7D, 0xAE, 0x3A, 0xFF, 0xFF, 0xFF, 0xFB,
    0xD7, 0x3C, 0xFF, 0xDF, 0x3D, 0xFF, 0xD7, 0x1D, 0xFB, 0x9E, 0x1B, 0xFF,
    0x54, 0x13, 0xAB, 0x00, 0x20, 0x00, 0x00, 0x1F, 0x01, 0xFF, 0xFF, 0x01,
    0x00, 0x00, 0x00, 0x00, 0x00, 0x00, 0x00, 0x00, 0x00, 0x00, 0x00, 0x00,
    0x00, 0x00, 0x00, 0x00, 0x00, 0x00, 0x00, 0x00, 0x00, 0x00, 0x00, 0x00,
    0x00, 0x00, 0x00, 0x00, 0x00, 0x00, 0x00, 0x00, 0x00, 0x00, 0x00, 0x00,
    0x00, 0x00, 0x00, 0x00, 0x00, 0x00, 0x00, 0x00, 0x00, 0x00, 0x00, 0x00,
    0x00, 0x00, 0x00, 0x00, 0x00, 0x00, 0x00, 0x00, 0x00, 0x00, 0x00, 0x00,
    0x00, 0x00, 0x00, 0x00, 0x00, 0x00, 0x00, 0x00, 0x00, 0x00, 0x00, 0x00,
    0x00, 0x00, 0x00, 0x53, 0xF2, 0x82, 0xAE, 0x3A, 0xFF, 0xFF, 0xFF, 0xFB,
    0xD7, 0x1D, 0xFF, 0xDF, 0x3D, 0xFF, 0xC6, 0xFD, 0xFA, 0x95, 0xFB, 0xFF,
    0x4B, 0xF3, 0xA0, 0x00, 0x00, 0x00, 0x39, 0xEF, 0x04, 0x00, 0x00, 0x00,
    0x00, 0x00, 0x00, 0x00, 0x00, 0x00, 0x00, 0x00, 0x00, 0x00, 0x00, 0x00,
    0x00, 0x00, 0x00, 0x00, 0x00, 0x00, 0x00, 0x00, 0x00, 0x00, 0x00, 0x00,
    0x00, 0x00, 0x00, 0x00, 0x00, 0x00, 0x00, 0x00, 0x00, 0x00, 0x00, 0x00,
    0x00, 0x00, 0x00, 0x00, 0x00, 0x00, 0x00, 0x00, 0x00, 0x00, 0x00, 0x00,
    0x00, 0x00, 0x00, 0x00, 0x00, 0x00, 0x00, 0x00, 0x00, 0x00, 0x00, 0x00,
    0x00, 0x00, 0x00, 0x00, 0x00, 0x00, 0x00, 0x00, 0x01, 0x00, 0x00, 0x00,
    0x95, 0xB6, 0x07, 0x64, 0x54, 0xA8, 0xBE, 0x7B, 0xFF, 0xF7, 0xBF, 0xFC,
    0xD7, 0x1D, 0xFF, 0xD7, 0x1D, 0xFF, 0xB6, 0x9D, 0xFB, 0x8D, 0xBA, 0xFF,
    0x54, 0x13, 0x8A, 0x00, 0x1F, 0x01, 0x4B, 0x72, 0x07, 0x00, 0x00, 0x00,
    0x00, 0x00, 0x00, 0x00, 0x00, 0x00, 0x00, 0x00, 0x00, 0x00, 0x00, 0x00,
    0x07, 0xFF, 0x01, 0x00, 0x00, 0x00, 0x00, 0x00, 0x00, 0x00, 0x00, 0x00,
    0x00, 0x00, 0x00, 0x00, 0x00, 0x00, 0x00, 0x00, 0x00, 0x00, 0x00, 0x00,
    0x00, 0x00, 0x00, 0x00, 0x00, 0x00, 0x00, 0x00, 0x00, 0x00, 0x00, 0x00,
    0x00, 0x00, 0x00, 0x00, 0x00, 0x00, 0x00, 0x00, 0x00, 0x00, 0x00, 0x00,
    0x00, 0x00, 0x00, 0x00, 0x00, 0x00, 0x00, 0x1F, 0x01, 0x00, 0x00, 0x01,
    0x43, 0x91, 0x1B, 0x6C, 0x94, 0xEF, 0xD7, 0x1C, 0xFF, 0xE7, 0x7E, 0xFE,
    0xD7, 0x1D, 0xFF, 0xC6, 0xBD, 0xFE, 0xA6, 0x3C, 0xFF, 0x74, 0xF7, 0xFD,
    0x5C, 0x53, 0x63, 0x00, 0x00, 0x00, 0x00, 0x00, 0x00, 0x00, 0x00, 0x00,
    0x00, 0x00, 0x00, 0x00, 0x00, 0x00, 0x00, 0x00, 0x00, 0x00, 0x00, 0x00,
    0x00, 0x00, 0x00, 0x00, 0x00, 0x00, 0x07, 0xFF, 0x01, 0x00, 0x00, 0x00,
    0x00, 0x00, 0x00, 0x00, 0x00, 0x00, 0x00, 0x00, 0x00, 0x00, 0x00, 0x00,
    0x00, 0x00, 0x00, 0x00, 0x00, 0x00, 0x00, 0x00, 0x00, 0x00, 0x00, 0x00,
    0x00, 0x00, 0x00, 0x00, 0x00, 0x00, 0x00, 0x00, 0x00, 0x00, 0x00, 0x00,
    0x00, 0x00, 0x00, 0x00, 0x00, 0x00, 0x7B, 0xEF, 0x02, 0x00, 0x00, 0x00,
    0x54, 0x13, 0x89, 0x95, 0x98, 0xFF, 0xFF, 0xFF, 0xFD, 0xD7, 0x1D, 0xFF,
    0xCF, 0x1D, 0xFF, 0xB6, 0x7D, 0xFE, 0xA6, 0x3C, 0xFF, 0x64, 0x75, 0xEE,
    0x54, 0x12, 0x5A, 0x4B, 0xD1, 0x21, 0x53, 0xF2, 0x50, 0x5C, 0x53, 0x6C,
    0x6C, 0x94, 0x81, 0x64, 0x74, 0x84, 0x5C, 0x33, 0x7B, 0x53, 0xF2, 0x54,
    0x4B, 0xD1, 0x22, 0x00, 0x00, 0x00, 0x00, 0x00, 0x00, 0x00, 0x00, 0x00,
    0x00, 0x00, 0x00, 0x00, 0x00, 0x00, 0x00, 0x00, 0x00, 0x00, 0x00, 0x00,
    0x00, 0x00, 0x00, 0x00, 0x00, 0x00, 0x00, 0x00, 0x00, 0x00, 0x00, 0x00,
    0x00, 0x00, 0x00, 0x00, 0x00, 0x00, 0x00, 0x00, 0x00, 0x00, 0x00, 0x00,
    0x00, 0x00, 0x00, 0xFF, 0xFF, 0x01, 0x00, 0x00, 0x00, 0x64, 0x53, 0x3D,
    0x6C, 0x74, 0xF8, 0xE7, 0x7D, 0xFF, 0xE7, 0x7E, 0xFF, 0xDF, 0x3D, 0xFF,
    0xCE, 0xFD, 0xFF, 0xAE, 0x7D, 0xFF, 0x9E, 0x1B, 0xFF, 0x5C, 0x54, 0xFE,
    0x5C, 0x54, 0xFC, 0x7D, 0x16, 0xFF, 0x85, 0x78, 0xFF, 0x8D, 0x98, 0xFF,
    0x95, 0xB9, 0xFF, 0x9D, 0xD9, 0xFF, 0xA5, 0xF9, 0xFF, 0x95, 0x78, 0xFF,
    0x74, 0xD5, 0xF8, 0x64, 0x54, 0x7E, 0x9D, 0xF7, 0x08, 0x00, 0x00, 0x01,
    0x00, 0x00, 0x00, 0x00, 0x00, 0x00, 0x00, 0x00, 0x00, 0x00, 0x00, 0x00,
    0x00, 0x00, 0x00, 0x00, 0x00, 0x00, 0x00, 0x00, 0x00, 0x00, 0x00, 0x00,
    0x00, 0x00, 0x00, 0x00, 0x00, 0x00, 0x00, 0x00, 0x00, 0x00, 0x00, 0x00,
    0x7B, 0xEF, 0x02, 0x00, 0x00, 0x00, 0x74, 0xB5, 0x1F, 0x54, 0x12, 0xD7,
    0xBE, 0x9B, 0xFF, 0xF7, 0xDF, 0xFE, 0xDF, 0x3D, 0xFF, 0xDF, 0x3D, 0xFF,
    0xCF, 0x1D, 0xFF, 0xB6, 0x7D, 0xFF, 0xA6, 0x1B, 0xFF, 0x85, 0x58, 0xFF,
    0x8D, 0x99, 0xFF, 0x95, 0xDA, 0xFD, 0x9D, 0xD9, 0xFD, 0x9D, 0xF9, 0xFD,
    0xAE, 0x19, 0xFD, 0xD6, 0xFC, 0xFD, 0xFF, 0xFF, 0xFD, 0xFF, 0xFF, 0xFD,
    0xD7, 0x1C, 0xFE, 0x85, 0x37, 0xFF, 0x6C, 0x94, 0x7F, 0x00, 0x00, 0x00,
    0x7B, 0xEF, 0x02, 0x00, 0x00, 0x00, 0x00, 0x00, 0x00, 0x00, 0x00, 0x00,
    0x00, 0x00, 0x00, 0x00, 0x00, 0x00, 0x00, 0x00, 0x00, 0x00, 0x00, 0x00,
    0x00, 0x00, 0x00, 0x00, 0x00, 0x00, 0x07, 0xFF, 0x01, 0x55, 0x55, 0x03,
    0x3B, 0xEF, 0x04, 0xFF, 0x3F, 0x0A, 0x43, 0x91, 0xAC, 0xA5, 0xD9, 0xFF,
    0xFF, 0xFF, 0xFD, 0xE7, 0x5D, 0xFE, 0xDF, 0x3D, 0xFF, 0xDF, 0x3D, 0xFF,
    0xD7, 0x1D, 0xFF, 0xB6, 0x9D, 0xFF, 0xA6, 0x3C, 0xFF, 0x9D, 0xDA, 0xFF,
    0x6C, 0x96, 0xFF, 0x6C, 0xB6, 0xFF, 0x85, 0x57, 0xFF, 0xAE, 0x19, 0xFF,
    0xC6, 0xBB, 0xFF, 0xE7, 0x5D, 0xFF, 0xE7, 0x7E, 0xFF, 0xDF, 0x3D, 0xFF,
    0xE7, 0x7E, 0xFD, 0xBE, 0xBC, 0xFC, 0x54, 0x33, 0xE3, 0xAD, 0xF7, 0x0C,
    0xF8, 0x00, 0x01, 0xFF, 0xFF, 0x01, 0x00, 0x00, 0x00, 0x00, 0x00, 0x00,
    0x00, 0x00, 0x00, 0x00, 0x00, 0x00, 0x00, 0x00, 0x00, 0x00, 0x00, 0x00,
    0x00, 0x00, 0x00, 0x00, 0x00, 0x00, 0x00, 0x00, 0x00, 0x00, 0x00, 0x00,
    0x00, 0x00, 0x00, 0x4B, 0xD2, 0x6A, 0x7D, 0x16, 0xFC, 0xF7, 0xBF, 0xFB,
    0xE7, 0x7E, 0xFE, 0xE7, 0x7E, 0xFF, 0xDF, 0x3D, 0xFF, 0xDF, 0x3D, 0xFF,
    0xD7, 0x1D, 0xFF, 0xC6, 0xDD, 0xFF, 0xA6, 0x1B, 0xFF, 0x6C, 0x96, 0xFF,
    0x7C, 0xF7, 0xFF, 0xBE, 0x9C, 0xFF, 0xDF, 0x3E, 0xFF, 0xEF, 0x9E, 0xFF,
    0xEF, 0x9E, 0xFF, 0xE7, 0x5D, 0xFF, 0xDF, 0x3D, 0xFF, 0xDF, 0x5D, 0xFF,
    0xCE, 0xFD, 0xFE, 0xB6, 0x9D, 0xFF, 0x54, 0x13, 0xE9, 0x95, 0x56, 0x1E,
    0x00, 0x00, 0x00, 0xFF, 0xFF, 0x01, 0x00, 0x00, 0x00, 0x00, 0x00, 0x00,
    0x00, 0x00, 0x00, 0x00, 0x00, 0x00, 0x00, 0x00, 0x00, 0x00, 0x00, 0x00,
    0x00, 0x00, 0x01, 0x00, 0x00, 0x00, 0x5C, 0x33, 0x40, 0x54, 0x13, 0x95,
    0x54, 0x13, 0xB1, 0x53, 0xF2, 0xEC, 0xD7, 0x1C, 0xFF, 0xEF, 0x9F, 0xFD,
    0xE7, 0x9F, 0xFF, 0xDF, 0x5D, 0xFF, 0xDF, 0x3D, 0xFF, 0xDF, 0x3D, 0xFF,
    0xD7, 0x1D, 0xFF, 0xCE, 0xFD, 0xFF, 0x9D, 0xDA, 0xFF, 0x5C, 0x34, 0xFF,
    0xA6, 0x1B, 0xFF, 0xBE, 0xBD, 0xFF, 0xC6, 0xDC, 0xFF, 0xD6, 0xFD, 0xFF,
    0xD7, 0x1D, 0xFF, 0xD7, 0x1D, 0xFF, 0xD7, 0x3D, 0xFF, 0xCE, 0xFD, 0xFF,
    0xB6, 0x7C, 0xFE, 0x95, 0xDA, 0xFF, 0x5C, 0x33, 0xD6, 0xFF, 0xF7, 0x04,
    0x00, 0x1F, 0x01, 0x00, 0x00, 0x00, 0x00, 0x00, 0x00, 0x00, 0x00, 0x00,
    0x00, 0x00, 0x00, 0x00, 0x00, 0x00, 0x00, 0x00, 0x00, 0x07, 0xFF, 0x01,
    0x00, 0x00, 0x00, 0x5C, 0x53, 0x61, 0x64, 0x74, 0xFB, 0xAE, 0x19, 0xFF,
    0x7D, 0x16, 0xFF, 0x85, 0x16, 0xFF, 0xE7, 0x9E, 0xFE, 0xE7, 0x5E, 0xFF,
    0xE7, 0x9E, 0xFF, 0xDF, 0x3D, 0xFF, 0xDF, 0x3D, 0xFF, 0xD7, 0x1D, 0xFF,
    0xD7, 0x1D, 0xFF, 0xC6, 0xDD, 0xFF, 0x9D, 0xFB, 0xFF, 0x5C, 0x54, 0xFF,
    0x95, 0x9A, 0xFF, 0xAE, 0x5C, 0xFF, 0xB6, 0x7D, 0xFF, 0xBE, 0xBD, 0xFF,
    0xC6, 0xDD, 0xFF, 0xBE, 0xBD, 0xFF, 0xB6, 0x7C, 0xFF, 0x9E, 0x1B, 0xFF,
    0x85, 0x59, 0xFF, 0x54, 0x14, 0xFF, 0x64, 0x54, 0x8C, 0x00, 0x00, 0x00,
    0x7B, 0xEF, 0x02, 0x00, 0x00, 0x00, 0x00, 0x00, 0x00, 0x00, 0x00, 0x00,
    0x00, 0x00, 0x00, 0x00, 0x00, 0x00, 0x00, 0x1F, 0x01, 0x00, 0x00, 0x01,
    0x8D, 0x75, 0x10, 0x53, 0xF3, 0xE4, 0xD7, 0x1D, 0xFF, 0xEF, 0xBF, 0xFE,
    0x7D, 0x17, 0xFF, 0xA5, 0xF9, 0xFF, 0xE7, 0x9F, 0xFF, 0xD6, 0xFD, 0xFF,
    0xDF, 0x3D, 0xFF, 0xDF, 0x1D, 0xFF, 0xD7, 0x1D, 0xFF, 0xD7, 0x1D, 0xFF,
    0xCF, 0x1D, 0xFF, 0xBE, 0xBD, 0xFF, 0x95, 0xDA, 0xFF, 0x74, 0xD7, 0xFF,
    0x54, 0x14, 0xFF, 0x7D, 0x18, 0xFF, 0x85, 0x58, 0xFF, 0x85, 0x59, 0xFF,
    0x85, 0x58, 0xFF, 0x74, 0xF7, 0xFF, 0x74, 0xD7, 0xFF, 0x6C, 0x95, 0xFF,
    0x6C, 0x75, 0xFE, 0x7C, 0xF7, 0xFF, 0x5C, 0x13, 0xE1, 0x7C, 0xB5, 0x2C,
    0x00, 0x00, 0x00, 0x7B, 0xFF, 0x02, 0x00, 0x00, 0x00, 0x00, 0x00, 0x00,
    0x00, 0x00, 0x00, 0x00, 0x00, 0x00, 0x55, 0x55, 0x03, 0x00, 0x00, 0x00,
    0x53, 0xF3, 0x5A, 0x64, 0x74, 0xF7, 0xE7, 0x7E, 0xFF, 0xDF, 0x3D, 0xFE,
    0x85, 0x37, 0xFF, 0xAE, 0x3A, 0xFF, 0xDF, 0x3E, 0xFF, 0xD6, 0xFD, 0xFF,
    0xD7, 0x1D, 0xFF, 0xD7, 0x1D, 0xFF, 0xD7, 0x1D, 0xFF, 0xCF, 0x1D, 0xFF,
    0xCE, 0xFD, 0xFF, 0xB6, 0x9C, 0xFF, 0x6C, 0xB6, 0xFF, 0x6C, 0xB6, 0xFF,
    0x54, 0x14, 0xFF, 0x5C, 0x75, 0xFF, 0x5C, 0x75, 0xFF, 0x64, 0x95, 0xFF,
    0x6C, 0xB5, 0xFF, 0x7C, 0xF6, 0xFF, 0x95, 0x98, 0xFF, 0xB6, 0x5A, 0xFF,
    0xDF, 0x3D, 0xFF, 0xDF, 0x3E, 0xFE, 0x85, 0x58, 0xFF, 0x53, 0xF2, 0x99,
    0x00, 0x00, 0x00, 0x63, 0x33, 0x05, 0x00, 0x00, 0x00, 0x00, 0x00, 0x00,
    0x00, 0x00, 0x00, 0x00, 0x00, 0x00, 0x63, 0x33, 0x05, 0x00, 0x00, 0x00,
    0x4B, 0xB2, 0x8A, 0x85, 0x37, 0xFF, 0xE7, 0x7E, 0xFF, 0xD7, 0x1D, 0xFF,
    0xA5, 0xFA, 0xFF, 0xB6, 0x5B, 0xFF, 0xCE, 0xFD, 0xFF, 0xCE, 0xFD, 0xFF,
    0xD7, 0x1D, 0xFF, 0xCF, 0x1D, 0xFF, 0xCE, 0xFD, 0xFF, 0xCE, 0xFD, 0xFF,
    0xC6, 0xDD, 0xFF, 0xB6, 0x7C, 0xFF, 0x4B, 0xF3, 0xFF, 0x4B, 0xD3, 0xFF,
    0x95, 0xBA, 0xFF, 0xA6, 0x5C, 0xFF, 0xAE, 0x7C, 0xFF, 0xC6, 0xDD, 0xFF,
    0xD7, 0x3E, 0xFF, 0xE7, 0x7E, 0xFF, 0xEF, 0x9E, 0xFF, 0xE7, 0x7D, 0xFF,
    0xDF, 0x5D, 0xFF, 0xD7, 0x1D, 0xFC, 0xA6, 0x3B, 0xFE, 0x4B, 0xD2, 0xB8,
    0x00, 0x00, 0x00, 0x33, 0x2C, 0x05, 0x00, 0x00, 0x00, 0x00, 0x00, 0x00,
    0x00, 0x00, 0x00, 0x00, 0x00, 0x00, 0x33, 0x33, 0x05, 0x00, 0x00, 0x00,
    0x43, 0x91, 0xA5, 0x95, 0xB9, 0xFF, 0xDF, 0x3D, 0xFD, 0xCE, 0xFD, 0xFF,
    0xBE, 0xBD, 0xFF, 0xB6, 0x9D, 0xFF, 0xC6, 0xDD, 0xFF, 0xCE, 0xFD, 0xFF,
    0xCE, 0xFD, 0xFF, 0xCE, 0xFD, 0xFF, 0xCE, 0xFD, 0xFF, 0xC6, 0xDD, 0xFF,
    0xBE, 0xBD, 0xFF, 0x9D, 0xFB, 0xFF, 0x43, 0xB2, 0xFF, 0x54, 0x14, 0xFF,
    0x9D, 0xFB, 0xFF, 0x9D, 0xFB, 0xFF, 0xB6, 0x7C, 0xFF, 0xCE, 0xDD, 0xFF,
    0xCE, 0xFD, 0xFF, 0xCE, 0xFD, 0xFF, 0xD7, 0x1D, 0xFF, 0xD7, 0x1D, 0xFF,
    0xD6, 0xFD, 0xFF, 0xBE, 0xBD, 0xFD, 0x85, 0x79, 0xFF, 0x4B, 0xD2, 0xA5,
    0x00, 0x00, 0x00, 0x64, 0xD3, 0x05, 0x00, 0x00, 0x00, 0x00, 0x00, 0x00,
    0x00, 0x00, 0x00, 0x00, 0x00, 0x00, 0x33, 0x33, 0x05, 0x00, 0x00, 0x00,
    0x3B, 0x50, 0xAF, 0x95, 0xDA, 0xFF, 0xD7, 0x1D, 0xFD, 0xCE, 0xFD, 0xFF,
    0xB6, 0x9D, 0xFF, 0xB6, 0x9D, 0xFF, 0xBE, 0xBD, 0xFF, 0xC6, 0xDD, 0xFF,
    0xC6, 0xDD, 0xFF, 0xC6, 0xDD, 0xFF, 0xBE, 0xBD, 0xFF, 0xBE, 0xBD, 0xFF,
    0xB6, 0x9D, 0xFF, 0x64, 0x75, 0xFF, 0x6C, 0xB7, 0xFF, 0x54, 0x14, 0xFF,
    0x74, 0xF7, 0xFF, 0x95, 0xFB, 0xFF, 0x9E, 0x1B, 0xFF, 0xB6, 0x7C, 0xFF,
    0xBE, 0xBD, 0xFF, 0xBE, 0xBD, 0xFF, 0xBE, 0xBD, 0xFF, 0xB6, 0x7C, 0xFF,
    0xAE, 0x3C, 0xFE, 0x95, 0xBA, 0xFF, 0x54, 0x13, 0xF2, 0x5C, 0x33, 0x51,
    0x00, 0x00, 0x00, 0x52, 0xB5, 0x03, 0x00, 0x00, 0x00, 0x00, 0x00, 0x00,
    0x00, 0x00, 0x00, 0x00, 0x00, 0x00, 0x33, 0x33, 0x05, 0x00, 0x00, 0x00,
    0x3B, 0x50, 0xAF, 0x95, 0xDA, 0xFF, 0xCE, 0xFD, 0xFD, 0xC6, 0xDD, 0xFF,
    0xB6, 0x9D, 0xFF, 0xB6, 0x7D, 0xFF, 0xB6, 0x9D, 0xFF, 0xBE, 0xBD, 0xFF,
    0xBE, 0xBD, 0xFF, 0xBE, 0xBD, 0xFF, 0xB6, 0x9D, 0xFF, 0xB6, 0x7D, 0xFF,
    0x74, 0xD7, 0xFF, 0x5C, 0x35, 0xFF, 0x8D, 0xBA, 0xFF, 0x6C, 0xD7, 0xFF,
    0x3B, 0x51, 0xFF, 0x54, 0x14, 0xFF, 0x6C, 0xB6, 0xFF, 0x74, 0xF7, 0xFF,
    0x7D, 0x38, 0xFF, 0x7D, 0x38, 0xFF, 0x7D, 0x18, 0xFF, 0x6C, 0xB6, 0xFF,
    0x5C, 0x34, 0xFF, 0x43, 0xB2, 0xFF, 0x5C, 0x13, 0x83, 0x00, 0x00, 0x00,
    0x03, 0xEF, 0x02, 0x00, 0x00, 0x00, 0x00, 0x00, 0x00, 0x00, 0x00, 0x00,
    0x00, 0x00, 0x00, 0x00, 0x00, 0x00, 0x2A, 0xAF, 0x06, 0x00, 0x00, 0x00,
    0x3B, 0x71, 0xA5, 0x85, 0x79, 0xFF, 0xBE, 0xBD, 0xFD, 0xBE, 0xBD, 0xFF,
    0xB6, 0x9D, 0xFF, 0xAE, 0x7D, 0xFF, 0xB6, 0x7D, 0xFF, 0xB6, 0x9D, 0xFF,
    0xB6, 0x9D, 0xFF, 0xB6, 0x7C, 0xFF, 0xA6, 0x1B, 0xFF, 0x6C, 0x96, 0xFF,
    0x54, 0x35, 0xFF, 0x8D, 0x9A, 0xFF, 0x85, 0x79, 0xFF, 0x54, 0x14, 0xFF,
    0x6C, 0x96, 0xFF, 0x85, 0x59, 0xFF, 0x6C, 0xB6, 0xFF, 0x64, 0x75, 0xFF,
    0x5C, 0x55, 0xFF, 0x5C, 0x55, 0xFF, 0x64, 0x75, 0xFF, 0x74, 0xD6, 0xFF,
    0x8D, 0x79, 0xFF, 0x6C, 0xB6, 0xFF, 0x4B, 0xB2, 0x9F, 0x00, 0x00, 0x00,
    0x7B, 0xEF, 0x02, 0x00, 0x00, 0x00, 0x00, 0x00, 0x00, 0x00, 0x00, 0x00,
    0x00, 0x00, 0x00, 0x00, 0x00, 0x00, 0x33, 0x33, 0x05, 0x00, 0x00, 0x00,
    0x43, 0x71, 0x8E, 0x74, 0xD7, 0xFF, 0xB6, 0x7C, 0xFF, 0xB6, 0x9D, 0xFF,
    0xB6, 0x9D, 0xFF, 0xAE, 0x7D, 0xFF, 0xAE, 0x7D, 0xFF, 0xB6, 0x9D, 0xFF,
    0xAE, 0x7D, 0xFF, 0xAE, 0x7D, 0xFF, 0x8D, 0x99, 0xFF, 0x74, 0xF8, 0xFF,
    0x9E, 0x1B, 0xFF, 0x95, 0xFB, 0xFF, 0x85, 0x59, 0xFF, 0x54, 0x14, 0xFF,
    0x8D, 0x9A, 0xFF, 0x9D, 0xFB, 0xFF, 0xAE, 0x5C, 0xFF, 0xC6, 0xDE, 0xFF,
    0xCF, 0x1E, 0xFF, 0xD7, 0x1E, 0xFF, 0xD7, 0x3E, 0xFF, 0xD7, 0x1E, 0xFF,
    0xC6, 0xDD, 0xFE, 0x8D, 0x9A, 0xFE, 0x4B, 0x92, 0xC7, 0x00, 0x00, 0x00,
    0x52, 0xB5, 0x03, 0x00, 0x00, 0x00, 0x00, 0x00, 0x00, 0x00, 0x00, 0x00,
    0x00, 0x00, 0x00, 0x00, 0x00, 0x00, 0x39, 0xEF, 0x04, 0x00, 0x00, 0x00,
    0x43, 0x71, 0x67, 0x54, 0x14, 0xFB, 0xA6, 0x1B, 0xFF, 0xAE, 0x7C, 0xFE,
    0xAE, 0x5C, 0xFF, 0xA6, 0x3C, 0xFF, 0xB6, 0x7D, 0xFF, 0xBE, 0xBD, 0xFF,
    0xB6, 0x9D, 0xFF, 0xB6, 0x9D, 0xFF, 0xC6, 0xDD, 0xFF, 0xC6, 0xFD, 0xFF,
    0xBE, 0xBD, 0xFF, 0xAE, 0x5C, 0xFF, 0x8D, 0x9A, 0xFF, 0x54, 0x34, 0xFF,
    0x6C, 0x96, 0xFF, 0x9E, 0x1C, 0xFF, 0xA6, 0x1C, 0xFF, 0xB6, 0x7C, 0xFF,
    0xBE, 0xBD, 0xFF, 0xC6, 0xDD, 0xFF, 0xC6, 0xBD, 0xFF, 0xB6, 0x9C, 0xFF,
    0xAE, 0x7C, 0xFE, 0x6C, 0x96, 0xFF, 0x4B, 0xB2, 0x94, 0x00, 0x00, 0x00,
    0x03, 0xEF, 0x02, 0x00, 0x00, 0x00, 0x00, 0x00, 0x00, 0x00, 0x00, 0x00,
    0x00, 0x00, 0x00, 0x00, 0x00, 0x00, 0x7B, 0xEF, 0x02, 0x00, 0x00, 0x00,
    0x5C, 0x12, 0x2B, 0x3B, 0x71, 0xED, 0x95, 0xDB, 0xFF, 0xA6, 0x1B, 0xFE,
    0x9D, 0xFB, 0xFF, 0x9D, 0xFB, 0xFF, 0xAE, 0x5C, 0xFF, 0xBE, 0xBD, 0xFF,
    0xBE, 0xBD, 0xFF, 0xC6, 0xDD, 0xFF, 0xCE, 0xFD, 0xFF, 0xC6, 0xDD, 0xFF,
    0xBE, 0xDD, 0xFF, 0xB6, 0x9D, 0xFF, 0x9D, 0xFB, 0xFF, 0x74, 0xF8, 0xFF,
    0x3B, 0x31, 0xFF, 0x4B, 0xD3, 0xFF, 0x6C, 0xB6, 0xFF, 0x85, 0x79, 0xFF,
    0x95, 0xDA, 0xFF, 0x9D, 0xFB, 0xFF, 0x95, 0xDA, 0xFF, 0x85, 0x79, 0xFE,
    0x64, 0x96, 0xFF, 0x43, 0x91, 0xDC, 0x64, 0x14, 0x1F, 0x00, 0x00, 0x00,
    0x00, 0x00, 0x01, 0x00, 0x00, 0x00, 0x00, 0x00, 0x00, 0x00, 0x00, 0x00,
    0x00, 0x00, 0x00, 0x00, 0x00, 0x00, 0x00, 0x00, 0x00, 0x03, 0xEF, 0x02,
    0xFF, 0xFF, 0x01, 0x3B, 0x51, 0xC9, 0x7D, 0x38, 0xFE, 0x95, 0xDB, 0xFE,
    0x95, 0xDA, 0xFF, 0x74, 0xF7, 0xFF, 0x8D, 0x9A, 0xFF, 0xAE, 0x5C, 0xFF,
    0xB6, 0x9D, 0xFF, 0xBE, 0xDD, 0xFF, 0xBE, 0xBD, 0xFF, 0xBE, 0xBD, 0xFF,
    0xBE, 0xBD, 0xFF, 0xB6, 0xBD, 0xFF, 0x9D, 0xFB, 0xFF, 0x64, 0x75, 0xFF,
    0x54, 0x14, 0xFF, 0x75, 0x18, 0xFF, 0x64, 0x75, 0xFF, 0x54, 0x14, 0xFF,
    0x43, 0xB2, 0xFF, 0x3B, 0x92, 0xFF, 0x43, 0x92, 0xFE, 0x43, 0xD3, 0xFF,
    0x43, 0x71, 0xE8, 0x4B, 0xB2, 0x2D, 0x00, 0x00, 0x00, 0x00, 0x00, 0x01,
    0x00, 0x00, 0x00, 0x00, 0x00, 0x00, 0x00, 0x00, 0x00, 0x00, 0x00, 0x00,
    0x00, 0x00, 0x00, 0x00, 0x00, 0x00, 0x00, 0x00, 0x00, 0x07, 0xFF, 0x01,
    0x00, 0x00, 0x00, 0x4B, 0x91, 0x63, 0x54, 0x14, 0xFF, 0x95, 0xDB, 0xFB,
    0xA6, 0x3C, 0xFC, 0x64, 0x75, 0xFC, 0x64, 0x75, 0xFB, 0x9D, 0xFB, 0xFC,
    0xA6, 0x3B, 0xFF, 0xAE, 0x7C, 0xFF, 0xB6, 0x9D, 0xFF, 0xBE, 0xBD, 0xFF,
    0xBE, 0xBD, 0xFF, 0xB6, 0x9D, 0xFF, 0x95, 0xDB, 0xFF, 0x54, 0x14, 0xFF,
    0x74, 0xF7, 0xFF, 0xA6, 0x3C, 0xFF, 0xAE, 0x3C, 0xFF, 0xB6, 0x7C, 0xFF,
    0xAE, 0x5C, 0xFF, 0xAE, 0x5C, 0xFF, 0xAE, 0x5C, 0xFE, 0x8D, 0x79, 0xFD,
    0x4B, 0xB2, 0xE8, 0x2A, 0x8D, 0x13, 0x00, 0x00, 0x01, 0x00, 0x1F, 0x01,
    0x00, 0x00, 0x00, 0x00, 0x00, 0x00, 0x00, 0x00, 0x00, 0x00, 0x00, 0x00,
    0x00, 0x00, 0x00, 0x00, 0x00, 0x00, 0x00, 0x00, 0x00, 0x00, 0x00, 0x00,
    0x00, 0x00, 0x00, 0xAD, 0x55, 0x06, 0x3B, 0x51, 0xC6, 0x64, 0x96, 0xFF,
    0x95, 0xBA, 0xFF, 0x7D, 0x39, 0xFF, 0x43, 0x93, 0xFF, 0x6C, 0xD7, 0xFF,
    0x95, 0xDB, 0xFB, 0xA6, 0x1B, 0xFC, 0xA6, 0x1C, 0xFE, 0xA6, 0x3C, 0xFF,
    0xA6, 0x3C, 0xFF, 0x9E, 0x1B, 0xFF, 0x95, 0xBA, 0xFF, 0x64, 0x96, 0xFF,
    0x53, 0xF3, 0xFF, 0x8D, 0x9A, 0xFE, 0xA6, 0x3C, 0xFC, 0xBE, 0xBD, 0xFB,
    0xBE, 0xBD, 0xFC, 0xB6, 0x9D, 0xFC, 0xB6, 0x7D, 0xF7, 0x74, 0xF8, 0xFF,
    0x43, 0x71, 0xC0, 0x4B, 0xB1, 0x0D, 0x00, 0x00, 0x00, 0x00, 0x00, 0x01,
    0x00, 0x00, 0x00, 0x00, 0x00, 0x00, 0x00, 0x00, 0x00, 0x00, 0x00, 0x00,
    0x00, 0x00, 0x00, 0x00, 0x00, 0x00, 0x00, 0x00, 0x00, 0x00, 0x00, 0x00,
    0x00, 0x00, 0x00, 0x00, 0x00, 0x00, 0x53, 0xB2, 0x23, 0x3B, 0x30, 0xA2,
    0x43, 0x92, 0xCB, 0x43, 0x92, 0xCC, 0x3B, 0x51, 0xA6, 0x3B, 0x50, 0xC8,
    0x64, 0x76, 0xFF, 0x7D, 0x39, 0xFF, 0x8D, 0x9A, 0xFC, 0x9D, 0xFC, 0xFA,
    0x9E, 0x1C, 0xFA, 0x96, 0x1B, 0xFB, 0x9E, 0x1C, 0xFA, 0x9D, 0xFB, 0xFA,
    0x54, 0x14, 0xFA, 0x43, 0x92, 0xFF, 0x64, 0x96, 0xFF, 0x7D, 0x18, 0xFF,
    0x85, 0x59, 0xFF, 0x7D, 0x39, 0xFF, 0x6C, 0xB7, 0xFF, 0x43, 0xB2, 0xE4,
    0x4B, 0x92, 0x42, 0x00, 0x00, 0x00, 0x07, 0xFF, 0x01, 0x00, 0x00, 0x00,
    0x00, 0x00, 0x00, 0x00, 0x00, 0x00, 0x00, 0x00, 0x00, 0x00, 0x00, 0x00,
    0x00, 0x00, 0x00, 0x00, 0x00, 0x00, 0x00, 0x00, 0x00, 0x00, 0x00, 0x00,
    0x00, 0x00, 0x00, 0x00, 0x00, 0x00, 0x00, 0x00, 0x00, 0x00, 0x00, 0x00,
    0x54, 0x13, 0x1D, 0x4B, 0xD2, 0x1F, 0x00, 0x00, 0x00, 0x74, 0x93, 0x1C,
    0x33, 0x10, 0x74, 0x43, 0x92, 0xCA, 0x53, 0xF4, 0xFF, 0x5C, 0x55, 0xFF,
    0x64, 0x96, 0xFF, 0x64, 0xB7, 0xFF, 0x64, 0x96, 0xFF, 0x64, 0x76, 0xFF,
    0x54, 0x35, 0xFF, 0x3B, 0x51, 0xF4, 0x33, 0x10, 0xCA, 0x43, 0x91, 0xB5,
    0x43, 0xB2, 0xC1, 0x43, 0x92, 0xBD, 0x33, 0x30, 0x91, 0x43, 0x70, 0x36,
    0x00, 0x00, 0x00, 0x00, 0x00, 0x00, 0x07, 0xFF, 0x01, 0x00, 0x00, 0x00,
    0x00, 0x00, 0x00, 0x00, 0x00, 0x00, 0x00, 0x00, 0x00, 0x00, 0x00, 0x00,
    0x00, 0x00, 0x00, 0x00, 0x00, 0x00, 0x00, 0x00, 0x00, 0x00, 0x00, 0x00,
    0x00, 0x00, 0x00, 0x00, 0x00, 0x00, 0x7B, 0xEF, 0x02, 0x03, 0xEF, 0x02,
    0x00, 0x00, 0x00, 0x00, 0x00, 0x00, 0x00, 0x00, 0x02, 0x00, 0x00, 0x00,
    0x00, 0x00, 0x00, 0x5C, 0x32, 0x1B, 0x33, 0x0F, 0x3C, 0x32, 0xEF, 0x5D,
    0x33, 0x30, 0x74, 0x3B, 0x51, 0x7C, 0x33, 0x31, 0x77, 0x33, 0x10, 0x67,
    0x33, 0x10, 0x4A, 0x4B, 0xB2, 0x31, 0x7D, 0x16, 0x1B, 0x9D, 0x77, 0x10,
    0x5B, 0xF2, 0x16, 0x64, 0x33, 0x15, 0x00, 0x00, 0x00, 0x00, 0x00, 0x00,
    0x03, 0xEF, 0x02, 0x00, 0x00, 0x00, 0x00, 0x00, 0x00, 0x00, 0x00, 0x00,
    0x00, 0x00, 0x00, 0x00, 0x00, 0x00, 0x00, 0x00, 0x00, 0x00, 0x00, 0x00,
    0x00, 0x00, 0x00, 0x00, 0x00, 0x00, 0x00, 0x00, 0x00, 0x00, 0x00, 0x00,
    0x00, 0x00, 0x00, 0x00, 0x00, 0x00, 0x00, 0x00, 0x00, 0x00, 0x00, 0x01,
    0x7B, 0xEF, 0x02, 0x7B, 0xEF, 0x02, 0x00, 0x1F, 0x01, 0x7B, 0xEF, 0x02,
    0x02, 0xAA, 0x03, 0x00, 0x00, 0x00, 0x00, 0x00, 0x00, 0x00, 0x00, 0x00,
    0x00, 0x00, 0x00, 0x00, 0x00, 0x00, 0x00, 0x00, 0x00, 0x00, 0x00, 0x00,
    0x00, 0x00, 0x00, 0x00, 0x00, 0x00, 0x00, 0x00, 0x00, 0x00, 0x00, 0x00,
    0x00, 0x00, 0x00, 0x00, 0x00, 0x00, 0x00, 0x00, 0x01, 0x52, 0xB5, 0x03,
    0x00, 0x00, 0x00, 0x00, 0x00, 0x00, 0x00, 0x00, 0x00, 0x00, 0x00, 0x00,
    0x00, 0x00, 0x00, 0x00, 0x00, 0x00, 0x00, 0x00, 0x00, 0x00, 0x00, 0x00,
};

const lv_img_dsc_t img_gesture_good = {
    .header.cf = LV_IMG_CF_TRUE_COLOR_ALPHA,
    .header.always_zero = 0,
    .header.reserved = 0,
    .header.w = 36,
    .header.h = 36,
    .data_size = 3888,
    .data = img_gesture_good_data,
};

/* gesture: love (36x36) */
static const uint8_t img_gesture_love_data[3888] = {
    0x00, 0x00, 0x00, 0x00, 0x00, 0x00, 0x00, 0x00, 0x00, 0x00, 0x00, 0x00,
    0x00, 0x00, 0x00, 0x00, 0x00, 0x00, 0x00, 0x00, 0x00, 0x00, 0x00, 0x00,
    0x00, 0x00, 0x00, 0x00, 0x00, 0x00, 0x00, 0x1F, 0x01, 0x00, 0x00, 0x00,
    0x01, 0xD1, 0x12, 0x02, 0x94, 0x19, 0x00, 0x0F, 0x04, 0x00, 0x00, 0x00,
    0x00, 0x00, 0x00, 0x00, 0x00, 0x00, 0x00, 0x00, 0x00, 0x00, 0x00, 0x00,
    0x00, 0x00, 0x00, 0x00, 0x00, 0x00, 0x00, 0x00, 0x00, 0x00, 0x00, 0x00,
    0x00, 0x00, 0x00, 0x00, 0x00, 0x00, 0x00, 0x00, 0x00, 0x00, 0x00, 0x00,
    0x00, 0x00, 0x00, 0x00, 0x00, 0x00, 0x00, 0x00, 0x00, 0x00, 0x00, 0x00,
    0x00, 0x00, 0x00, 0x00, 0x00, 0x00, 0x00, 0x00, 0x00, 0x00, 0x00, 0x00,
    0x00, 0x00, 0x00, 0x00, 0x00, 0x00, 0x00, 0x00, 0x00, 0x00, 0x00, 0x00,
    0x00, 0x00, 0x00, 0x00, 0x00, 0x00, 0x00, 0x00, 0x00, 0x00, 0x00, 0x00,
    0x00, 0x00, 0x00, 0x00, 0x1F, 0x01, 0x00, 0x00, 0x00, 0x2B, 0xD6, 0x46,
    0x65, 0x19, 0xCC, 0x75, 0x59, 0xED, 0x54, 0x97, 0x8C, 0x02, 0x52, 0x0E,
    0x03, 0xFF, 0x02, 0x00, 0x1F, 0x01, 0x00, 0x00, 0x00, 0x00, 0x00, 0x00,
    0x00, 0x00, 0x00, 0x00, 0x00, 0x00, 0x00, 0x00, 0x00, 0x00, 0x00, 0x00,
    0x00, 0x00, 0x00, 0x00, 0x00, 0x00, 0x00, 0x00, 0x00, 0x00, 0x00, 0x00,
    0x00, 0x00, 0x00, 0x00, 0x00, 0x00, 0x00, 0x00, 0x00, 0x00, 0x00, 0x00,
    0x00, 0x00, 0x00, 0x00, 0x00, 0x00, 0x00, 0x00, 0x00, 0x00, 0x00, 0x00,
    0x00, 0x00, 0x00, 0x00, 0x00, 0x00, 0x00, 0x00, 0x00, 0x00, 0x00, 0x00,
    0x00, 0x00, 0x00, 0x00, 0x00, 0x00, 0x00, 0x00, 0x00, 0x00, 0x00, 0x00,
    0x00, 0x00, 0x01, 0xFF, 0xFF, 0x01, 0x0B, 0x73, 0x10, 0x5C, 0xF9, 0xE2,
    0xE7, 0xBF, 0xFF, 0xF7, 0xDF, 0xFD, 0x9E, 0x3C, 0xFF, 0x2B, 0xF6, 0x5C,
    0x00, 0x00, 0x00, 0x3B, 0xFF, 0x04, 0x00, 0x00, 0x00, 0x00, 0x00, 0x00,
    0x00, 0x00, 0x00, 0x00, 0x00, 0x00, 0x00, 0x00, 0x00, 0x00, 0x00, 0x00,
    0x00, 0x00, 0x00, 0x00, 0x00, 0x00, 0x00, 0x00, 0x00, 0x00, 0x00, 0x00,
    0x00, 0x00, 0x00, 0x00, 0x00, 0x00, 0x00, 0x00, 0x00, 0x00, 0x00, 0x00,
    0x00, 0x00, 0x00, 0x00, 0x00, 0x00, 0x00, 0x00, 0x00, 0x00, 0x00, 0x00,
    0x00, 0x00, 0x00, 0x00, 0x00, 0x00, 0x00, 0x00, 0x00, 0x00, 0x00, 0x00,
    0x00, 0x00, 0x00, 0x00, 0x00, 0x00, 0x00, 0x00, 0x00, 0x00, 0x00, 0x00,
    0x55, 0x55, 0x03, 0x00, 0x00, 0x00, 0x1B, 0x74, 0x49, 0x9E, 0x1B, 0xF3,
    0xEF, 0xDF, 0xFD, 0xEF, 0x9E, 0xF7, 0xC7, 0x1F, 0xFD, 0x5C, 0xD8, 0x90,
    0x00, 0x00, 0x01, 0xFF, 0xFF, 0x01, 0x00, 0x1F, 0x01, 0x00, 0x00, 0x00,
    0x00, 0x00, 0x00, 0x00, 0x00, 0x00, 0x00, 0x00, 0x00, 0x00, 0x00, 0x00,
    0x00, 0x00, 0x00, 0x00, 0x00, 0x00, 0x00, 0x00, 0x00, 0x00, 0x00, 0x00,
    0x00, 0x00, 0x00, 0x00, 0x1F, 0x01, 0x00, 0x00, 0x00, 0x00, 0x00, 0x00,
    0x00, 0x00, 0x00, 0x00, 0x00, 0x00, 0x00, 0x00, 0x00, 0x00, 0x00, 0x00,
    0x00, 0x00, 0x00, 0x00, 0x00, 0x00, 0x00, 0x00, 0x00, 0x00, 0x00, 0x00,
    0x00, 0x00, 0x00, 0x00, 0x00, 0x00, 0x00, 0x00, 0x00, 0x00, 0x00, 0x00,
    0x3B, 0xF7, 0x04, 0x00, 0x00, 0x00, 0x1B, 0xB6, 0x67, 0xAE, 0x5C, 0xFA,
    0xE7, 0x9F, 0xFF, 0xE7, 0x7E, 0xFB, 0xCF, 0x1E, 0xFF, 0x64, 0xF9, 0xB1,
    0x01, 0xCE, 0x0D, 0x00, 0x00, 0x00, 0x07, 0xFF, 0x01, 0x00, 0x00, 0x00,
    0x00, 0x00, 0x00, 0x00, 0x00, 0x00, 0x00, 0x00, 0x00, 0x00, 0x00, 0x00,
    0x00, 0x00, 0x00, 0x00, 0x00, 0x00, 0x00, 0x00, 0x00, 0x00, 0x00, 0x00,
    0x00, 0x00, 0x00, 0x00, 0x00, 0x00, 0x00, 0x00, 0x00, 0x00, 0x00, 0x00,
    0x00, 0x00, 0x00, 0x00, 0x00, 0x00, 0x00, 0x00, 0x00, 0x00, 0x00, 0x00,
    0x00, 0x00, 0x00, 0x00, 0x00, 0x00, 0x00, 0x00, 0x00, 0x00, 0x00, 0x00,
    0x00, 0x00, 0x00, 0x00, 0x00, 0x00, 0x00, 0x00, 0x00, 0x00, 0x00, 0x00,
    0x3B, 0xF7, 0x04, 0x00, 0x00, 0x00, 0x1B, 0xB6, 0x73, 0xAE, 0x7C, 0xFE,
    0xE7, 0x7E, 0xFF, 0xDF, 0x5E, 0xFB, 0xCF, 0x1E, 0xFF, 0x6D, 0x19, 0xC6,
    0x02, 0x72, 0x1A, 0x00, 0x00, 0x00, 0x03, 0xEF, 0x02, 0x00, 0x00, 0x00,
    0x00, 0x00, 0x00, 0x00, 0x00, 0x00, 0x00, 0x00, 0x00, 0x00, 0x00, 0x00,
    0x00, 0x00, 0x00, 0x00, 0x00, 0x00, 0x00, 0x00, 0x00, 0x00, 0x00, 0x00,
    0x00, 0x0A, 0x03, 0x23, 0xB6, 0x34, 0x1B, 0x55, 0x1F, 0x00, 0x00, 0x00,
    0x00, 0x00, 0x00, 0x00, 0x00, 0x00, 0x00, 0x00, 0x00, 0x00, 0x00, 0x00,
    0x00, 0x00, 0x00, 0x00, 0x00, 0x00, 0x00, 0x00, 0x00, 0x00, 0x00, 0x00,
    0x00, 0x00, 0x00, 0x00, 0x00, 0x00, 0x00, 0x00, 0x00, 0x00, 0x00, 0x00,
    0x3B, 0xF7, 0x04, 0x00, 0x00, 0x00, 0x1B, 0xD6, 0x6F, 0xA6, 0x5C, 0xFD,
    0xDF, 0x5E, 0xFF, 0xCE, 0xFD, 0xFC, 0xCF, 0x1E, 0xFF, 0x6D, 0x19, 0xD2,
    0x02, 0x93, 0x1F, 0x00, 0x00, 0x00, 0x03, 0xEF, 0x02, 0x00, 0x00, 0x00,
    0x00, 0x00, 0x00, 0x00, 0x00, 0x00, 0x00, 0x00, 0x00, 0x00, 0x00, 0x00,
    0x00, 0x00, 0x00, 0x00, 0x00, 0x02, 0x7B, 0xFF, 0x02, 0x01, 0xF3, 0x08,
    0x54, 0x98, 0xAF, 0x96, 0x3C, 0xFD, 0x7D, 0x9A, 0xF4, 0x33, 0xF6, 0x6A,
    0x00, 0x00, 0x00, 0x55, 0x55, 0x03, 0x00, 0x00, 0x00, 0x00, 0x00, 0x00,
    0x00, 0x00, 0x00, 0x00, 0x00, 0x00, 0x00, 0x00, 0x00, 0x00, 0x00, 0x00,
    0x00, 0x00, 0x00, 0x00, 0x00, 0x00, 0x00, 0x00, 0x00, 0x00, 0x00, 0x00,
    0x3B, 0xF7, 0x04, 0x00, 0x00, 0x00, 0x1B, 0xB6, 0x61, 0x9E, 0x1B, 0xFA,
    0xD7, 0x3E, 0xFF, 0xC6, 0xDE, 0xFC, 0xC6, 0xFE, 0xFF, 0x6D, 0x3A, 0xD7,
    0x02, 0x93, 0x22, 0xAA, 0xB5, 0x03, 0x5C, 0xF7, 0x08, 0x7D, 0x5A, 0x06,
    0x3B, 0xF7, 0x04, 0x00, 0x00, 0x01, 0x00, 0x00, 0x00, 0x00, 0x00, 0x00,
    0x00, 0x00, 0x00, 0x34, 0xD3, 0x05, 0x00, 0x00, 0x00, 0x2B, 0xD6, 0x71,
    0xB6, 0xBD, 0xFF, 0xFF, 0xFF, 0xFE, 0xDF, 0x7F, 0xFF, 0x65, 0x19, 0xD0,
    0x02, 0xB5, 0x06, 0xFF, 0xFF, 0x02, 0x00, 0x1F, 0x01, 0x00, 0x00, 0x00,
    0x00, 0x00, 0x00, 0x00, 0x00, 0x00, 0x00, 0x00, 0x00, 0x00, 0x00, 0x00,
    0x00, 0x00, 0x00, 0x00, 0x00, 0x00, 0x00, 0x00, 0x00, 0x00, 0x00, 0x00,
    0x55, 0x55, 0x03, 0x00, 0x00, 0x00, 0x1B, 0xB6, 0x4E, 0x8D, 0xDB, 0xF5,
    0xCF, 0x1E, 0xFF, 0xBE, 0xDD, 0xFC, 0xC6, 0xDE, 0xFF, 0x6D, 0x3A, 0xDC,
    0x02, 0xF4, 0x28, 0x00, 0x00, 0x00, 0x00, 0x00, 0x00, 0x00, 0x00, 0x00,
    0x00, 0x00, 0x00, 0x00, 0x00, 0x00, 0x52, 0xB5, 0x03, 0x64, 0xD9, 0x05,
    0x34, 0xD9, 0x05, 0xFF, 0xFF, 0x02, 0x1A, 0x73, 0x0A, 0x6D, 0x19, 0xB6,
    0xDF, 0x9F, 0xFF, 0xEF, 0x9E, 0xF8, 0xD7, 0x5E, 0xFF, 0x75, 0x5A, 0xD3,
    0x02, 0xB1, 0x18, 0x00, 0x00, 0x00, 0x03, 0xEF, 0x02, 0x00, 0x00, 0x00,
    0x00, 0x00, 0x00, 0x00, 0x00, 0x00, 0x00, 0x00, 0x00, 0x00, 0x00, 0x00,
    0x00, 0x00, 0x00, 0x00, 0x00, 0x00, 0x00, 0x00, 0x00, 0x00, 0x00, 0x00,
    0x03, 0xEF, 0x02, 0x00, 0x00, 0x00, 0x1B, 0x95, 0x3B, 0x85, 0x9B, 0xF1,
    0xC6, 0xFE, 0xFF, 0xBE, 0xBD, 0xFC, 0xC6, 0xDE, 0xFF, 0x6D, 0x3A, 0xE7,
    0x02, 0xF4, 0x20, 0x1B, 0x75, 0x30, 0x54, 0xB8, 0x94, 0x5C, 0xD9, 0x99,
    0x23, 0xD5, 0x5B, 0x03, 0x33, 0x05, 0x00, 0x00, 0x00, 0x00, 0x00, 0x00,
    0x00, 0x00, 0x00, 0x00, 0x00, 0x00, 0x02, 0xB4, 0x33, 0x8D, 0xDB, 0xE1,
    0xE7, 0x7F, 0xFF, 0xDF, 0x5E, 0xFB, 0xCF, 0x3E, 0xFF, 0x64, 0xF9, 0xCB,
    0x02, 0xAF, 0x06, 0xFF, 0xFF, 0x01, 0x00, 0x00, 0x01, 0x00, 0x00, 0x00,
    0x00, 0x00, 0x00, 0x00, 0x00, 0x00, 0x00, 0x00, 0x00, 0x00, 0x00, 0x00,
    0x00, 0x00, 0x00, 0x00, 0x00, 0x00, 0x00, 0x00, 0x00, 0x00, 0x00, 0x00,
    0x03, 0xEF, 0x02, 0x00, 0x00, 0x00, 0x13, 0x34, 0x28, 0x7D, 0x7A, 0xEB,
    0xC6, 0xFE, 0xFF, 0xBE, 0xBD, 0xFD, 0xC6, 0xFE, 0xFF, 0x75, 0x5A, 0xED,
    0x0B, 0x75, 0x50, 0x75, 0x5A, 0xCA, 0xCF, 0x5F, 0xFF, 0xDF, 0x9F, 0xFF,
    0x9E, 0x5D, 0xF8, 0x44, 0x57, 0x5D, 0x23, 0xB5, 0x4D, 0x4C, 0x77, 0xA4,
    0x34, 0x16, 0x7C, 0x00, 0x00, 0x02, 0x2B, 0xF6, 0x54, 0x9E, 0x5D, 0xFD,
    0xD7, 0x3E, 0xFC, 0xCF, 0x1E, 0xFC, 0xB6, 0xBE, 0xFF, 0x4C, 0x98, 0xAF,
    0x00, 0x00, 0x00, 0x53, 0xF5, 0x06, 0x00, 0x00, 0x00, 0x00, 0x00, 0x00,
    0x00, 0x00, 0x00, 0x00, 0x00, 0x00, 0x00, 0x00, 0x00, 0x00, 0x00, 0x00,
    0x00, 0x00, 0x00, 0x00, 0x00, 0x00, 0x00, 0x00, 0x00, 0x00, 0x00, 0x00,
    0x07, 0xFF, 0x01, 0x00, 0x00, 0x00, 0x02, 0x92, 0x16, 0x75, 0x5A, 0xE7,
    0xC6, 0xFE, 0xFF, 0xBE, 0xBD, 0xFD, 0xC6, 0xFE, 0xFF, 0x7D, 0x9A, 0xED,
    0x34, 0x17, 0xC3, 0xAE, 0x7C, 0xFB, 0xEF, 0xBF, 0xFA, 0xF7, 0xBF, 0xF8,
    0xD7, 0x5E, 0xFF, 0x54, 0xB8, 0xEE, 0x95, 0xFB, 0xF1, 0xE7, 0x9F, 0xFF,
    0xBE, 0xDE, 0xFF, 0x5C, 0xB8, 0xAC, 0x4C, 0x97, 0x8D, 0xB6, 0xDF, 0xFF,
    0xCE, 0xFE, 0xFA, 0xC6, 0xDE, 0xFF, 0x9E, 0x1C, 0xFD, 0x2B, 0xF6, 0x77,
    0x00, 0x00, 0x00, 0x3B, 0xF7, 0x04, 0x00, 0x00, 0x00, 0x00, 0x00, 0x00,
    0x00, 0x00, 0x00, 0x00, 0x00, 0x00, 0x00, 0x00, 0x00, 0x07, 0xFF, 0x01,
    0x55, 0x55, 0x03, 0x55, 0x55, 0x03, 0x03, 0xEF, 0x02, 0x00, 0x00, 0x00,
    0x00, 0x00, 0x01, 0x00, 0x00, 0x00, 0x00, 0xEB, 0x08, 0x6D, 0x3A, 0xE3,
    0xC6, 0xFE, 0xFF, 0xBE, 0xBD, 0xFE, 0xC6, 0xDE, 0xFF, 0x7D, 0x7B, 0xFB,
    0x44, 0x79, 0xFE, 0x9E, 0x1C, 0xFE, 0xD7, 0x3E, 0xFF, 0xDF, 0x3E, 0xFF,
    0xC6, 0xDD, 0xFE, 0x7D, 0x9B, 0xFF, 0xCF, 0x1E, 0xFF, 0xEF, 0xBE, 0xFD,
    0xEF, 0x9F, 0xFF, 0x8D, 0xDB, 0xFF, 0x54, 0xB9, 0xF5, 0xC6, 0xDE, 0xFF,
    0xBE, 0xDD, 0xFE, 0xBE, 0xDE, 0xFF, 0x7D, 0x5A, 0xF0, 0x1B, 0x74, 0x31,
    0x00, 0x00, 0x00, 0x03, 0xFF, 0x02, 0x00, 0x00, 0x00, 0x00, 0x00, 0x00,
    0x00, 0x00, 0x00, 0x00, 0x00, 0x00, 0x55, 0x55, 0x03, 0x00, 0x00, 0x00,
    0x00, 0x00, 0x00, 0x00, 0x00, 0x00, 0x00, 0x00, 0x00, 0x34, 0xD3, 0x05,
    0x00, 0x00, 0x00, 0xFF, 0xFF, 0x01, 0x00, 0x00, 0x00, 0x64, 0xF9, 0xE1,
    0xBE, 0xFE, 0xFF, 0xBE, 0xBD, 0xFE, 0xC6, 0xDD, 0xFF, 0x85, 0x9B, 0xFF,
    0x44, 0x78, 0xFF, 0xA6, 0x5C, 0xFF, 0xCE, 0xFE, 0xFF, 0xCE, 0xFE, 0xFF,
    0xAE, 0x7D, 0xFF, 0x8D, 0xDB, 0xFF, 0xCE, 0xFD, 0xFE, 0xDF, 0x5E, 0xFF,
    0xDF, 0x5E, 0xFF, 0x85, 0xBB, 0xFF, 0x65, 0x1A, 0xFF, 0xCE, 0xFE, 0xFF,
    0xBE, 0xBD, 0xFE, 0xB6, 0x9E, 0xFF, 0x54, 0xB8, 0xD3, 0x00, 0x00, 0x00,
    0xFF, 0xFF, 0x01, 0x00, 0x00, 0x00, 0x00, 0x00, 0x00, 0x00, 0x00, 0x00,
    0x00, 0x00, 0x00, 0x00, 0x1F, 0x01, 0x00, 0x00, 0x00, 0x00, 0x0C, 0x0A,
    0x02, 0x53, 0x36, 0x02, 0x52, 0x35, 0x00, 0x8E, 0x0D, 0x00, 0x00, 0x00,
    0x55, 0x55, 0x03, 0x55, 0x55, 0x03, 0x00, 0x00, 0x00, 0x54, 0xD9, 0xDE,
    0xB6, 0x9D, 0xFF, 0xBE, 0xDD, 0xFE, 0xB6, 0x9D, 0xFF, 0x75, 0x5A, 0xFF,
    0x3C, 0x58, 0xFF, 0xAE, 0x5C, 0xFF, 0xC6, 0xDD, 0xFF, 0xC6, 0xFE, 0xFF,
    0x96, 0x1C, 0xFF, 0x8D, 0xDB, 0xFF, 0xC6, 0xDD, 0xFF, 0xC6, 0xFE, 0xFF,
    0xC6, 0xDD, 0xFF, 0x75, 0x3A, 0xFF, 0x7D, 0x7A, 0xFF, 0xC6, 0xFE, 0xFF,
    0xBE, 0xBD, 0xFF, 0x9D, 0xFC, 0xFF, 0x3C, 0x37, 0x8D, 0x00, 0x00, 0x01,
    0x7B, 0xFF, 0x02, 0x00, 0x00, 0x00, 0x00, 0x00, 0x00, 0x00, 0x00, 0x00,
    0xFF, 0xFF, 0x01, 0x00, 0x00, 0x00, 0x1B, 0xB5, 0x39, 0x65, 0x19, 0xB8,
    0x9E, 0x1B, 0xE2, 0x9E, 0x3B, 0xE2, 0x75, 0x5A, 0xBB, 0x23, 0xB6, 0x5E,
    0x00, 0x00, 0x00, 0x55, 0x55, 0x03, 0x00, 0x00, 0x00, 0x54, 0xD9, 0xDD,
    0x9E, 0x1C, 0xFF, 0x95, 0xDB, 0xFE, 0x7D, 0x7A, 0xFF, 0x85, 0x9B, 0xFF,
    0x5C, 0xD9, 0xFF, 0x9E, 0x1C, 0xFF, 0xC6, 0xDD, 0xFF, 0xCE, 0xFE, 0xFF,
    0x8D, 0xBB, 0xFF, 0x8D, 0xDB, 0xFF, 0xCF, 0x1E, 0xFF, 0xBE, 0xDD, 0xFF,
    0xAE, 0x7C, 0xFF, 0x5C, 0xD9, 0xFF, 0xA6, 0x3C, 0xFF, 0xBE, 0xDD, 0xFF,
    0xBE, 0xBD, 0xFF, 0x75, 0x5A, 0xFF, 0x2B, 0xF5, 0x40, 0x00, 0x00, 0x00,
    0x00, 0x00, 0x01, 0x00, 0x00, 0x00, 0x00, 0x00, 0x00, 0x00, 0x00, 0x00,
    0xF8, 0x1F, 0x01, 0x02, 0x72, 0x17, 0x64, 0xF9, 0xC2, 0xCF, 0x5F, 0xFF,
    0xF7, 0xDF, 0xFF, 0xFF, 0xFF, 0xFF, 0xEF, 0xDF, 0xFF, 0x9E, 0x3C, 0xFA,
    0x34, 0x37, 0x7D, 0x00, 0x00, 0x00, 0x00, 0x00, 0x00, 0x54, 0xB9, 0xE0,
    0x9E, 0x1C, 0xFF, 0xB6, 0x7C, 0xFE, 0xC6, 0xFD, 0xFF, 0xDF, 0x5E, 0xFF,
    0x9E, 0x1B, 0xFF, 0x85, 0x7A, 0xFF, 0xB6, 0x7D, 0xFF, 0xBE, 0xBD, 0xFF,
    0x75, 0x5A, 0xFF, 0x95, 0xFB, 0xFF, 0xCE, 0xFE, 0xFF, 0xBE, 0xDD, 0xFF,
    0x8D, 0xBB, 0xFF, 0x44, 0x58, 0xFF, 0x9D, 0xFC, 0xFF, 0xC6, 0xDD, 0xFF,
    0xAE, 0x7D, 0xFF, 0x5C, 0xB8, 0xEB, 0x1A, 0xB1, 0x09, 0x00, 0x00, 0x00,
    0x00, 0x00, 0x00, 0x00, 0x00, 0x00, 0x00, 0x00, 0x00, 0x00, 0x00, 0x00,
    0x00, 0x00, 0x00, 0x02, 0x32, 0x24, 0x75, 0x5A, 0xDF, 0xDF, 0x5F, 0xFC,
    0xDF, 0x5E, 0xFA, 0xE7, 0x7E, 0xFD, 0xEF, 0xBF, 0xFA, 0xEF, 0xBF, 0xFE,
    0x8D, 0xDB, 0xFE, 0x23, 0xD6, 0x5A, 0x00, 0x00, 0x00, 0x5C, 0xD9, 0xE5,
    0xB6, 0x9D, 0xFF, 0xD7, 0x1E, 0xFE, 0xDF, 0x5E, 0xFF, 0xDF, 0x5E, 0xFF,
    0xC6, 0xDD, 0xFF, 0x64, 0xF9, 0xFF, 0x95, 0xDB, 0xFF, 0x85, 0x9B, 0xFF,
    0x4C, 0x98, 0xFF, 0x8D, 0xBB, 0xFF, 0xBE, 0x9D, 0xFF, 0x9E, 0x1C, 0xFF,
    0x64, 0xF9, 0xFF, 0x95, 0xDB, 0xFF, 0x85, 0xBB, 0xFF, 0x8D, 0xBB, 0xFE,
    0x9E, 0x1C, 0xFF, 0x4C, 0x77, 0xB2, 0x00, 0x00, 0x00, 0x00, 0x00, 0x00,
    0x00, 0x00, 0x00, 0x00, 0x00, 0x00, 0x00, 0x00, 0x00, 0x00, 0x00, 0x00,
    0xFF, 0xFF, 0x01, 0x00, 0x00, 0x00, 0x44, 0x58, 0x7D, 0x96, 0x1D, 0xFF,
    0xCE, 0xFE, 0xFC, 0xCF, 0x1D, 0xFE, 0xD7, 0x3E, 0xFF, 0xDF, 0x5E, 0xFB,
    0xCF, 0x1E, 0xFF, 0x5C, 0xF9, 0xD9, 0x0B, 0x14, 0x4A, 0x6D, 0x3A, 0xE2,
    0xB6, 0xBD, 0xFF, 0xC6, 0xDD, 0xFE, 0xBE, 0xBD, 0xFF, 0xBE, 0xBD, 0xFF,
    0xBE, 0xBD, 0xFF, 0x85, 0xBB, 0xFF, 0x5C, 0xD9, 0xFF, 0x6D, 0x3A, 0xFF,
    0x75, 0x5A, 0xFF, 0x64, 0xF9, 0xFF, 0x85, 0x7A, 0xFF, 0x64, 0xF9, 0xFF,
    0x7D, 0x7A, 0xFF, 0xD7, 0x3E, 0xFF, 0xCF, 0x1D, 0xFF, 0xA6, 0x1C, 0xFD,
    0x85, 0xBB, 0xFF, 0x44, 0x57, 0x7D, 0x00, 0x00, 0x00, 0x00, 0x00, 0x00,
    0x00, 0x00, 0x00, 0x00, 0x00, 0x00, 0x00, 0x00, 0x00, 0x00, 0x00, 0x00,
    0x03, 0xEF, 0x02, 0x00, 0x00, 0x00, 0x00, 0x00, 0x02, 0x34, 0x17, 0x86,
    0x85, 0xBB, 0xFE, 0xC6, 0xFE, 0xFB, 0xC6, 0xDD, 0xFE, 0xC6, 0xDE, 0xFF,
    0xC6, 0xFE, 0xFD, 0x9E, 0x3D, 0xFF, 0x3C, 0x57, 0xD7, 0x5C, 0xD9, 0xF4,
    0x95, 0xDB, 0xFF, 0xA6, 0x1C, 0xFF, 0x9D, 0xFB, 0xFF, 0x95, 0xFB, 0xFF,
    0x95, 0xFB, 0xFF, 0x9D, 0xFB, 0xFF, 0x95, 0xDB, 0xFF, 0x9E, 0x1B, 0xFF,
    0xA6, 0x3C, 0xFF, 0x85, 0x9B, 0xFF, 0x6D, 0x1A, 0xFF, 0x85, 0x9B, 0xFF,
    0xBE, 0xBD, 0xFF, 0xCF, 0x1D, 0xFF, 0xD7, 0x1D, 0xFF, 0xBE, 0x9D, 0xFD,
    0x7D, 0x7B, 0xFF, 0x44, 0x57, 0x55, 0x00, 0x00, 0x00, 0x00, 0x00, 0x00,
    0x00, 0x00, 0x00, 0x00, 0x00, 0x00, 0x00, 0x00, 0x00, 0x00, 0x00, 0x00,
    0x00, 0x00, 0x00, 0x07, 0xFF, 0x01, 0xFF, 0xFF, 0x01, 0x00, 0x00, 0x00,
    0x34, 0x17, 0x87, 0x85, 0xBB, 0xFF, 0xBE, 0xBD, 0xFD, 0xBE, 0xBD, 0xFE,
    0xBE, 0xDD, 0xFF, 0xBE, 0xDD, 0xFE, 0x8D, 0xDC, 0xFF, 0x6D, 0x3A, 0xFF,
    0x75, 0x3A, 0xFF, 0x75, 0x5A, 0xFF, 0x7D, 0x5A, 0xFF, 0x9D, 0xFB, 0xFF,
    0xB6, 0x9D, 0xFF, 0xAE, 0x7C, 0xFF, 0xA6, 0x3C, 0xFF, 0x9D, 0xFB, 0xFF,
    0x9D, 0xFB, 0xFF, 0x9E, 0x1B, 0xFF, 0x9E, 0x1C, 0xFF, 0xBE, 0xBD, 0xFF,
    0xC6, 0xFE, 0xFF, 0xC6, 0xDD, 0xFF, 0xC6, 0xFD, 0xFF, 0xBE, 0xBD, 0xFC,
    0x75, 0x7B, 0xFF, 0x3C, 0x16, 0x3A, 0x00, 0x00, 0x00, 0x00, 0x1F, 0x01,
    0x00, 0x00, 0x00, 0x00, 0x00, 0x00, 0x00, 0x00, 0x00, 0x00, 0x00, 0x00,
    0x00, 0x00, 0x00, 0x00, 0x00, 0x00, 0x07, 0xFF, 0x01, 0x55, 0x55, 0x03,
    0x03, 0xEF, 0x04, 0x3C, 0x17, 0xAC, 0x95, 0xFC, 0xFF, 0xBE, 0xBD, 0xFE,
    0xBE, 0xDD, 0xFF, 0xBE, 0xDD, 0xFF, 0xC6, 0xDD, 0xFD, 0xC6, 0xDD, 0xFF,
    0xC6, 0xDD, 0xFF, 0xAE, 0x7C, 0xFF, 0x8D, 0xDB, 0xFF, 0x75, 0x5A, 0xFF,
    0x85, 0x7A, 0xFF, 0xB6, 0x9D, 0xFF, 0xC6, 0xDE, 0xFF, 0xC6, 0xFE, 0xFF,
    0xC6, 0xFE, 0xFF, 0xAE, 0x7C, 0xFF, 0xA6, 0x3C, 0xFF, 0xA6, 0x3C, 0xFF,
    0xAE, 0x5C, 0xFF, 0xB6, 0xBD, 0xFF, 0xBE, 0xDD, 0xFF, 0xB6, 0x9D, 0xFC,
    0x75, 0x7B, 0xFF, 0x33, 0xF6, 0x28, 0x00, 0x00, 0x00, 0x07, 0xFF, 0x01,
    0x00, 0x00, 0x00, 0x00, 0x00, 0x00, 0x00, 0x00, 0x00, 0x00, 0x00, 0x00,
    0x00, 0x00, 0x00, 0x00, 0x00, 0x00, 0x00, 0x00, 0x00, 0x07, 0xFF, 0x01,
    0x00, 0x00, 0x00, 0x1B, 0x75, 0x1C, 0x54, 0xB9, 0xED, 0xAE, 0x5D, 0xFF,
    0xBE, 0xDD, 0xFF, 0xBE, 0xBD, 0xFF, 0xC6, 0xDD, 0xFF, 0xD7, 0x1E, 0xFF,
    0xDF, 0x7E, 0xFF, 0xEF, 0x9F, 0xFF, 0xE7, 0x9F, 0xFF, 0xBE, 0x9D, 0xFF,
    0x85, 0x9A, 0xFF, 0x85, 0x7A, 0xFF, 0xBE, 0x9D, 0xFF, 0xBE, 0xDD, 0xFF,
    0xBE, 0xBD, 0xFF, 0xC6, 0xDD, 0xFF, 0xC6, 0xDE, 0xFF, 0xB6, 0x9D, 0xFF,
    0xBE, 0xBD, 0xFF, 0xBE, 0xBD, 0xFF, 0xBE, 0xDD, 0xFF, 0xB6, 0x7D, 0xFD,
    0x6D, 0x3A, 0xFF, 0x34, 0x17, 0x1F, 0x00, 0x00, 0x00, 0x07, 0xFF, 0x01,
    0x00, 0x00, 0x00, 0x00, 0x00, 0x00, 0x00, 0x00, 0x00, 0x00, 0x00, 0x00,
    0x00, 0x00, 0x00, 0x00, 0x00, 0x00, 0x00, 0x00, 0x00, 0x00, 0x00, 0x00,
    0x00, 0x1F, 0x01, 0x00, 0x00, 0x00, 0x3C, 0x17, 0x7E, 0x85, 0xBC, 0xFF,
    0xB6, 0x9D, 0xFD, 0xBE, 0xDD, 0xFF, 0xC6, 0xDE, 0xFF, 0xCF, 0x1E, 0xFF,
    0xDF, 0x5E, 0xFF, 0xDF, 0x5E, 0xFF, 0xDF, 0x7E, 0xFF, 0xE7, 0x7F, 0xFF,
    0xC6, 0xDD, 0xFF, 0x85, 0x9B, 0xFF, 0x95, 0xDB, 0xFF, 0xBE, 0xDD, 0xFF,
    0xBE, 0xBD, 0xFF, 0xBE, 0xBD, 0xFF, 0xBE, 0xBD, 0xFF, 0xCF, 0x1E, 0xFF,
    0xCE, 0xFE, 0xFF, 0xC6, 0xFE, 0xFF, 0xC6, 0xDD, 0xFE, 0xAE, 0x5C, 0xFF,
    0x5C, 0xD9, 0xF6, 0x1B, 0xD6, 0x1B, 0x00, 0x00, 0x00, 0x07, 0xFF, 0x01,
    0x00, 0x00, 0x00, 0x00, 0x00, 0x00, 0x00, 0x00, 0x00, 0x00, 0x00, 0x00,
    0x00, 0x00, 0x00, 0x00, 0x00, 0x00, 0x00, 0x00, 0x00, 0x00, 0x00, 0x00,
    0x07, 0xFF, 0x01, 0x00, 0x1F, 0x01, 0x0B, 0x34, 0x19, 0x54, 0x98, 0xEC,
    0xAE, 0x5D, 0xFD, 0xBE, 0xBD, 0xFE, 0xBE, 0xDD, 0xFF, 0xCE, 0xFD, 0xFF,
    0xD7, 0x3E, 0xFF, 0xDF, 0x5E, 0xFF, 0xD7, 0x3E, 0xFF, 0xDF, 0x5E, 0xFF,
    0xD7, 0x3E, 0xFF, 0xBE, 0xBD, 0xFF, 0x85, 0x7A, 0xFF, 0xB6, 0x9D, 0xFF,
    0xBE, 0xBD, 0xFF, 0xBE, 0xBD, 0xFF, 0xCF, 0x1E, 0xFF, 0xC6, 0xFE, 0xFF,
    0xC6, 0xFE, 0xFF, 0xD7, 0x3E, 0xFF, 0xCE, 0xFD, 0xFE, 0xA6, 0x3C, 0xFF,
    0x54, 0xB8, 0xDC, 0x03, 0x15, 0x15, 0x00, 0x00, 0x00, 0x00, 0x1F, 0x01,
    0x00, 0x00, 0x00, 0x00, 0x00, 0x00, 0x00, 0x00, 0x00, 0x00, 0x00, 0x00,
    0x00, 0x00, 0x00, 0x00, 0x00, 0x00, 0x00, 0x00, 0x00, 0x00, 0x00, 0x00,
    0x00, 0x00, 0x00, 0x00, 0x1F, 0x01, 0x00, 0x00, 0x01, 0x3C, 0x37, 0x80,
    0x8D, 0xDC, 0xFF, 0xBE, 0xBD, 0xFB, 0xBE, 0xBD, 0xFF, 0xBE, 0xDE, 0xFF,
    0xCE, 0xFE, 0xFF, 0xD7, 0x3E, 0xFF, 0xD7, 0x3E, 0xFF, 0xD7, 0x1E, 0xFF,
    0xCF, 0x1E, 0xFF, 0xC6, 0xDD, 0xFF, 0xAE, 0x5C, 0xFF, 0x9D, 0xFB, 0xFF,
    0xBE, 0xDE, 0xFF, 0xBE, 0xDD, 0xFF, 0xC6, 0xFE, 0xFF, 0xC6, 0xFE, 0xFF,
    0xD7, 0x3D, 0xFF, 0xE7, 0x7E, 0xFF, 0xCE, 0xFE, 0xFD, 0x9D, 0xFC, 0xFF,
    0x4C, 0x98, 0xB8, 0x02, 0x31, 0x0B, 0x00, 0x00, 0x00, 0x00, 0x1F, 0x01,
    0x00, 0x00, 0x00, 0x00, 0x00, 0x00, 0x00, 0x00, 0x00, 0x00, 0x00, 0x00,
    0x00, 0x00, 0x00, 0x00, 0x00, 0x00, 0x00, 0x00, 0x00, 0x00, 0x00, 0x00,
    0x00, 0x00, 0x00, 0x7B, 0xFF, 0x02, 0x00, 0x00, 0x00, 0x13, 0x75, 0x27,
    0x5C, 0xD9, 0xE7, 0xAE, 0x5D, 0xFC, 0xC6, 0xDD, 0xFC, 0xBE, 0xBD, 0xFF,
    0xC6, 0xDD, 0xFF, 0xC6, 0xFD, 0xFF, 0xCE, 0xFD, 0xFF, 0xCF, 0x1E, 0xFF,
    0xC6, 0xFD, 0xFF, 0xC6, 0xDD, 0xFF, 0xB6, 0x9D, 0xFF, 0x9E, 0x1C, 0xFF,
    0xC6, 0xDD, 0xFF, 0xBE, 0xDD, 0xFF, 0xC6, 0xFE, 0xFF, 0xD7, 0x1E, 0xFF,
    0xDF, 0x5E, 0xFF, 0xE7, 0x9E, 0xFF, 0xBE, 0xBD, 0xFA, 0x85, 0xBC, 0xFE,
    0x4C, 0x78, 0x80, 0x00, 0x00, 0x01, 0x00, 0x00, 0x00, 0x00, 0x00, 0x00,
    0x00, 0x00, 0x00, 0x00, 0x00, 0x00, 0x00, 0x00, 0x00, 0x00, 0x00, 0x00,
    0x00, 0x00, 0x00, 0x00, 0x00, 0x00, 0x00, 0x00, 0x00, 0x00, 0x00, 0x00,
    0x00, 0x00, 0x00, 0x00, 0x00, 0x00, 0x52, 0xB5, 0x03, 0x00, 0x0F, 0x02,
    0x34, 0x17, 0x74, 0x75, 0x5B, 0xFF, 0xBE, 0x7C, 0xFC, 0xC6, 0xDD, 0xFE,
    0xBE, 0xBD, 0xFF, 0xBE, 0xDD, 0xFF, 0xBE, 0xDD, 0xFF, 0xC6, 0xDE, 0xFF,
    0xC6, 0xDE, 0xFF, 0xBE, 0xDD, 0xFF, 0xB6, 0xBD, 0xFF, 0xAE, 0x7C, 0xFF,
    0xBE, 0xDD, 0xFF, 0xBE, 0xDD, 0xFF, 0xCF, 0x1E, 0xFF, 0xD7, 0x3E, 0xFF,
    0xE7, 0x7E, 0xFF, 0xD7, 0x1E, 0xFF, 0xA6, 0x1C, 0xFD, 0x6D, 0x1A, 0xFE,
    0x2B, 0xD6, 0x44, 0x00, 0x00, 0x00, 0x7B, 0xFF, 0x02, 0x00, 0x00, 0x00,
    0x00, 0x00, 0x00, 0x00, 0x00, 0x00, 0x00, 0x00, 0x00, 0x00, 0x00, 0x00,
    0x00, 0x00, 0x00, 0x00, 0x00, 0x00, 0x00, 0x00, 0x00, 0x00, 0x00, 0x00,
    0x00, 0x00, 0x00, 0x00, 0x00, 0x00, 0x07, 0xFF, 0x01, 0x7F, 0xFF, 0x02,
    0x02, 0xB2, 0x0C, 0x3C, 0x17, 0xA9, 0x85, 0xBB, 0xFF, 0xB6, 0x7C, 0xFE,
    0xC6, 0xDD, 0xFF, 0xBE, 0xDD, 0xFF, 0xBE, 0xDD, 0xFF, 0xBE, 0xDE, 0xFF,
    0xBE, 0xDD, 0xFF, 0xBE, 0xDD, 0xFF, 0xBE, 0xDD, 0xFF, 0xBE, 0xBD, 0xFF,
    0xBE, 0xDD, 0xFF, 0xC6, 0xDE, 0xFF, 0xCF, 0x1E, 0xFF, 0xD7, 0x3E, 0xFF,
    0xCF, 0x1E, 0xFF, 0xAE, 0x3C, 0xFB, 0x8D, 0xFC, 0xFF, 0x4C, 0x78, 0xB9,
    0x01, 0xD1, 0x0D, 0x00, 0x00, 0x00, 0x00, 0x1F, 0x01, 0x00, 0x00, 0x00,
    0x00, 0x00, 0x00, 0x00, 0x00, 0x00, 0x00, 0x00, 0x00, 0x00, 0x00, 0x00,
    0x00, 0x00, 0x00, 0x00, 0x00, 0x00, 0x00, 0x00, 0x00, 0x00, 0x00, 0x00,
    0x00, 0x00, 0x00, 0x00, 0x00, 0x00, 0x00, 0x00, 0x00, 0x00, 0x0F, 0x02,
    0x00, 0x00, 0x00, 0x03, 0x36, 0x0A, 0x3C, 0x37, 0xA6, 0x7D, 0x7B, 0xFF,
    0xA6, 0x3C, 0xFF, 0xBE, 0x9D, 0xFF, 0xBE, 0xBD, 0xFF, 0xBE, 0xBD, 0xFF,
    0xBE, 0xBD, 0xFF, 0xBE, 0xBD, 0xFF, 0xBE, 0xBD, 0xFF, 0xB6, 0xBD, 0xFF,
    0xBE, 0xBD, 0xFF, 0xBE, 0xBD, 0xFF, 0xBE, 0xDD, 0xFF, 0xB6, 0x9D, 0xFF,
    0xA6, 0x1C, 0xFD, 0x95, 0xDB, 0xFF, 0x64, 0xF9, 0xED, 0x1B, 0xB6, 0x43,
    0x00, 0x00, 0x00, 0x55, 0x5F, 0x03, 0x00, 0x00, 0x00, 0x00, 0x00, 0x00,
    0x00, 0x00, 0x00, 0x00, 0x00, 0x00, 0x00, 0x00, 0x00, 0x00, 0x00, 0x00,
    0x00, 0x00, 0x00, 0x00, 0x00, 0x00, 0x00, 0x00, 0x00, 0x00, 0x00, 0x00,
    0x00, 0x00, 0x00, 0x00, 0x00, 0x00, 0x00, 0x00, 0x00, 0x00, 0x00, 0x00,
    0x00, 0x1F, 0x01, 0x00, 0x00, 0x00, 0x00, 0x00, 0x00, 0x2B, 0xF6, 0x7C,
    0x5C, 0xD9, 0xFD, 0x85, 0x9B, 0xFF, 0x8D, 0xBB, 0xFF, 0x9D, 0xFC, 0xFF,
    0x9E, 0x1C, 0xFF, 0x9E, 0x1C, 0xFF, 0x9D, 0xFC, 0xFF, 0x9D, 0xFC, 0xFF,
    0x9E, 0x1C, 0xFF, 0x9E, 0x1C, 0xFF, 0x95, 0xFC, 0xFF, 0x8D, 0xBB, 0xFE,
    0x85, 0x9B, 0xFF, 0x5C, 0xD9, 0xF6, 0x23, 0xB6, 0x5E, 0x00, 0x00, 0x00,
    0x3B, 0xF7, 0x04, 0x00, 0x00, 0x00, 0x00, 0x00, 0x00, 0x00, 0x00, 0x00,
    0x00, 0x00, 0x00, 0x00, 0x00, 0x00, 0x00, 0x00, 0x00, 0x00, 0x00, 0x00,
    0x00, 0x00, 0x00, 0x00, 0x00, 0x00, 0x00, 0x00, 0x00, 0x00, 0x00, 0x00,
    0x00, 0x00, 0x00, 0x00, 0x00, 0x00, 0x00, 0x00, 0x00, 0x00, 0x00, 0x00,
    0x00, 0x00, 0x00, 0x00, 0x1F, 0x01, 0x00, 0x00, 0x00, 0x1B, 0xD5, 0x1B,
    0x54, 0xB9, 0xF4, 0x75, 0x3A, 0xFE, 0x75, 0x5A, 0xFF, 0x85, 0x7A, 0xFF,
    0x8D, 0xBB, 0xFF, 0x8D, 0xBB, 0xFF, 0x95, 0xBB, 0xFF, 0x8D, 0xBB, 0xFF,
    0x95, 0xDB, 0xFF, 0x95, 0xDB, 0xFF, 0x95, 0xDB, 0xFF, 0x7D, 0x7A, 0xFD,
    0x75, 0x5A, 0xFE, 0x5C, 0xD9, 0xE0, 0x0B, 0x54, 0x34, 0x00, 0x00, 0x00,
    0x02, 0xB5, 0x03, 0x00, 0x00, 0x00, 0x00, 0x00, 0x00, 0x00, 0x00, 0x00,
    0x00, 0x00, 0x00, 0x00, 0x00, 0x00, 0x00, 0x00, 0x00, 0x00, 0x00, 0x00,
    0x00, 0x00, 0x00, 0x00, 0x00, 0x00, 0x00, 0x00, 0x00, 0x00, 0x00, 0x00,
    0x00, 0x00, 0x00, 0x00, 0x00, 0x00, 0x00, 0x00, 0x00, 0x00, 0x00, 0x00,
    0x00, 0x00, 0x00, 0x00, 0x1F, 0x01, 0x00, 0x00, 0x00, 0x1B, 0xB5, 0x2F,
    0x6D, 0x3A, 0xFF, 0xBE, 0xBD, 0xFD, 0xC6, 0xDD, 0xFB, 0xB6, 0x7C, 0xFC,
    0xB6, 0x7C, 0xFD, 0xBE, 0xBD, 0xFE, 0xBE, 0xBD, 0xFE, 0xBE, 0xBD, 0xFE,
    0xBE, 0xBD, 0xFE, 0xB6, 0x9D, 0xFD, 0xB6, 0x9D, 0xFC, 0xBE, 0xBD, 0xF9,
    0xB6, 0x7D, 0xFF, 0x6D, 0x19, 0xF7, 0x0B, 0x75, 0x40, 0x00, 0x00, 0x00,
    0x55, 0x55, 0x03, 0x00, 0x00, 0x00, 0x00, 0x00, 0x00, 0x00, 0x00, 0x00,
    0x00, 0x00, 0x00, 0x00, 0x00, 0x00, 0x00, 0x00, 0x00, 0x00, 0x00, 0x00,
    0x00, 0x00, 0x00, 0x00, 0x00, 0x00, 0x00, 0x00, 0x00, 0x00, 0x00, 0x00,
    0x00, 0x00, 0x00, 0x00, 0x00, 0x00, 0x00, 0x00, 0x00, 0x00, 0x00, 0x00,
    0x00, 0x00, 0x00, 0x00, 0x00, 0x00, 0x00, 0x00, 0x00, 0x03, 0xEF, 0x02,
    0x3C, 0x37, 0x92, 0x6D, 0x3A, 0xFF, 0x9E, 0x3D, 0xFF, 0xBE, 0xBE, 0xFF,
    0xCF, 0x1E, 0xFF, 0xCF, 0x1E, 0xFF, 0xD7, 0x3E, 0xFF, 0xD7, 0x1E, 0xFF,
    0xCE, 0xFE, 0xFF, 0xBE, 0xDD, 0xFF, 0xAE, 0x7D, 0xFF, 0x8D, 0xFC, 0xFF,
    0x64, 0xF9, 0xF5, 0x3C, 0x37, 0x7C, 0x2B, 0xF5, 0x06, 0x07, 0xFF, 0x01,
    0x00, 0x00, 0x01, 0x00, 0x00, 0x00, 0x00, 0x00, 0x00, 0x00, 0x00, 0x00,
    0x00, 0x00, 0x00, 0x00, 0x00, 0x00, 0x00, 0x00, 0x00, 0x00, 0x00, 0x00,
    0x00, 0x00, 0x00, 0x00, 0x00, 0x00, 0x00, 0x00, 0x00, 0x00, 0x00, 0x00,
    0x00, 0x00, 0x00, 0x00, 0x00, 0x00, 0x00, 0x00, 0x00, 0x00, 0x00, 0x00,
    0x00, 0x00, 0x00, 0x00, 0x00, 0x00, 0x00, 0x00, 0x00, 0x00, 0x00, 0x00,
    0x00, 0x0C, 0x05, 0x23, 0xB5, 0x3F, 0x44, 0x57, 0x7B, 0x4C, 0x78, 0xAF,
    0x54, 0xB8, 0xD3, 0x5C, 0xD9, 0xEA, 0x64, 0xF9, 0xF2, 0x64, 0xF9, 0xF2,
    0x5C, 0xD9, 0xE8, 0x54, 0x98, 0xCE, 0x4C, 0x77, 0xA7, 0x3C, 0x57, 0x6E,
    0x1B, 0x95, 0x31, 0x00, 0x00, 0x01, 0x00, 0x00, 0x00, 0x00, 0x00, 0x01,
    0x00, 0x00, 0x00, 0x00, 0x00, 0x00, 0x00, 0x00, 0x00, 0x00, 0x00, 0x00,
    0x00, 0x00, 0x00, 0x00, 0x00, 0x00, 0x00, 0x00, 0x00, 0x00, 0x00, 0x00,
    0x00, 0x00, 0x00, 0x00, 0x00, 0x00, 0x00, 0x00, 0x00, 0x00, 0x00, 0x00,
    0x00, 0x00, 0x00, 0x00, 0x00, 0x00, 0x00, 0x00, 0x00, 0x00, 0x00, 0x00,
    0x00, 0x00, 0x00, 0x00, 0x00, 0x00, 0x00, 0x00, 0x00, 0x00, 0x00, 0x01,
    0x00, 0x00, 0x00, 0x00, 0x00, 0x00, 0x00, 0x00, 0x00, 0x01, 0x6E, 0x0B,
    0x02, 0x94, 0x13, 0x03, 0x35, 0x19, 0x13, 0x96, 0x1B, 0x13, 0x96, 0x1B,
    0x03, 0x34, 0x19, 0x02, 0x33, 0x12, 0x00, 0xEF, 0x08, 0x00, 0x00, 0x00,
    0x00, 0x00, 0x00, 0x00, 0x00, 0x00, 0x00, 0x00, 0x01, 0x00, 0x00, 0x00,
    0x00, 0x00, 0x00, 0x00, 0x00, 0x00, 0x00, 0x00, 0x00, 0x00, 0x00, 0x00,
    0x00, 0x00, 0x00, 0x00, 0x00, 0x00, 0x00, 0x00, 0x00, 0x00, 0x00, 0x00,
};

const lv_img_dsc_t img_gesture_love = {
    .header.cf = LV_IMG_CF_TRUE_COLOR_ALPHA,
    .header.always_zero = 0,
    .header.reserved = 0,
    .header.w = 36,
    .header.h = 36,
    .data_size = 3888,
    .data = img_gesture_love_data,
};

/* gesture: stop (36x36) */
static const uint8_t img_gesture_stop_data[3888] = {
    0x00, 0x00, 0x00, 0x00, 0x00, 0x00, 0x00, 0x00, 0x00, 0x00, 0x00, 0x00,
    0x00, 0x00, 0x00, 0x00, 0x00, 0x00, 0x00, 0x00, 0x00, 0x00, 0x00, 0x00,
    0x00, 0x00, 0x00, 0x00, 0x1F, 0x01, 0x3B, 0xF7, 0x04, 0x00, 0x00, 0x00,
    0x00, 0x00, 0x00, 0x00, 0x00, 0x00, 0x00, 0x0A, 0x09, 0x01, 0x91, 0x14,
    0x02, 0xF4, 0x1B, 0x1B, 0x95, 0x1F, 0x1B, 0x95, 0x1F, 0x0B, 0x35, 0x1B,
    0x01, 0xF1, 0x14, 0x00, 0x0C, 0x0A, 0x00, 0x00, 0x00, 0x00, 0x00, 0x00,
    0x00, 0x00, 0x00, 0x3B, 0xF7, 0x04, 0x07, 0xFF, 0x01, 0x00, 0x00, 0x00,
    0x00, 0x00, 0x00, 0x00, 0x00, 0x00, 0x00, 0x00, 0x00, 0x00, 0x00, 0x00,
    0x00, 0x00, 0x00, 0x00, 0x00, 0x00, 0x00, 0x00, 0x00, 0x00, 0x00, 0x00,
    0x00, 0x00, 0x00, 0x00, 0x00, 0x00, 0x00, 0x00, 0x00, 0x00, 0x00, 0x00,
    0x00, 0x00, 0x00, 0x00, 0x00, 0x00, 0x00, 0x00, 0x00, 0x00, 0x00, 0x00,
    0x03, 0xFF, 0x02, 0xFF, 0xFF, 0x02, 0x00, 0x00, 0x00, 0x00, 0x0D, 0x07,
    0x0B, 0x34, 0x34, 0x5C, 0xD8, 0x68, 0x6C, 0xF9, 0xA8, 0x75, 0x59, 0xD4,
    0x85, 0x9A, 0xF0, 0x8D, 0xBA, 0xFF, 0x8D, 0xDA, 0xFF, 0x85, 0x9A, 0xF2,
    0x75, 0x59, 0xD7, 0x6C, 0xF9, 0xAE, 0x5C, 0xD8, 0x70, 0x1B, 0x75, 0x38,
    0x00, 0xAE, 0x0B, 0x00, 0x00, 0x00, 0xFF, 0xFF, 0x01, 0x52, 0xB5, 0x03,
    0x00, 0x00, 0x00, 0x00, 0x00, 0x00, 0x00, 0x00, 0x00, 0x00, 0x00, 0x00,
    0x00, 0x00, 0x00, 0x00, 0x00, 0x00, 0x00, 0x00, 0x00, 0x00, 0x00, 0x00,
    0x00, 0x00, 0x00, 0x00, 0x00, 0x00, 0x00, 0x00, 0x00, 0x00, 0x00, 0x00,
    0x00, 0x00, 0x00, 0x00, 0x00, 0x00, 0x00, 0x00, 0x00, 0x55, 0x5F, 0x03,
    0x00, 0x00, 0x00, 0x00, 0x00, 0x00, 0x1B, 0x95, 0x4C, 0x6D, 0x19, 0xA5,
    0x8D, 0xBA, 0xF7, 0xC7, 0x1E, 0xFF, 0xEF, 0xDF, 0xFF, 0xFF, 0xFF, 0xFF,
    0xFF, 0xFF, 0xFF, 0xFF, 0xFF, 0xFE, 0xFF, 0xFF, 0xFE, 0xFF, 0xFF, 0xFF,
    0xFF, 0xFF, 0xFF, 0xEF, 0xDF, 0xFF, 0xC7, 0x1F, 0xFF, 0x8D, 0xDA, 0xFE,
    0x6D, 0x19, 0xAD, 0x23, 0xB6, 0x54, 0x00, 0x00, 0x01, 0x00, 0x00, 0x00,
    0x3B, 0xF7, 0x04, 0x00, 0x00, 0x00, 0x00, 0x00, 0x00, 0x00, 0x00, 0x00,
    0x00, 0x00, 0x00, 0x00, 0x00, 0x00, 0x00, 0x00, 0x00, 0x00, 0x00, 0x00,
    0x00, 0x00, 0x00, 0x00, 0x00, 0x00, 0x00, 0x00, 0x00, 0x00, 0x00, 0x00,
    0x00, 0x00, 0x00, 0x00, 0x00, 0x00, 0x03, 0xEF, 0x02, 0x00, 0x00, 0x00,
    0x02, 0xD3, 0x22, 0x54, 0x98, 0x9E, 0x95, 0xFB, 0xFA, 0xDF, 0x9F, 0xFF,
    0xFF, 0xFF, 0xFE, 0xFF, 0xFF, 0xFA, 0xF7, 0xDF, 0xFC, 0xEF, 0xBE, 0xFD,
    0xEF, 0x9E, 0xFE, 0xE7, 0x7E, 0xFE, 0xE7, 0x7E, 0xFE, 0xEF, 0x9E, 0xFE,
    0xEF, 0xBE, 0xFD, 0xF7, 0xDF, 0xFC, 0xFF, 0xFF, 0xFA, 0xFF, 0xFF, 0xFD,
    0xE7, 0x9F, 0xFF, 0x9E, 0x1B, 0xFF, 0x5C, 0xB8, 0xAA, 0x13, 0x33, 0x2D,
    0x00, 0x00, 0x00, 0x03, 0xFF, 0x02, 0x00, 0x00, 0x00, 0x00, 0x00, 0x00,
    0x00, 0x00, 0x00, 0x00, 0x00, 0x00, 0x00, 0x00, 0x00, 0x00, 0x00, 0x00,
    0x00, 0x00, 0x00, 0x00, 0x00, 0x00, 0x00, 0x00, 0x00, 0x00, 0x00, 0x00,
    0x00, 0x00, 0x00, 0x00, 0x00, 0x00, 0x00, 0x00, 0x00, 0x23, 0x96, 0x41,
    0x6D, 0x19, 0xDA, 0xCF, 0x1E, 0xFF, 0xF7, 0xFF, 0xFE, 0xF7, 0xDF, 0xFA,
    0xE7, 0x9E, 0xFD, 0xDF, 0x5E, 0xFE, 0xCE, 0xFD, 0xFF, 0xBE, 0x9D, 0xFF,
    0xB6, 0x7D, 0xFF, 0xAE, 0x7D, 0xFF, 0xAE, 0x7D, 0xFF, 0xB6, 0x7D, 0xFF,
    0xBE, 0xBD, 0xFF, 0xCE, 0xFD, 0xFF, 0xDF, 0x5E, 0xFF, 0xE7, 0x9E, 0xFD,
    0xF7, 0xDF, 0xFA, 0xF7, 0xFF, 0xFE, 0xD7, 0x3E, 0xFF, 0x75, 0x5A, 0xE0,
    0x2B, 0xD5, 0x50, 0x00, 0x00, 0x00, 0x00, 0x00, 0x00, 0x00, 0x00, 0x00,
    0x00, 0x00, 0x00, 0x00, 0x00, 0x00, 0x00, 0x00, 0x00, 0x00, 0x00, 0x00,
    0x00, 0x00, 0x00, 0x00, 0x00, 0x00, 0x00, 0x00, 0x00, 0x00, 0x00, 0x00,
    0x07, 0xFF, 0x01, 0x00, 0x00, 0x00, 0x33, 0xD6, 0x4D, 0x7D, 0x5A, 0xF2,
    0xE7, 0x9F, 0xFF, 0xF7, 0xDF, 0xFB, 0xE7, 0x7E, 0xFD, 0xDF, 0x3E, 0xFD,
    0xBE, 0xBD, 0xFF, 0x9E, 0x1C, 0xFF, 0x7D, 0x5A, 0xFF, 0x5C, 0xB8, 0xF7,
    0x4C, 0x78, 0xD6, 0x4C, 0x37, 0xBE, 0x44, 0x57, 0xBD, 0x4C, 0x77, 0xD4,
    0x5C, 0xB8, 0xF5, 0x75, 0x39, 0xFF, 0x9E, 0x1C, 0xFF, 0xC6, 0xFE, 0xFF,
    0xDF, 0x5E, 0xFF, 0xE7, 0x7E, 0xFE, 0xF7, 0xDF, 0xFB, 0xE7, 0x9F, 0xFF,
    0x85, 0x9A, 0xF6, 0x3C, 0x16, 0x5F, 0x00, 0x00, 0x00, 0x07, 0xFF, 0x01,
    0x00, 0x00, 0x00, 0x00, 0x00, 0x00, 0x00, 0x00, 0x00, 0x00, 0x00, 0x00,
    0x00, 0x00, 0x00, 0x00, 0x00, 0x00, 0x00, 0x00, 0x00, 0x00, 0x1F, 0x01,
    0x00, 0x00, 0x00, 0x2B, 0xB5, 0x3F, 0x75, 0x59, 0xF5, 0xE7, 0x9F, 0xFF,
    0xEF, 0x9F, 0xFD, 0xDF, 0x3E, 0xFF, 0xCE, 0xFD, 0xFD, 0x9E, 0x1C, 0xFF,
    0x6C, 0xF9, 0xF3, 0x44, 0x16, 0xB7, 0x33, 0xF6, 0x54, 0x3C, 0x78, 0x12,
    0x00, 0x0A, 0x03, 0x00, 0x00, 0x02, 0x00, 0x00, 0x02, 0x00, 0x0F, 0x02,
    0x2B, 0xF5, 0x10, 0x33, 0xB5, 0x4D, 0x3C, 0x16, 0xB1, 0x6C, 0xF9, 0xEB,
    0xAE, 0x5C, 0xFE, 0xDF, 0x3E, 0xFF, 0xDF, 0x5E, 0xFF, 0xEF, 0x9E, 0xFD,
    0xE7, 0x9F, 0xFF, 0x85, 0x7A, 0xFC, 0x33, 0xD5, 0x53, 0x00, 0x00, 0x00,
    0x03, 0xFF, 0x02, 0x00, 0x00, 0x00, 0x00, 0x00, 0x00, 0x00, 0x00, 0x00,
    0x00, 0x00, 0x00, 0x00, 0x00, 0x00, 0x03, 0xEF, 0x02, 0x00, 0x00, 0x00,
    0x13, 0x54, 0x1D, 0x64, 0xF8, 0xE1, 0xDF, 0x5F, 0xFF, 0xE7, 0x7E, 0xFE,
    0xD7, 0x3E, 0xFF, 0xBE, 0xBD, 0xFD, 0x85, 0x9B, 0xFF, 0x4C, 0x37, 0xC7,
    0x2B, 0x74, 0x45, 0x00, 0x00, 0x00, 0x00, 0x00, 0x00, 0x00, 0x00, 0x00,
    0x00, 0x00, 0x00, 0x00, 0x00, 0x00, 0x00, 0x00, 0x00, 0x00, 0x00, 0x00,
    0x00, 0x00, 0x00, 0x00, 0x00, 0x00, 0x00, 0x00, 0x00, 0x13, 0x14, 0x4D,
    0x64, 0xD8, 0xFB, 0xDF, 0x5E, 0xFF, 0xD7, 0x3E, 0xFF, 0xD7, 0x3E, 0xFF,
    0xE7, 0x7E, 0xFE, 0xDF, 0x7F, 0xFF, 0x6D, 0x19, 0xED, 0x23, 0x95, 0x2D,
    0x00, 0x00, 0x00, 0x02, 0xB5, 0x03, 0x00, 0x00, 0x00, 0x00, 0x00, 0x00,
    0x00, 0x00, 0x00, 0x00, 0x00, 0x00, 0x52, 0xB5, 0x03, 0x3B, 0xF7, 0x04,
    0x4C, 0x57, 0xAA, 0xBE, 0xDE, 0xFF, 0xE7, 0x7E, 0xFE, 0xD7, 0x3E, 0xFE,
    0xC6, 0xBD, 0xFC, 0x7D, 0x5A, 0xFF, 0x3C, 0x16, 0xA1, 0x02, 0x73, 0x0D,
    0x00, 0x00, 0x00, 0x7B, 0xFF, 0x02, 0x07, 0xFF, 0x01, 0x00, 0x00, 0x00,
    0x00, 0x00, 0x00, 0x00, 0x00, 0x00, 0x00, 0x00, 0x00, 0x00, 0x00, 0x00,
    0x55, 0x55, 0x03, 0x00, 0x00, 0x00, 0x02, 0xD3, 0x19, 0x64, 0xD8, 0xAD,
    0xC6, 0xDD, 0xFF, 0xDF, 0x5E, 0xFE, 0xD7, 0x3E, 0xFF, 0xDF, 0x3E, 0xFF,
    0xD7, 0x3E, 0xFF, 0xE7, 0x7E, 0xFE, 0xC6, 0xFE, 0xFF, 0x54, 0x77, 0xBC,
    0x03, 0x55, 0x0C, 0x3B, 0xEF, 0x04, 0x00, 0x1F, 0x01, 0x00, 0x00, 0x00,
    0x00, 0x00, 0x00, 0x3D, 0xF7, 0x04, 0x00, 0x00, 0x00, 0x1B, 0x95, 0x51,
    0x95, 0xDB, 0xF4, 0xE7, 0x7F, 0xFD, 0xD7, 0x3E, 0xFE, 0xCE, 0xFE, 0xFC,
    0x8D, 0xBB, 0xFF, 0x3B, 0xF6, 0xA2, 0x02, 0x4D, 0x07, 0xFF, 0xFF, 0x01,
    0x3B, 0xEF, 0x04, 0x00, 0x00, 0x00, 0x00, 0x00, 0x00, 0x00, 0x00, 0x00,
    0x00, 0x00, 0x00, 0x00, 0x00, 0x00, 0x00, 0x00, 0x00, 0x7B, 0xFF, 0x02,
    0x00, 0x00, 0x00, 0x02, 0x31, 0x16, 0x5C, 0xB7, 0xB2, 0xC7, 0x1E, 0xFF,
    0xE7, 0x7E, 0xFE, 0xD7, 0x1E, 0xFE, 0xD7, 0x3E, 0xFF, 0xCE, 0xFD, 0xFD,
    0xD7, 0x1E, 0xFF, 0xD7, 0x3E, 0xFE, 0xE7, 0x7F, 0xFC, 0x9E, 0x1C, 0xF7,
    0x2B, 0xB5, 0x64, 0x00, 0x00, 0x00, 0x64, 0xD9, 0x05, 0x00, 0x00, 0x00,
    0x07, 0xFF, 0x01, 0x7B, 0xEF, 0x02, 0x01, 0xEF, 0x08, 0x5C, 0x98, 0xB0,
    0xC6, 0xFE, 0xFF, 0xE7, 0x5E, 0xFB, 0xD7, 0x1E, 0xFC, 0xA6, 0x5D, 0xFF,
    0x4C, 0x57, 0xC4, 0x13, 0x13, 0x0D, 0x00, 0x00, 0x00, 0x52, 0xB5, 0x03,
    0x00, 0x00, 0x00, 0x00, 0x00, 0x00, 0x00, 0x00, 0x00, 0x00, 0x00, 0x00,
    0x00, 0x00, 0x00, 0x00, 0x00, 0x00, 0x52, 0xB5, 0x03, 0x00, 0x00, 0x00,
    0x01, 0xF1, 0x14, 0x5C, 0xB8, 0xB0, 0xC6, 0xFE, 0xFF, 0xEF, 0x9F, 0xFA,
    0xD7, 0x1E, 0xFE, 0xD7, 0x3E, 0xFF, 0xB6, 0x7D, 0xFF, 0x6C, 0xF9, 0xFF,
    0x95, 0xFB, 0xFF, 0xD7, 0x1E, 0xFF, 0xDF, 0x5E, 0xFC, 0xCF, 0x1F, 0xFF,
    0x64, 0xD8, 0xBF, 0x02, 0xF2, 0x13, 0xFF, 0xFF, 0x01, 0xFF, 0xFF, 0x01,
    0x3B, 0xF7, 0x04, 0x00, 0x00, 0x00, 0x0A, 0xF3, 0x40, 0x85, 0x9A, 0xEF,
    0xDF, 0x5E, 0xFE, 0xD7, 0x1E, 0xFC, 0xC6, 0xDE, 0xFE, 0x75, 0x19, 0xF0,
    0x23, 0x74, 0x4A, 0x00, 0x00, 0x00, 0x33, 0x33, 0x05, 0x00, 0x00, 0x00,
    0x00, 0x00, 0x00, 0x00, 0x00, 0x00, 0x00, 0x00, 0x00, 0x00, 0x00, 0x00,
    0x00, 0x00, 0x00, 0x05, 0x55, 0x03, 0x00, 0x00, 0x00, 0x02, 0x31, 0x12,
    0x5C, 0xB8, 0xB0, 0xCE, 0xFE, 0xFF, 0xEF, 0xBF, 0xFB, 0xD7, 0x1E, 0xFE,
    0xD7, 0x1E, 0xFC, 0xB6, 0x7D, 0xFF, 0x64, 0xB8, 0xE4, 0x23, 0x54, 0x7B,
    0x64, 0xD9, 0xDD, 0xBE, 0xBE, 0xFF, 0xD7, 0x1E, 0xFC, 0xDF, 0x5E, 0xFD,
    0x8D, 0x9A, 0xFB, 0x23, 0x74, 0x4F, 0x00, 0x00, 0x00, 0x3B, 0xF7, 0x04,
    0x3B, 0xF7, 0x04, 0x00, 0x00, 0x00, 0x44, 0x57, 0x76, 0xA6, 0x7D, 0xFF,
    0xDF, 0x3E, 0xF9, 0xCE, 0xFE, 0xFC, 0xAE, 0x5D, 0xFF, 0x44, 0x36, 0xB5,
    0x00, 0x00, 0x00, 0x34, 0xD9, 0x05, 0x00, 0x00, 0x01, 0x00, 0x00, 0x00,
    0x00, 0x00, 0x00, 0x00, 0x00, 0x00, 0x00, 0x00, 0x00, 0x00, 0x00, 0x00,
    0x02, 0xAA, 0x03, 0x00, 0x00, 0x00, 0x02, 0x50, 0x11, 0x5C, 0x97, 0xB0,
    0xC6, 0xFE, 0xFF, 0xF7, 0xBF, 0xFC, 0xD7, 0x1E, 0xFF, 0xD7, 0x1E, 0xFD,
    0xAE, 0x7D, 0xFF, 0x5C, 0xB8, 0xEB, 0x2B, 0x74, 0x4F, 0x00, 0x00, 0x00,
    0x3C, 0x16, 0xA5, 0x9E, 0x1C, 0xFF, 0xCF, 0x1D, 0xFD, 0xDF, 0x3E, 0xF9,
    0xAE, 0x9E, 0xFF, 0x54, 0x77, 0x88, 0x00, 0x00, 0x01, 0x7F, 0xFF, 0x02,
    0x00, 0x00, 0x00, 0x00, 0xEF, 0x08, 0x64, 0xD8, 0xA8, 0xBE, 0xDE, 0xFF,
    0xCE, 0xFE, 0xFA, 0xC6, 0xFE, 0xFF, 0x85, 0x9A, 0xFA, 0x23, 0x95, 0x61,
    0x00, 0x00, 0x00, 0x3B, 0xEF, 0x04, 0x00, 0x00, 0x00, 0x00, 0x00, 0x00,
    0x00, 0x00, 0x00, 0x00, 0x00, 0x00, 0x00, 0x00, 0x00, 0x03, 0xEF, 0x02,
    0x00, 0x00, 0x00, 0x0A, 0xD2, 0x11, 0x54, 0x98, 0xAF, 0xC6, 0xFE, 0xFF,
    0xF7, 0xBF, 0xFE, 0xD7, 0x1E, 0xFF, 0xCE, 0xDD, 0xFE, 0xAE, 0x5D, 0xFF,
    0x5C, 0xB8, 0xED, 0x23, 0x95, 0x4D, 0x00, 0x00, 0x00, 0x00, 0x00, 0x00,
    0x1B, 0x54, 0x46, 0x7D, 0x3A, 0xF4, 0xC6, 0xDE, 0xFF, 0xD7, 0x1E, 0xFA,
    0xC6, 0xFE, 0xFF, 0x6C, 0xF9, 0xBC, 0x01, 0xB0, 0x13, 0x00, 0x00, 0x00,
    0x00, 0x00, 0x00, 0x02, 0x32, 0x1D, 0x6D, 0x19, 0xCE, 0xCE, 0xFE, 0xFF,
    0xC6, 0xDE, 0xFC, 0xC6, 0xDE, 0xFF, 0x6C, 0xF9, 0xE9, 0x33, 0xD4, 0x1D,
    0x00, 0x00, 0x00, 0x00, 0x1F, 0x01, 0x00, 0x00, 0x00, 0x00, 0x00, 0x00,
    0x00, 0x00, 0x00, 0x00, 0x00, 0x00, 0x7B, 0xFF, 0x02, 0x00, 0x00, 0x00,
    0x0A, 0xF2, 0x13, 0x54, 0x77, 0xAE, 0xBE, 0xDE, 0xFF, 0xEF, 0xBF, 0xFD,
    0xCE, 0xFE, 0xFF, 0xC6, 0xDD, 0xFE, 0xAE, 0x5D, 0xFF, 0x64, 0xB8, 0xEC,
    0x2B, 0x95, 0x4B, 0x00, 0x00, 0x00, 0x52, 0xB5, 0x03, 0x00, 0x1F, 0x01,
    0x2B, 0x55, 0x0C, 0x5C, 0xB8, 0xE3, 0xBE, 0xBE, 0xFF, 0xCE, 0xFE, 0xFB,
    0xCF, 0x1E, 0xFF, 0x75, 0x19, 0xE2, 0x02, 0x93, 0x28, 0x00, 0x00, 0x00,
    0x00, 0x00, 0x00, 0x02, 0xB2, 0x2A, 0x75, 0x19, 0xE7, 0xCE, 0xFE, 0xFF,
    0xC6, 0xDD, 0xFC, 0xBE, 0xDE, 0xFF, 0x5C, 0x98, 0xDD, 0xFF, 0xE0, 0x01,
    0x7B, 0xEF, 0x02, 0x00, 0x00, 0x00, 0x00, 0x00, 0x00, 0x00, 0x00, 0x00,
    0x00, 0x00, 0x00, 0x7B, 0xFF, 0x02, 0x00, 0x00, 0x00, 0x02, 0xB3, 0x12,
    0x54, 0x77, 0xAB, 0xBE, 0xBE, 0xFF, 0xEF, 0xBF, 0xFB, 0xCE, 0xFE, 0xFF,
    0xC6, 0xBD, 0xFD, 0xA6, 0x3D, 0xFF, 0x64, 0xB8, 0xEE, 0x2B, 0x95, 0x4D,
    0x00, 0x00, 0x00, 0x52, 0xBF, 0x03, 0x00, 0x00, 0x00, 0x52, 0xB5, 0x03,
    0x00, 0x00, 0x00, 0x4C, 0x77, 0xCB, 0xB6, 0x9D, 0xFF, 0xC6, 0xDD, 0xFD,
    0xCE, 0xFE, 0xFE, 0x75, 0x59, 0xFA, 0x13, 0x54, 0x34, 0x00, 0x00, 0x00,
    0x00, 0x00, 0x00, 0x03, 0x14, 0x31, 0x75, 0x39, 0xF3, 0xC6, 0xFE, 0xFF,
    0xBE, 0xBD, 0xFD, 0xBE, 0xDE, 0xFF, 0x54, 0x98, 0xD0, 0x00, 0x00, 0x01,
    0x55, 0x55, 0x03, 0x00, 0x00, 0x00, 0x00, 0x00, 0x00, 0x00, 0x00, 0x00,
    0x7B, 0xFF, 0x02, 0x00, 0x00, 0x00, 0x02, 0x6F, 0x10, 0x4C, 0x77, 0xA9,
    0xB6, 0x9D, 0xFF, 0xEF, 0x9F, 0xFA, 0xC6, 0xDD, 0xFE, 0xBE, 0xBD, 0xFD,
    0xA6, 0x3C, 0xFF, 0x64, 0xB8, 0xEF, 0x2B, 0xB4, 0x4F, 0x00, 0x00, 0x00,
    0x34, 0xD3, 0x05, 0x00, 0x00, 0x00, 0x00, 0x00, 0x00, 0x7B, 0xFF, 0x02,
    0x00, 0x1F, 0x01, 0x44, 0x57, 0xB3, 0xB6, 0x9D, 0xFF, 0xBE, 0xBD, 0xFE,
    0xCE, 0xFE, 0xFC, 0x7D, 0x7A, 0xFF, 0x23, 0xB5, 0x3A, 0x00, 0x00, 0x00,
    0x00, 0x00, 0x00, 0x0B, 0x14, 0x2F, 0x75, 0x39, 0xF2, 0xC6, 0xDE, 0xFF,
    0xBE, 0xBD, 0xFD, 0xBE, 0xDE, 0xFF, 0x54, 0x98, 0xD1, 0x00, 0x00, 0x00,
    0x55, 0x55, 0x03, 0x00, 0x00, 0x00, 0x00, 0x00, 0x00, 0x03, 0xFF, 0x02,
    0x00, 0x00, 0x00, 0x02, 0x71, 0x0D, 0x4C, 0x77, 0xA7, 0xAE, 0x7D, 0xFF,
    0xE7, 0x7F, 0xFA, 0xC6, 0xDD, 0xFE, 0xBE, 0x9D, 0xFC, 0xA6, 0x3C, 0xFF,
    0x5C, 0xB8, 0xEE, 0x2B, 0x95, 0x50, 0x00, 0x00, 0x00, 0x64, 0xD3, 0x05,
    0x00, 0x00, 0x00, 0x00, 0x00, 0x00, 0x00, 0x00, 0x00, 0x7B, 0xFF, 0x02,
    0x00, 0x00, 0x00, 0x4C, 0x57, 0xB8, 0xB6, 0x9D, 0xFF, 0xBE, 0xBD, 0xFE,
    0xC6, 0xDE, 0xFC, 0x7D, 0x5A, 0xFF, 0x2B, 0x75, 0x39, 0x00, 0x00, 0x00,
    0x00, 0x00, 0x00, 0x02, 0xD3, 0x28, 0x6D, 0x19, 0xE3, 0xC6, 0xDE, 0xFF,
    0xBE, 0xBD, 0xFC, 0xC6, 0xFE, 0xFF, 0x64, 0xD8, 0xE1, 0x03, 0xEF, 0x02,
    0x7B, 0xEF, 0x02, 0x00, 0x00, 0x00, 0x03, 0xEF, 0x02, 0x00, 0x00, 0x00,
    0x01, 0xEF, 0x0C, 0x54, 0x77, 0xA4, 0xAE, 0x7D, 0xFF, 0xDF, 0x3E, 0xFC,
    0xC6, 0xBD, 0xFE, 0xBE, 0x9D, 0xFD, 0xA6, 0x1C, 0xFF, 0x5C, 0xB8, 0xEF,
    0x2B, 0x95, 0x51, 0x00, 0x00, 0x00, 0x3B, 0xF7, 0x04, 0x00, 0x00, 0x00,
    0x00, 0x00, 0x00, 0x00, 0x00, 0x00, 0x00, 0x00, 0x00, 0x55, 0x55, 0x03,
    0x00, 0x00, 0x00, 0x54, 0x98, 0xD1, 0xBE, 0xBE, 0xFF, 0xBE, 0xBD, 0xFD,
    0xC6, 0xDD, 0xFF, 0x75, 0x19, 0xF6, 0x13, 0x34, 0x32, 0x00, 0x00, 0x00,
    0x00, 0x00, 0x00, 0x02, 0x31, 0x19, 0x64, 0xD8, 0xC7, 0xBE, 0xBE, 0xFF,
    0xC6, 0xBD, 0xFB, 0xC6, 0xFE, 0xFF, 0x7D, 0x5A, 0xED, 0x2B, 0x95, 0x2C,
    0x00, 0x00, 0x01, 0x55, 0x5F, 0x03, 0x00, 0x00, 0x00, 0x02, 0xB5, 0x0C,
    0x4C, 0x57, 0xA6, 0xA6, 0x5D, 0xFF, 0xD7, 0x1E, 0xFD, 0xBE, 0xBD, 0xFF,
    0xB6, 0x9D, 0xFE, 0xA6, 0x1C, 0xFF, 0x64, 0xB8, 0xF1, 0x23, 0x95, 0x53,
    0x00, 0x00, 0x00, 0x55, 0x55, 0x03, 0x00, 0x00, 0x00, 0x00, 0x00, 0x00,
    0x00, 0x00, 0x00, 0x00, 0x00, 0x00, 0x00, 0x00, 0x01, 0x00, 0x00, 0x00,
    0x1B, 0x54, 0x11, 0x6C, 0xF9, 0xE6, 0xC6, 0xDE, 0xFF, 0xBE, 0xBD, 0xFC,
    0xBE, 0xBE, 0xFF, 0x6C, 0xF9, 0xDA, 0x02, 0xB2, 0x24, 0x00, 0x00, 0x00,
    0x00, 0x00, 0x00, 0x01, 0x4F, 0x06, 0x5C, 0xB8, 0x9B, 0xA6, 0x7E, 0xFE,
    0xC6, 0xDE, 0xF9, 0xC6, 0xDD, 0xFF, 0xA6, 0x3C, 0xFB, 0x33, 0xD6, 0x73,
    0x07, 0xFF, 0x01, 0x7F, 0xFF, 0x02, 0x02, 0x73, 0x0D, 0x4C, 0x77, 0xA3,
    0xA6, 0x5D, 0xFF, 0xCE, 0xFE, 0xFD, 0xBE, 0xBD, 0xFF, 0xBE, 0x9D, 0xFE,
    0xA6, 0x1C, 0xFF, 0x64, 0xB8, 0xF1, 0x2B, 0x74, 0x52, 0x00, 0x00, 0x00,
    0x03, 0xEF, 0x02, 0x00, 0x00, 0x00, 0x00, 0x00, 0x00, 0x00, 0x00, 0x00,
    0x00, 0x00, 0x00, 0x00, 0x00, 0x00, 0x3B, 0xF7, 0x04, 0x07, 0xFF, 0x01,
    0x23, 0xB5, 0x5A, 0x95, 0xFB, 0xF8, 0xC6, 0xDE, 0xFF, 0xC6, 0xBD, 0xFB,
    0xAE, 0x7D, 0xFE, 0x5C, 0x98, 0xB0, 0x02, 0xF4, 0x0B, 0x00, 0x00, 0x00,
    0x3B, 0xF7, 0x04, 0x00, 0x00, 0x00, 0x3B, 0xF6, 0x6A, 0x8D, 0xDC, 0xFF,
    0xC6, 0xDD, 0xFB, 0xC6, 0xBD, 0xFD, 0xC6, 0xDE, 0xFF, 0x5C, 0xB8, 0xC5,
    0x52, 0xB5, 0x03, 0x02, 0x73, 0x0A, 0x4C, 0x77, 0xA1, 0xA6, 0x5D, 0xFF,
    0xCE, 0xFE, 0xFA, 0xBE, 0xBD, 0xFF, 0xBE, 0x9D, 0xFD, 0xA6, 0x1C, 0xFF,
    0x64, 0xB8, 0xF2, 0x2B, 0x95, 0x54, 0x00, 0x00, 0x00, 0x39, 0xF7, 0x04,
    0x00, 0x00, 0x00, 0x00, 0x00, 0x00, 0x00, 0x00, 0x00, 0x00, 0x00, 0x00,
    0x00, 0x00, 0x00, 0x00, 0x00, 0x00, 0x55, 0x55, 0x03, 0x00, 0x00, 0x00,
    0x4C, 0x77, 0xB0, 0xBE, 0xBE, 0xFF, 0xC6, 0xBD, 0xFD, 0xC6, 0xDD, 0xF9,
    0x96, 0x1D, 0xFF, 0x44, 0x37, 0x7B, 0x00, 0x00, 0x00, 0x55, 0x55, 0x03,
    0x39, 0xEF, 0x04, 0x00, 0x00, 0x00, 0x13, 0x33, 0x32, 0x6D, 0x19, 0xE2,
    0xBE, 0xBD, 0xFF, 0xBE, 0xBD, 0xFC, 0xCE, 0xFE, 0xFF, 0x9D, 0xFB, 0xF9,
    0x23, 0x75, 0x73, 0x54, 0x98, 0x8E, 0xA6, 0x5D, 0xFF, 0xCE, 0xFE, 0xFA,
    0xBE, 0xBD, 0xFE, 0xBE, 0x9D, 0xFD, 0xA6, 0x1C, 0xFF, 0x64, 0xB8, 0xF4,
    0x2B, 0xB5, 0x55, 0x00, 0x00, 0x00, 0x33, 0x33, 0x05, 0x00, 0x00, 0x00,
    0x00, 0x00, 0x00, 0x00, 0x00, 0x00, 0x00, 0x00, 0x00, 0x00, 0x00, 0x00,
    0x00, 0x00, 0x00, 0x34, 0xD9, 0x05, 0x00, 0x00, 0x00, 0x13, 0x54, 0x4B,
    0x8D, 0xBA, 0xF6, 0xCE, 0xFE, 0xFF, 0xBE, 0xBD, 0xFC, 0xBE, 0x9D, 0xFD,
    0x75, 0x3A, 0xED, 0x1B, 0x95, 0x41, 0x00, 0x00, 0x00, 0x3D, 0xF7, 0x04,
    0x00, 0x00, 0x00, 0x3B, 0xF7, 0x04, 0x03, 0xEF, 0x02, 0x44, 0x37, 0x9E,
    0x9E, 0x3D, 0xFF, 0xC6, 0xBD, 0xFB, 0xC6, 0xBD, 0xFF, 0xC6, 0xDD, 0xFF,
    0x85, 0x7A, 0xF9, 0x9D, 0xFB, 0xFD, 0xCE, 0xFE, 0xFE, 0xBE, 0x9D, 0xFE,
    0xBE, 0xBD, 0xFC, 0xA6, 0x1C, 0xFF, 0x64, 0xD8, 0xF4, 0x2B, 0xB5, 0x58,
    0x00, 0x00, 0x00, 0x7D, 0xF7, 0x04, 0x00, 0x00, 0x00, 0x00, 0x00, 0x00,
    0x00, 0x00, 0x00, 0x00, 0x00, 0x00, 0x00, 0x00, 0x00, 0x00, 0x00, 0x00,
    0x3B, 0xF7, 0x04, 0x00, 0x00, 0x00, 0x02, 0x71, 0x1D, 0x64, 0xF8, 0xC9,
    0xC6, 0xFE, 0xFF, 0xC6, 0xDD, 0xFC, 0xBE, 0xBD, 0xFB, 0x9E, 0x3D, 0xFF,
    0x54, 0x77, 0xAE, 0x01, 0xF7, 0x04, 0x7B, 0xFF, 0x02, 0x00, 0x1F, 0x01,
    0x00, 0x00, 0x00, 0x3B, 0xF7, 0x04, 0x00, 0x00, 0x00, 0x1B, 0xB5, 0x3B,
    0x6C, 0xF9, 0xEC, 0xB6, 0x9D, 0xFE, 0xBE, 0xBD, 0xFE, 0xBE, 0xBD, 0xFF,
    0xCE, 0xFD, 0xFF, 0xC6, 0xDD, 0xFF, 0xBE, 0xBD, 0xFF, 0xBE, 0xBD, 0xFE,
    0xA6, 0x3D, 0xFF, 0x64, 0xD8, 0xF7, 0x2B, 0xB5, 0x5B, 0x00, 0x00, 0x00,
    0x3B, 0xF7, 0x04, 0x00, 0x00, 0x00, 0x00, 0x00, 0x00, 0x00, 0x00, 0x00,
    0x00, 0x00, 0x00, 0x00, 0x00, 0x00, 0x03, 0xEF, 0x02, 0x33, 0x39, 0x05,
    0x00, 0x00, 0x00, 0x02, 0x4F, 0x0E, 0x54, 0x98, 0xA9, 0xB6, 0xBD, 0xFF,
    0xD7, 0x1E, 0xFB, 0xBE, 0xBD, 0xFE, 0xB6, 0x7D, 0xFE, 0x6D, 0x19, 0xF6,
    0x2B, 0xB5, 0x4D, 0x00, 0x00, 0x00, 0x3B, 0xF7, 0x04, 0x00, 0x00, 0x00,
    0x00, 0x00, 0x00, 0x00, 0x00, 0x00, 0x3B, 0xF7, 0x04, 0x00, 0x00, 0x00,
    0x3B, 0xF6, 0x8A, 0x85, 0xBB, 0xFF, 0xBE, 0xBD, 0xFB, 0xBE, 0xBD, 0xFF,
    0xBE, 0xBD, 0xFF, 0xBE, 0xBD, 0xFF, 0xBE, 0xBD, 0xFF, 0xA6, 0x3C, 0xFF,
    0x64, 0xF9, 0xE2, 0x33, 0xF6, 0x56, 0x00, 0x00, 0x00, 0x4C, 0x96, 0x07,
    0x52, 0xB5, 0x03, 0x03, 0xEF, 0x02, 0x03, 0xEF, 0x02, 0x7B, 0xFF, 0x02,
    0x3B, 0xF7, 0x04, 0x53, 0xF5, 0x06, 0x00, 0x00, 0x00, 0x00, 0x00, 0x00,
    0x02, 0xB3, 0x26, 0x5C, 0xB8, 0xB0, 0xB6, 0x9D, 0xFF, 0xDF, 0x3E, 0xFD,
    0xBE, 0xBD, 0xFF, 0xB6, 0x9D, 0xFC, 0x8D, 0xBB, 0xFF, 0x44, 0x37, 0x9D,
    0x00, 0x00, 0x00, 0x52, 0xB5, 0x03, 0x00, 0x1F, 0x01, 0x00, 0x00, 0x00,
    0x00, 0x00, 0x00, 0x00, 0x00, 0x00, 0x00, 0x00, 0x01, 0x03, 0xEF, 0x02,
    0x33, 0xF4, 0x0E, 0x4C, 0x57, 0xC3, 0x95, 0xFC, 0xFF, 0xBE, 0x9D, 0xFD,
    0xBE, 0xBD, 0xFF, 0xBE, 0xBD, 0xFF, 0xBE, 0xBD, 0xFF, 0x95, 0xDB, 0xFF,
    0x33, 0xF6, 0xB9, 0x00, 0x6D, 0x10, 0x00, 0x00, 0x00, 0x00, 0x00, 0x00,
    0x00, 0x00, 0x00, 0x00, 0x00, 0x00, 0x00, 0x00, 0x00, 0x00, 0x00, 0x00,
    0x00, 0x00, 0x00, 0x00, 0x00, 0x00, 0x01, 0xF1, 0x14, 0x33, 0xD6, 0x65,
    0x75, 0x39, 0xDB, 0xC6, 0xFE, 0xFF, 0xDF, 0x5E, 0xFD, 0xC6, 0xBD, 0xFF,
    0xB6, 0x7D, 0xFD, 0x95, 0xFC, 0xFF, 0x54, 0x97, 0xD2, 0x33, 0xB6, 0x1A,
    0x03, 0xEF, 0x02, 0xFF, 0xFF, 0x01, 0x00, 0x00, 0x00, 0x00, 0x00, 0x00,
    0x00, 0x00, 0x00, 0x00, 0x00, 0x00, 0x00, 0x00, 0x00, 0x07, 0xFF, 0x01,
    0x00, 0x00, 0x00, 0x33, 0xB5, 0x25, 0x54, 0x98, 0xDA, 0x9D, 0xFC, 0xFF,
    0xB6, 0x9D, 0xFD, 0xBE, 0xBD, 0xFF, 0xBE, 0xBD, 0xFF, 0xB6, 0x9D, 0xFF,
    0x95, 0xDB, 0xFF, 0x75, 0x39, 0xCC, 0x4C, 0x57, 0x8A, 0x1B, 0x34, 0x55,
    0x02, 0xD3, 0x2D, 0x02, 0x91, 0x19, 0x02, 0xD3, 0x17, 0x02, 0xB2, 0x2A,
    0x13, 0x34, 0x4F, 0x3C, 0x36, 0x85, 0x75, 0x59, 0xC2, 0xA6, 0x5C, 0xFF,
    0xE7, 0x9F, 0xFF, 0xDF, 0x5E, 0xFC, 0xBE, 0xBD, 0xFF, 0xB6, 0x7D, 0xFD,
    0x9D, 0xFC, 0xFF, 0x5C, 0xB8, 0xE8, 0x2B, 0xB5, 0x34, 0x00, 0x00, 0x00,
    0x07, 0xFF, 0x01, 0x00, 0x00, 0x00, 0x00, 0x00, 0x00, 0x00, 0x00, 0x00,
    0x00, 0x00, 0x00, 0x00, 0x00, 0x00, 0x00, 0x00, 0x00, 0x00, 0x00, 0x00,
    0x03, 0xEF, 0x02, 0x00, 0x00, 0x00, 0x2B, 0xD5, 0x2E, 0x54, 0x98, 0xD3,
    0x95, 0xDC, 0xFF, 0xB6, 0x7C, 0xFD, 0xBE, 0x9D, 0xFE, 0xBE, 0xBD, 0xFF,
    0xCE, 0xDE, 0xFE, 0xC6, 0xFE, 0xFF, 0xB6, 0xBE, 0xFF, 0xA6, 0x3B, 0xF4,
    0x95, 0xDB, 0xDF, 0x85, 0x9A, 0xD5, 0x85, 0x9A, 0xD4, 0x95, 0xBA, 0xDE,
    0xAE, 0x3C, 0xF2, 0xC6, 0xFE, 0xFF, 0xE7, 0x9F, 0xFF, 0xEF, 0x9F, 0xFB,
    0xCE, 0xFE, 0xFC, 0xB6, 0x9D, 0xFE, 0xAE, 0x3C, 0xFE, 0x95, 0xDC, 0xFF,
    0x5C, 0xB8, 0xE1, 0x33, 0xF6, 0x3D, 0x00, 0x00, 0x00, 0x03, 0xEF, 0x02,
    0x00, 0x00, 0x00, 0x00, 0x00, 0x00, 0x00, 0x00, 0x00, 0x00, 0x00, 0x00,
    0x00, 0x00, 0x00, 0x00, 0x00, 0x00, 0x00, 0x00, 0x00, 0x00, 0x00, 0x00,
    0x00, 0x00, 0x00, 0x55, 0x5F, 0x03, 0x00, 0x00, 0x00, 0x2B, 0x73, 0x20,
    0x54, 0x56, 0xB3, 0x7D, 0x59, 0xFF, 0xA6, 0x3C, 0xFF, 0xB6, 0x7D, 0xFF,
    0xBE, 0x9D, 0xFC, 0xC6, 0xBD, 0xFA, 0xCE, 0xFD, 0xFB, 0xDF, 0x3E, 0xFF,
    0xDF, 0x7F, 0xFF, 0xE7, 0x9F, 0xFF, 0xE7, 0x9F, 0xFF, 0xE7, 0x9F, 0xFF,
    0xE7, 0x9F, 0xFF, 0xDF, 0x5E, 0xFB, 0xCE, 0xFD, 0xFA, 0xBE, 0x9D, 0xFC,
    0xAE, 0x5C, 0xFF, 0xA6, 0x1C, 0xFF, 0x85, 0x9B, 0xFF, 0x54, 0x77, 0xC3,
    0x33, 0xD4, 0x2A, 0x00, 0x00, 0x00, 0x55, 0x5F, 0x03, 0x00, 0x00, 0x00,
    0x00, 0x00, 0x00, 0x00, 0x00, 0x00, 0x00, 0x00, 0x00, 0x00, 0x00, 0x00,
    0x00, 0x00, 0x00, 0x00, 0x00, 0x00, 0x00, 0x00, 0x00, 0x00, 0x00, 0x00,
    0x00, 0x00, 0x00, 0x00, 0x00, 0x00, 0x03, 0xEF, 0x02, 0x00, 0x00, 0x00,
    0x00, 0x00, 0x01, 0x4C, 0x15, 0x64, 0x64, 0xB7, 0xDB, 0x8D, 0x9B, 0xFC,
    0xAE, 0x5D, 0xFF, 0xB6, 0x7D, 0xFF, 0xB6, 0x5C, 0xFE, 0xBE, 0x7D, 0xF9,
    0xBE, 0x9D, 0xF9, 0xBE, 0x9D, 0xF9, 0xBE, 0x9D, 0xF8, 0xBE, 0x9D, 0xF8,
    0xB6, 0x7D, 0xF9, 0xB6, 0x5C, 0xFE, 0xAE, 0x5D, 0xFF, 0xA6, 0x3D, 0xFF,
    0x95, 0xBB, 0xFF, 0x6C, 0xD8, 0xE4, 0x4C, 0x56, 0x7D, 0x33, 0xF6, 0x0A,
    0x00, 0x00, 0x00, 0x07, 0xFF, 0x02, 0x00, 0x00, 0x00, 0x00, 0x00, 0x00,
    0x00, 0x00, 0x00, 0x00, 0x00, 0x00, 0x00, 0x00, 0x00, 0x00, 0x00, 0x00,
    0x00, 0x00, 0x00, 0x00, 0x00, 0x00, 0x00, 0x00, 0x00, 0x00, 0x00, 0x00,
    0x00, 0x00, 0x00, 0x00, 0x00, 0x00, 0x00, 0x00, 0x00, 0x00, 0x00, 0x01,
    0x00, 0x00, 0x00, 0x00, 0x00, 0x00, 0x4B, 0x33, 0x0A, 0x5C, 0x98, 0x6B,
    0x75, 0x3A, 0xC2, 0x8D, 0xBC, 0xE7, 0xA6, 0x3D, 0xFF, 0xB6, 0xBF, 0xFF,
    0xB6, 0xBF, 0xFF, 0xB6, 0xBF, 0xFF, 0xB6, 0xBF, 0xFF, 0xB6, 0xBF, 0xFF,
    0xB6, 0x9F, 0xFF, 0xA6, 0x3D, 0xFF, 0x95, 0xDB, 0xEA, 0x75, 0x39, 0xCA,
    0x54, 0x96, 0x81, 0x44, 0x34, 0x19, 0x00, 0x00, 0x00, 0x00, 0x00, 0x00,
    0x00, 0x00, 0x01, 0x00, 0x00, 0x00, 0x00, 0x00, 0x00, 0x00, 0x00, 0x00,
    0x00, 0x00, 0x00, 0x00, 0x00, 0x00, 0x00, 0x00, 0x00, 0x00, 0x00, 0x00,
    0x00, 0x00, 0x00, 0x00, 0x00, 0x00, 0x00, 0x00, 0x00, 0x00, 0x00, 0x00,
    0x00, 0x00, 0x00, 0x00, 0x00, 0x00, 0x00, 0x00, 0x00, 0x00, 0x00, 0x00,
    0x00, 0x00, 0x00, 0x07, 0xFF, 0x01, 0x00, 0x00, 0x00, 0x00, 0x00, 0x00,
    0x00, 0x00, 0x00, 0x85, 0x9B, 0x3B, 0x8D, 0xDD, 0x70, 0x96, 0x1D, 0x92,
    0xA6, 0x7E, 0xA8, 0xAE, 0x7E, 0xB2, 0xAE, 0x7E, 0xAB, 0xA6, 0x3D, 0xA2,
    0x95, 0xFC, 0x92, 0x7D, 0x7A, 0x73, 0x64, 0xF8, 0x40, 0x7D, 0xF7, 0x04,
    0x00, 0x00, 0x00, 0x00, 0x00, 0x00, 0x7B, 0xEF, 0x02, 0x00, 0x00, 0x00,
    0x00, 0x00, 0x00, 0x00, 0x00, 0x00, 0x00, 0x00, 0x00, 0x00, 0x00, 0x00,
    0x00, 0x00, 0x00, 0x00, 0x00, 0x00, 0x00, 0x00, 0x00, 0x00, 0x00, 0x00,
    0x00, 0x00, 0x00, 0x00, 0x00, 0x00, 0x00, 0x00, 0x00, 0x00, 0x00, 0x00,
    0x00, 0x00, 0x00, 0x00, 0x00, 0x00, 0x00, 0x00, 0x00, 0x00, 0x00, 0x00,
    0x00, 0x00, 0x00, 0x00, 0x00, 0x00, 0x00, 0x1F, 0x01, 0x3B, 0xF7, 0x04,
    0x55, 0x55, 0x03, 0x00, 0x00, 0x00, 0x00, 0x00, 0x00, 0x00, 0x00, 0x00,
    0x00, 0x00, 0x00, 0xFF, 0xFF, 0x04, 0x00, 0x00, 0x00, 0x00, 0x00, 0x00,
    0x00, 0x00, 0x00, 0x00, 0x00, 0x00, 0x00, 0x00, 0x00, 0xFF, 0xFF, 0x01,
    0x7D, 0xF7, 0x04, 0x07, 0xFF, 0x01, 0x00, 0x00, 0x00, 0x00, 0x00, 0x00,
    0x00, 0x00, 0x00, 0x00, 0x00, 0x00, 0x00, 0x00, 0x00, 0x00, 0x00, 0x00,
    0x00, 0x00, 0x00, 0x00, 0x00, 0x00, 0x00, 0x00, 0x00, 0x00, 0x00, 0x00,
    0x00, 0x00, 0x00, 0x00, 0x00, 0x00, 0x00, 0x00, 0x00, 0x00, 0x00, 0x00,
    0x00, 0x00, 0x00, 0x00, 0x00, 0x00, 0x00, 0x00, 0x00, 0x00, 0x00, 0x00,
    0x00, 0x00, 0x00, 0x00, 0x00, 0x00, 0x00, 0x00, 0x00, 0x00, 0x00, 0x00,
    0x00, 0x1F, 0x01, 0xAD, 0x5F, 0x03, 0x9E, 0x7F, 0x05, 0x7D, 0x5A, 0x06,
    0x7B, 0xFF, 0x02, 0x00, 0x00, 0x00, 0x00, 0x1F, 0x01, 0xAD, 0x5F, 0x03,
    0x7D, 0x5A, 0x06, 0x9E, 0x7F, 0x05, 0xAD, 0x5F, 0x03, 0x07, 0xFF, 0x01,
    0x00, 0x00, 0x00, 0x00, 0x00, 0x00, 0x00, 0x00, 0x00, 0x00, 0x00, 0x00,
    0x00, 0x00, 0x00, 0x00, 0x00, 0x00, 0x00, 0x00, 0x00, 0x00, 0x00, 0x00,
    0x00, 0x00, 0x00, 0x00, 0x00, 0x00, 0x00, 0x00, 0x00, 0x00, 0x00, 0x00,
    0x00, 0x00, 0x00, 0x00, 0x00, 0x00, 0x00, 0x00, 0x00, 0x00, 0x00, 0x00,
    0x00, 0x00, 0x00, 0x00, 0x00, 0x00, 0x00, 0x00, 0x00, 0x00, 0x00, 0x00,
    0x00, 0x00, 0x00, 0x00, 0x00, 0x00, 0x00, 0x00, 0x00, 0x00, 0x00, 0x00,
    0x00, 0x00, 0x00, 0x00, 0x00, 0x00, 0x00, 0x00, 0x00, 0x00, 0x00, 0x00,
    0xFF, 0xFF, 0x01, 0xFF, 0xFF, 0x01, 0xFF, 0xFF, 0x01, 0x07, 0xFF, 0x01,
    0x00, 0x00, 0x00, 0x00, 0x00, 0x00, 0x00, 0x00, 0x00, 0x00, 0x00, 0x00,
    0x00, 0x00, 0x00, 0x00, 0x00, 0x00, 0x00, 0x00, 0x00, 0x00, 0x00, 0x00,
    0x00, 0x00, 0x00, 0x00, 0x00, 0x00, 0x00, 0x00, 0x00, 0x00, 0x00, 0x00,
    0x00, 0x00, 0x00, 0x00, 0x00, 0x00, 0x00, 0x00, 0x00, 0x00, 0x00, 0x00,
};

const lv_img_dsc_t img_gesture_stop = {
    .header.cf = LV_IMG_CF_TRUE_COLOR_ALPHA,
    .header.always_zero = 0,
    .header.reserved = 0,
    .header.w = 36,
    .header.h = 36,
    .data_size = 3888,
    .data = img_gesture_stop_data,
};

